ISIN;WKN;Typ;Sparplan;Name
AN8068571086;853390;AKTIE;Ja;SCHLUMBERGER DL-,01
AT000000ETS9;A3EVYK;AKTIE;Ja;EUROTELESITES AG INH.
AT000000STR1;A0M23V;AKTIE;Ja;STRABAG SE
AT00000AMAG3;A1JFYU;AKTIE;Ja;AMAG AUSTRIA METALL INH.
AT00000FACC2;A1147K;AKTIE;Ja;FACC AG INH.AKT.
AT00000VIE62;A2AMK9;AKTIE;Ja;FLUGHAFEN WIEN AG
AT0000495288;A0F50W;FONDS;Nein;Raiffeisen-TopDividende-Aktien (R) A
AT0000600671;A0D9BV;FONDS;Nein;KEPLER Realzins Plus Rentenfonds - EUR ACC
AT0000606306;A0D9SU;AKTIE;Ja;RAIFFEISEN BK INTL INH.
AT0000609607;850185;AKTIE;Ja;PORR AG
AT0000615836;A0KFXB;FONDS;Nein;ARIQON Konservativ R T
AT0000634704;A0B6WX;FONDS;Nein;C-QUADRAT ARTS Total Return Balanced T
AT0000634712;A0B6WY;FONDS;Nein;C-QUADRAT ARTS Total Return Bond
AT0000634720;A0B6WZ;FONDS;Nein;C-QUADRAT ARTS Total Return Bond T
AT0000636733;A0B9ES;FONDS;Nein;Raiffeisen-EmergingMarkets-Rent (R) A
AT0000636758;A0B9EU;FONDS;Nein;Raiffeisen-EmergingMarkets-Rent (R) VTA
AT0000641352;876520;AKTIE;Ja;CA IMMOB.ANL.
AT0000642632;690005;FONDS;Nein;KEPLER Ethik Rentenfonds (T)
AT0000644505;852927;AKTIE;Ja;LENZING AG
AT0000645973;A0KFYK;FONDS;Nein;ERSTE RESPONSIBLE STOCK EUROPE EUR R01 T
AT0000646799;A0J36T;FONDS;Nein;ERSTE RESPONSIBLE STOCK GLOBAL EUR R01 T
AT0000652011;909943;AKTIE;Ja;ERSTE GROUP BNK INH. O.N.
AT0000653662;675304;FONDS;Nein;KEPLER Small Cap Aktienfonds (A)
AT0000653670;784560;FONDS;Nein;KEPLER Small Cap Aktienfonds (T)
AT0000653696;A0EANF;FONDS;Nein;KEPLER High Grade Corporate Rentenfonds (T)
AT0000671896;570744;FONDS;Nein;Amundi Öko Sozial Euro Government Bond - VA (C)
AT0000673165;A0LCY5;FONDS;Nein;ERSTE STOCK BIOTEC EUR R01 VTA
AT0000674916;577661;FONDS;Nein;Amundi Gold Stock - VA (C)
AT0000675657;693479;FONDS;Nein;KEPLER Ethik Aktienfonds (A)
AT0000675665;693474;FONDS;Nein;KEPLER Ethik Aktienfonds (T)
AT0000675764;662827;FONDS;Nein;ERSTE BOND USA CORPORATE EUR R01 A
AT0000675772;662828;FONDS;Nein;ERSTE BOND USA CORPORATE EUR R01 T
AT0000677901;633634;FONDS;Nein;Raiffeisen-Nachhaltigkeit-Aktien (R) A
AT0000677927;633636;FONDS;Nein;Raiffeisen-Nachhaltigkeit-Aktien (R) VTA
AT0000686084;A0KFXN;FONDS;Nein;ERSTE RESPONSIBLE BOND EUR R01 T
AT0000688668;A0B70A;FONDS;Nein;Raiffeisen-Energie-Aktien (R) A
AT0000688676;A0D90Y;FONDS;Nein;Raiffeisen-Energie-Aktien (R) T
AT0000688684;A0B70D;FONDS;Nein;Raiffeisen-Energie-Aktien (R) VTA
AT0000700786;765457;FONDS;Nein;ERSTE MORTGAGE EUR R01 T
AT0000704333;694675;FONDS;Nein;ERSTE STOCK ISTANBUL EUR R01 A
AT0000704341;694674;FONDS;Nein;ERSTE STOCK ISTANBUL EUR R01 T
AT0000707401;A0B5RD;FONDS;Nein;VPI World Invest TM T
AT0000712518;113595;FONDS;Nein;Raiffeisen-Euro-Corporates (R) A
AT0000712526;727519;FONDS;Nein;Raiffeisen-Euro-Corporates (R) T
AT0000712534;113597;FONDS;Nein;Raiffeisen-Euro-Corporates (R) VTA
AT0000720008;588811;AKTIE;Ja;TELEKOM AUSTRIA AG
AT0000722640;632986;FONDS;Nein;KEPLER Vorsorge Mixfonds (T)
AT0000722673;632988;FONDS;Nein;KEPLER Europa Rentenfonds (T)
AT0000724216;676316;FONDS;Nein;ERSTE BOND EURO CORPORATE EUR R01 A
AT0000724224;676317;FONDS;Nein;ERSTE BOND EURO CORPORATE EUR R01 T
AT0000724257;676318;FONDS;Nein;ERSTE BOND DOLLAR CORPORATE EUR R01 A
AT0000724307;778238;FONDS;Nein;ERSTE RESERVE EURO EUR R01 T
AT0000730007;632305;AKTIE;Ja;ANDRITZ AG
AT0000740642;591726;FONDS;Nein;Raiffeisen-Osteuropa-Rent (R) A
AT0000740659;591727;FONDS;Nein;Raiffeisen-Osteuropa-Rent (R) T
AT0000740667;622854;FONDS;Nein;Raiffeisen-Osteuropa-Rent (R) VTA
AT0000741053;878279;AKTIE;Ja;EVN AG
AT0000743059;874341;AKTIE;Ja;OMV AG
AT0000745856;591730;FONDS;Nein;Raiffeisen-Eurasien-Aktien (R) A
AT0000745864;591731;FONDS;Nein;Raiffeisen-Eurasien-Aktien (R) T
AT0000745872;622888;FONDS;Nein;Raiffeisen-Eurasien-Aktien (R) VTA
AT0000746409;877738;AKTIE;Ja;VERBUND AG INH. A
AT0000746748;676337;FONDS;Nein;ERSTE STOCK BIOTEC EUR R01 A
AT0000746755;676338;FONDS;Nein;ERSTE STOCK BIOTEC EUR R01 T
AT0000754270;937539;FONDS;Nein;Amundi Healthcare Stock - A (D)
AT0000754668;164689;FONDS;Nein;KEPLER Liquid Rentenfonds - EUR DIS
AT0000758305;919964;AKTIE;Ja;PALFINGER AG
AT0000765573;622902;FONDS;Nein;Raiffeisen-Nachhaltigkeit-ÖsterreichPlus-Aktien (R) VTA
AT0000768296;926219;FONDS;Nein;IQAM Bond Corporate (RT)
AT0000774492;926218;FONDS;Nein;IQAM Bond Corporate (RA)
AT0000779764;A0HGT7;FONDS;Nein;Kathrein Euro Bond (R) A
AT0000779772;A0DJ9C;FONDS;Nein;Kathrein Euro Bond (R) T
AT0000779798;A0D9FQ;FONDS;Nein;Kathrein Corporate Bond (R) T
AT0000781588;A0DQNJ;FONDS;Nein;Macquarie Portfolio Three
AT0000785209;357820;FONDS;Nein;Raiffeisen-Euro-ShortTerm-Rent (R) VTA
AT0000785225;534049;FONDS;Nein;Raiffeisen-Nachhaltigkeit-Europa-Aktien (R) VTA
AT0000785241;622904;FONDS;Nein;Raiffeisen-Osteuropa-Aktien (R) VTA
AT0000785308;622851;FONDS;Nein;Raiffeisen-Euro-Rent (R) VTA
AT0000785407;922985;AKTIE;Ja;FABASOFT AG
AT0000785555;870378;AKTIE;Ja;SEMPERIT AG HLDG
AT0000796529;921291;FONDS;Nein;Raiffeisen-Europa-HighYield (R) A
AT0000796537;921293;FONDS;Nein;Raiffeisen-Europa-HighYield (R) T
AT0000799846;921826;FONDS;Nein;KEPLER Europa Rentenfonds (A)
AT0000799861;921827;FONDS;Nein;KEPLER Vorsorge Rentenfonds - EUR DIS
AT0000803689;987852;FONDS;Nein;PRIME VALUES Growth – distribution unit A
AT0000805189;921190;FONDS;Nein;Raiffeisen-Nachhaltigkeit-ÖsterreichPlus-Aktien (R) T
AT0000805221;939379;FONDS;Nein;Raiffeisen-Nachhaltigkeit-Rent (R) T
AT0000805361;763716;FONDS;Nein;Raiffeisen-Nachhaltigkeit-Mix (R) T
AT0000805387;578452;FONDS;Nein;Raiffeisen-Nachhaltigkeit-Europa-Aktien (R) T
AT0000805445;658851;FONDS;Nein;Raiffeisen-Euro-Rent (R) T
AT0000805460;926160;FONDS;Nein;Raiffeisen-Osteuropa-Aktien (R) T
AT0000805486;938983;FONDS;Nein;Raiffeisen-Global-Rent (R) T
AT0000809165;676336;FONDS;Nein;ERSTE BOND EM GOVERNMENT EUR R01 T
AT0000810643;A0ES63;FONDS;Nein;ARIQON Multi Asset Ausgewogen T
AT0000810650;589994;FONDS;Nein;ARIQON Wachstum T
AT0000812938;989412;FONDS;Nein;ERSTE STOCK EUROPE EMERGING EUR R01 T
AT0000812979;502648;FONDS;Nein;ERSTE RESERVE EURO PLUS EUR R01 T
AT0000813001;989411;FONDS;Nein;ERSTE STOCK VIENNA T
AT0000815006;690004;FONDS;Nein;KEPLER Ethik Rentenfonds (A)
AT0000815402;852735;AKTIE;Ja;UBM DEVELOPMENT AG
AT0000817952;989031;FONDS;Nein;IQAM ShortTerm EUR (RT)
AT0000817960;989032;FONDS;Nein;IQAM SRI SparTrust M (RT)
AT0000817994;989030;FONDS;Nein;IQAM Balanced Protect 95 (RT)
AT0000818000;676583;FONDS;Nein;Seilern Global Trust T
AT0000818802;915210;AKTIE;Ja;DO + CO AG
AT0000820147;926162;FONDS;Nein;Raiffeisen-MegaTrends-ESG-Aktien (R) T
AT0000821103;928900;AKTIE;Ja;UNIQA INSURANCE GROUP AG
AT0000823281;987380;FONDS;Nein;IQAM Equity Emerging Markets (RT)
AT0000825393;541664;FONDS;Nein;C-QUADRAT ARTS Best Momentum T
AT0000831409;676334;FONDS;Nein;ERSTE BOND DANUBIA EUR R01 A
AT0000831706;852894;AKTIE;Ja;WIENERBERGER
AT0000834007;893975;AKTIE;Ja;WOLFORD AG
AT0000837307;A0JLPR;AKTIE;Ja;ZUMTOBEL GROUP AG INH. A
AT0000842521;988080;FONDS;Nein;ERSTE BOND EM GOVERNMENT EUR R01 A
AT0000856026;970877;FONDS;Nein;Amundi Öko Sozial Euro Government Bond - A (D)
AT0000857040;970962;FONDS;Nein;Amundi Gold Stock - A (D)
AT0000857164;A0ERMR;FONDS;Nein;Amundi Ethik Fonds - A (D)
AT0000857743;973094;FONDS;Nein;IQAM SRI SparTrust M (RA)
AT0000857750;973098;FONDS;Nein;IQAM Quality Equity Europe (RT)
AT0000857768;973093;FONDS;Nein;IQAM ShortTerm EUR (RA)
AT0000858105;971092;FONDS;Nein;ERSTE RESERVE EURO PLUS EUR R01 A
AT0000858147;970995;FONDS;Nein;ERSTE STOCK VIENNA A
AT0000858220;986263;FONDS;Nein;ERSTE BOND EURO MÜNDELRENT A
AT0000858428;971670;FONDS;Nein;ERSTE STOCK EUROPE EMERGING EUR R01 A
AT0000858527;972312;FONDS;Nein;ERSTE PORTFOLIO BOND EUROPE EUR R01 A
AT0000858907;972790;FONDS;Nein;RT VIF Versicherung International Fonds A
AT0000858956;603225;FONDS;Nein;RT VIF Versicherung International Fonds T
AT0000859509;971129;FONDS;Nein;Raiffeisen-Nachhaltigkeit-Rent (R) A
AT0000859517;971425;FONDS;Nein;Raiffeisen-Nachhaltigkeit-Mix (R) A
AT0000859541;602245;FONDS;Nein;Raiffeisen-Euro-ShortTerm-Rent (R) A
AT0000859582;971727;FONDS;Nein;Raiffeisen-Global-Rent (R) A
AT0000908504;A0ET17;AKTIE;Ja;VIENNA INSURANCE GRP INH.
AT0000922554;892502;AKTIE;Ja;ROSENBAUER INTL
AT0000934583;973105;FONDS;Nein;Seilern Global Trust A
AT0000936513;973205;FONDS;Nein;Raiffeisen-Osteuropa-Aktien (R) A
AT0000937503;897200;AKTIE;Ja;VOESTALPINE AG
AT0000938204;890447;AKTIE;Ja;MAYR-MELNHOF KARTON
AT0000946652;907391;AKTIE;Ja;SCHOELLER-BLECKMANN OILF.
AT0000961099;989221;FONDS;Nein;Klassik Nachhaltigkeit Mix (R) T
AT0000969787;921829;FONDS;Nein;KEPLER Vorsorge Mixfonds (A)
AT0000969985;922230;AKTIE;Ja;AT+S AUSTR.T.+SYSTEMT.
AT0000973029;986054;FONDS;Nein;PRIME VALUES Income – distribution unit A
AT0000986377;988493;FONDS;Nein;Raiffeisen-Nachhaltigkeit-Europa-Aktien (R) A
AT0000989090;986462;FONDS;Nein;ZZ1
AT0000996681;926452;FONDS;Nein;Raiffeisen-Euro-Rent (R) A
AT0000A00EY7;A0JNBC;FONDS;Nein;Portfolio Aktien Spezial ZKB Oe T
AT0000A00XX9;A0JL31;AKTIE;Ja;POLYTEC HLDG AG INH. EO 1
AT0000A01G95;A0LB1H;FONDS;Nein;ERSTE RESPONSIBLE BOND EUR R01 A
AT0000A01GL7;A0J36V;FONDS;Nein;ERSTE RESPONSIBLE STOCK GLOBAL EUR R01A
AT0000A03969;A0LFAL;FONDS;Nein;ERSTE RESPONSIBLE RESERVE EUR R01 T
AT0000A03K55;A0LFPX;FONDS;Nein;C-QUADRAT ARTS Total Return Garant VT
AT0000A05HQ5;A0MTAH;FONDS;Nein;ERSTE BOND EM CORPORATE EUR R01 A
AT0000A07FS1;A0M5MJ;FONDS;Nein;Raiffeisen-Russland-Aktien (R) VTA
AT0000A08EV6;A0NFHF;FONDS;Nein;C-QUADRAT ARTS Total Return Balanced
AT0000A090C9;A0NGWT;FONDS;Nein;IQAM Quality Equity Europe (RA)
AT0000A0E9W5;A0X9EJ;AKTIE;Ja;KONTRON AG O.N
AT0000A0PDE4;A1H9V0;FONDS;Nein;Dynamik Invest (T)
AT0000A0PHH8;A1JGB3;FONDS;Nein;ERSTE RESPONSIBLE BOND EURO CORPORATE EUR R01 A
AT0000A0PHJ4;A1JGB4;FONDS;Nein;ERSTE RESPONSIBLE BOND EURO CORPORATE EUR R01 T
AT0000A0PHK2;A1JGB5;FONDS;Nein;ERSTE RESPONSIBLE BOND EURO CORPORATE EUR R01 VTA
AT0000A10C72;A1WYS4;FONDS;Nein;Dynamik Ertrag (A)
AT0000A19296;A11876;FONDS;Nein;Ethik Mix Solide (T)
AT0000A1G718;A14ZPF;FONDS;Nein;ERSTE GLOBAL INCOME A
AT0000A21KS2;A2JN9W;AKTIE;Ja;CPI EUROPE AG INH.
AT0000A2B4T3;A2PT6U;FONDS;Ja;GlobalPortfolioOne (T)
AT0000A2BYD8;A2PZJ5;FONDS;Nein;ERSTE STOCK ENVIRONMENT EUR R01 A
AT0000A2BYE6;A2PZJ4;FONDS;Nein;ERSTE STOCK ENVIRONMENT EUR R01 T
AT0000A2BYG1;A2PZJ6;FONDS;Nein;ERSTE STOCK ENVIRONMENT EUR R01 VTIA
AT0000A325L0;A3D5BK;AKTIE;Ja;AUSTRIACARD HOLDINGS O.N.
AT0000A347S9;A3EEYP;FONDS;Ja;Fixed Income One (R) Fonds
AT0000A3EPA4;A40QVT;AKTIE;Ja;AMS-OSRAM AG
AT0000A3FW25;A40TC4;AKTIE;Ja;STEYR MOTORS AG
AT0000APOST4;A0JML5;AKTIE;Ja;OESTERREICH. POST AG
AT0000BAWAG2;A2DYJN;AKTIE;Ja;BAWAG GROUP AG
AT0000KTMI02;A2JKHY;AKTIE;Ja;PIERER MOBILITY AG
AT000ADDIKO0;A2PMK5;AKTIE;Ja;ADDIKO BANK AG INH.
AT000AGRANA3;A2NB37;AKTIE;Ja;AGRANA BET.AG INH.
AT000KAPSCH9;A0MUZU;AKTIE;Ja;KAPSCH TRAFFICCOM AG
AT000MULTIT2;A14UW2;FONDS;Nein;KEPLER Multi-Flex Potfolio (T)
AT000UMWELT5;A2N30B;FONDS;Nein;KEPLER Umwelt Aktienfonds T
ATFREQUENT09;A2PHG5;AKTIE;Ja;FREQUENTIS AG
ATMARINOMED6;A2N9MM;AKTIE;Ja;MARINOMED BIOTECH AG INH.
AU0000004772;A2JMMA;AKTIE;Ja;ADRIATIC METALS PLC CDIS
AU0000005159;A2JJ6E;AKTIE;Ja;JUPITER MINES LTD
AU00000088E2;A14PRT;AKTIE;Ja;88 ENERGY LTD
AU000000AAC9;763858;AKTIE;Ja;AUSTRALIAN AGRICULT.
AU000000ADY7;A0B9TU;AKTIE;Ja;ADMIRALTY RES
AU000000AEE7;A0JMMZ;AKTIE;Ja;AURA ENERGY LTD
AU000000AGL7;A12FQM;AKTIE;Ja;AGL ENERGY
AU000000AGY0;215419;AKTIE;Ja;ARGOSY MINERALS LTD.
AU000000AKP0;A1H5Q8;AKTIE;Ja;AUDIO PIXELS HOLDINGS LTD
AU000000ALK9;863617;AKTIE;Ja;ALKANE RESOURCES LTD.
AU000000ALL7;901652;AKTIE;Ja;ARISTOCRAT LEISURE
AU000000AMA8;A0KEP5;AKTIE;Ja;AMA GROUP LTD.
AU000000AMC4;A2PMGB;AKTIE;Ja;AMCOR PLC CDI/1 DL-,01
AU000000AMI1;A115FX;AKTIE;Ja;AURELIA METALS
AU000000AMP6;914928;AKTIE;Ja;AMP LTD.
AU000000ANG3;A0BLP7;AKTIE;Ja;AUSTIN ENGINEERING LTD.
AU000000ANN9;552832;AKTIE;Ja;ANSELL LTD.
AU000000ANO7;A0DP2L;AKTIE;Ja;ADVANCE ZINCTEK LTD.
AU000000ANZ3;A3D4V6;AKTIE;Ja;ANZ GROUP HLDGS LTD. O.N
AU000000AON7;A0M5PT;AKTIE;Ja;APOLLO MINERALS LTD
AU000000APA1;577578;AKTIE;Ja;APA GROUP STPLD. SECS.
AU000000APX3;A12HVN;AKTIE;Ja;APPEN LTD
AU000000ARB5;A14RPF;AKTIE;Ja;ARB CORP.
AU000000ARL4;A2DHES;AKTIE;Ja;ARDEA RESOURCES LTD. O.N.
AU000000ARU5;787896;AKTIE;Ja;ARAFURA RARE EARTHS LTD.
AU000000ARV3;A0MK5T;AKTIE;Ja;ARTEMIS RESOURCES LTD
AU000000ASB3;918412;AKTIE;Ja;AUSTAL LTD
AU000000ASN8;A2AC6W;AKTIE;Ja;ANSON RESOURCES LTD
AU000000ASP3;A0NGFS;AKTIE;Ja;ASPERMONT LTD
AU000000ASX7;916902;AKTIE;Ja;ASX LTD.
AU000000ATC9;A12E90;AKTIE;Ja;ALTECH BATTERIES
AU000000AUB9;A0HGQB;AKTIE;Ja;AUB GROUP LTD.
AU000000AUC7;A0YE9R;AKTIE;Ja;AUSGOLD LTD
AU000000AUZ8;A0BLDP;AKTIE;Ja;AUSTRALIAN MINES LTD.
AU000000AVH4;A2P8DT;AKTIE;Ja;AVITA MEDICAL CDIS/5/1
AU000000AVL6;A2ABRH;AKTIE;Ja;AUSTRALIAN VANADIUM LTD
AU000000AXE7;A0MWX3;AKTIE;Ja;ARCHER MATERIALS LTD.
AU000000AZJ1;A1J9LC;AKTIE;Ja;AURIZON HLDGS LTD
AU000000BCI0;A0LE2R;AKTIE;Ja;BCI MINERALS LTD.
AU000000BEN6;919400;AKTIE;Ja;BENDIGO + ADELAIDE BK LTD
AU000000BHP4;850524;AKTIE;Ja;BHP GROUP LTD. DL -,50
AU000000BKW4;860912;AKTIE;Ja;BRICKWORKS LTD
AU000000BKY0;911733;AKTIE;Ja;BERKELEY ENERGIA LTD.
AU000000BMN9;A0EAC6;AKTIE;Ja;BANNERMAN ENERGY LTD.
AU000000BOE4;A0MS65;AKTIE;Ja;BOSS ENERGY LTD.
AU000000BOQ8;338128;AKTIE;Ja;BANK OF QUEENSLAND LTD
AU000000BPT9;859699;AKTIE;Ja;BEACH ENERGY LTD.
AU000000BRG2;A0RC7E;AKTIE;Ja;BREVILLE GROUP LTD
AU000000BRN8;A14Z7W;AKTIE;Ja;BRAINCHIP HOLDINGS LTD
AU000000BSL0;633434;AKTIE;Ja;BLUESCOPE STEEL LTD.
AU000000BSX5;A2DGXT;AKTIE;Ja;BLACKSTONE MINERALS
AU000000BWP3;577633;AKTIE;Ja;BWP TRUST UNITS
AU000000BXB1;A0LA6D;AKTIE;Ja;BRAMBLES LTD
AU000000CAR3;A14PN8;AKTIE;Ja;CAR GROUP LTD.
AU000000CAV5;A0MJ31;AKTIE;Ja;CARNAVALE RESOURCES LTD
AU000000CBA7;882695;AKTIE;Ja;COMMONW.BK AUSTR.
AU000000CCE7;A2DJFY;AKTIE;Ja;CARNEGIE CLEAN EN.
AU000000CCP3;A0D99X;AKTIE;Ja;CREDIT CORP. GROUP LTD.
AU000000CHN7;A0JDKP;AKTIE;Ja;CHALICE MINING LTD.
AU000000CIA2;A111EF;AKTIE;Ja;CHAMPION IRON
AU000000CKF7;A1JCYL;AKTIE;Ja;COLLINS FOODS LTD
AU000000CLA6;A1J56G;AKTIE;Ja;CELSIUS RESOURCES LTD.
AU000000CMM9;A2AEH7;AKTIE;Ja;CAPRICORN METALS LTD
AU000000CMW8;A0ESJ6;AKTIE;Ja;CROMWELL PTY GP STPLD SEC
AU000000CNJ3;A1W2NL;AKTIE;Ja;CONICO LTD
AU000000COB8;A2DG1B;AKTIE;Ja;COBALT BLUE HLDGS
AU000000COH5;898321;AKTIE;Ja;COCHLEAR LTD
AU000000CPU5;907458;AKTIE;Ja;COMPUTERSHARE LTD.
AU000000CSL8;890952;AKTIE;Ja;CSL LTD
AU000000CUV3;A0JEGY;AKTIE;Ja;CLINUVEL PHARMACEUTICALS
AU000000CWY3;A2AD6E;AKTIE;Ja;CLEANAWAY WASTE MNGMT
AU000000CXO2;A0YJ93;AKTIE;Ja;CORE LITHIUM LTD.
AU000000CXU9;A0RPBW;AKTIE;Ja;CAULDRON ENERGY LTD.
AU000000DCC9;A115DQ;AKTIE;Ja;DIGITALX LTD.
AU000000DDR5;A1C89A;AKTIE;Ja;DICKER DATA LTD
AU000000DMP0;A0EQ2E;AKTIE;Ja;DOMINOS PIZZA ENTERPR.LTD
AU000000DOW2;615352;AKTIE;Ja;DOWNER EDI
AU000000DRO2;A2DMAA;AKTIE;Ja;DRONESHIELD LTD
AU000000DTL4;A0B84K;AKTIE;Ja;DATA'3 LTD
AU000000DXS1;A0NE0F;AKTIE;Ja;DEXUS
AU000000DYL4;481592;AKTIE;Ja;DEEP YELLOW LTD
AU000000ELD6;A0RM27;AKTIE;Ja;ELDERS LTD
AU000000ELT2;A0YGFT;AKTIE;Ja;ELEMENTOS LTD
AU000000EMH5;A14XRL;AKTIE;Ja;EUROPEAN MET.HLDGS
AU000000ERA9;865906;AKTIE;Ja;ENERGY RES. A
AU000000EVN4;A1JNWA;AKTIE;Ja;EVOLUTION MINING LTD
AU000000EXL4;A2JB8D;AKTIE;Ja;ELIXINOL WELLNESS LTD.
AU000000FBR4;A143J3;AKTIE;Ja;FBR LTD.
AU000000FGR3;A2ABY7;AKTIE;Ja;FIRST GRAPHENE LTD.
AU000000FLT9;928191;AKTIE;Ja;FLIGHT CENTRE TRAVEL GRP
AU000000FMG4;121862;AKTIE;Ja;FORTESCUE LTD.
AU000000FML4;A0F610;AKTIE;Ja;FOCUS MINERALS LTD
AU000000GBZ5;A0MYQB;AKTIE;Ja;GBM RESOURCES LTD
AU000000GEM7;A1C0D1;AKTIE;Ja;G8 EDUCATION LTD
AU000000GMD9;A0MXC6;AKTIE;Ja;GENESIS MINERALS LTD
AU000000GMG2;A0MWRF;AKTIE;Ja;GOODMAN GROUP UNITS
AU000000GNC9;626517;AKTIE;Ja;GRAINCORP LTD.
AU000000GOR5;A1H4LL;AKTIE;Ja;GOLD ROAD RESOURCES LTD
AU000000GPT8;867152;AKTIE;Ja;GPT GROUP UNITS
AU000000GRR8;917447;AKTIE;Ja;GRANGE RES.
AU000000HAS0;A1H79R;AKTIE;Ja;HASTINGS TECHNOLOGY M.LTD
AU000000HFR1;A1JT2F;AKTIE;Ja;HIGHFIELD RESOURCES LTD
AU000000HLO6;A1W90D;AKTIE;Ja;HELLOWORLD TRAVEL LTD.
AU000000HVN7;915865;AKTIE;Ja;HARVEY NORMAN HLDGS
AU000000HZN8;157021;AKTIE;Ja;HORIZON OIL LTD.
AU000000HZR9;A2AMF6;AKTIE;Ja;HAZER GROUP LTD
AU000000IAG3;941205;AKTIE;Ja;INS.AUST.GRP
AU000000IGO4;765651;AKTIE;Ja;IGO LTD.
AU000000ILU1;859133;AKTIE;Ja;ILUKA RES
AU000000IMA1;637106;AKTIE;Ja;IMAGE RESOURCES NL
AU000000IMC7;A0RDPK;AKTIE;Ja;IMMURON LTD
AU000000IMM6;A2H81H;AKTIE;Ja;IMMUTEP LTD
AU000000ING6;A2ATGV;AKTIE;Ja;INGHAMS GROUP LTD. O.N.
AU000000IRE2;580897;AKTIE;Ja;IRESS LTD
AU000000JBH7;727539;AKTIE;Ja;JB HI-FI LTD
AU000000JHX1;806951;AKTIE;Ja;JAMES HARDIE INDUSTR.CUFS
AU000000JIN0;A1C82X;AKTIE;Ja;JUMBO INTERACTIVE LTD
AU000000JRV4;867183;AKTIE;Ja;JERVOIS GLOBAL LTD.
AU000000KAR6;A0CAG4;AKTIE;Ja;KAROON ENERGY LTD.
AU000000KCN1;905456;AKTIE;Ja;KINGSGATE CONSOLIDATED
AU000000KGN2;A2AL96;AKTIE;Ja;KOGAN.COM LTD
AU000000KP25;A2H63X;AKTIE;Nein;KORE POTASH PLC CDI/1
AU000000KZR3;A2PTCL;AKTIE;Ja;KALAMAZOO RESOURCES LTD
AU000000LIT3;A14XX2;AKTIE;Ja;LIVIUM LTD.
AU000000LKE1;796995;AKTIE;Ja;LAKE RESOURCES N.L.
AU000000LLC3;858788;AKTIE;Ja;LENDLEASE GROUP STAPL.SEC
AU000000LPD2;A2DHFT;AKTIE;Ja;LEPIDICO LTD
AU000000LTR4;A0LFDX;AKTIE;Ja;LIONTOWN RESOURCES LTD
AU000000LYC6;871899;AKTIE;Ja;LYNAS RARE EARTHS LTD.
AU000000MAT8;A0RE43;AKTIE;Ja;MATSA RESOURCES LTD
AU000000MCM9;A2H9D5;AKTIE;Ja;MC MINING LTD
AU000000MEI3;A0CBAZ;AKTIE;Ja;METEORIC RESOURCES N.L.
AU000000MEM5;A2ANGR;AKTIE;Ja;MEMPHASYS LTD
AU000000MFG4;A0LFMD;AKTIE;Ja;MAGELLAN FINL GRP
AU000000MGR9;924371;AKTIE;Ja;MIRVAC GROUP UTS
AU000000MGX7;896269;AKTIE;Ja;MOUNT GIB.I.
AU000000MIN4;A0J36A;AKTIE;Ja;MINERAL RES LTD
AU000000MLX7;A0LG1C;AKTIE;Ja;METALS X LTD
AU000000MMI6;A12GBB;AKTIE;Ja;METRO MINING LTD
AU000000MND5;577745;AKTIE;Ja;MONADELPHOUS GROUP LTD.
AU000000MPL3;A12D1W;AKTIE;Ja;MEDIBANK PRIVATE LTD
AU000000MQG1;A0M6VH;AKTIE;Ja;MACQUARIE GROUP LTD
AU000000MSB8;A0DNPW;AKTIE;Ja;MESOBLAST LTD.
AU000000MTC4;A2DJM2;AKTIE;Ja;METALSTECH LTD
AU000000MTS0;A0D935;AKTIE;Ja;METCASH LTD
AU000000NAB4;853802;AKTIE;Ja;NATL AUSTR. BK
AU000000NHC7;911204;AKTIE;Ja;NEW HOPE CORP. LTD
AU000000NHF0;A0M6WF;AKTIE;Ja;NIB HLDGS LTD
AU000000NMT1;A12G4J;AKTIE;Ja;NEOMETALS LTD
AU000000NST8;A0BLDY;AKTIE;Ja;NORTHERN STAR RES.LTD.
AU000000NTU4;A0LBN5;AKTIE;Ja;NORTHERN MINERALS LTD.
AU000000NUF3;881339;AKTIE;Ja;NUFARM LTD.
AU000000NVX4;A2DUU7;AKTIE;Ja;NOVONIX LTD.
AU000000NWH5;A0MYVW;AKTIE;Ja;NRW HOLDINGS LTD
AU000000NWS2;A1W4X0;AKTIE;Ja;NEWS CORP.N.CUFS(B)DL-,01
AU000000NXT8;A1C9HQ;AKTIE;Ja;NEXTDC LTD
AU000000ODY8;A0HG7C;AKTIE;Ja;ODYSSEY GOLD LTD.
AU000000OEC2;880033;AKTIE;Ja;ORBITAL CORP.LTD.
AU000000OEL3;A0HG75;AKTIE;Ja;OTTO ENERGY LTD.
AU000000OML6;A12HLW;AKTIE;Ja;OOH MEDIA LTD
AU000000ORA8;A1W81B;AKTIE;Ja;ORORA LTD
AU000000ORG5;931678;AKTIE;Ja;ORIGIN ENERGY LTD.
AU000000ORI1;854422;AKTIE;Ja;ORICA LTD.
AU000000PCL4;A0CAFF;AKTIE;Ja;PANCONTINENTAL ENERGY NL
AU000000PDN8;890889;AKTIE;Ja;PALADIN ENERGY LTD.
AU000000PEK2;A0LA5V;AKTIE;Ja;PEAK RARE EARTHS LTD.
AU000000PEN6;A0CBE5;AKTIE;Ja;PENINSULA ENERGY LTD.
AU000000PLL5;A3CQ2G;AKTIE;Ja;PIEDMONT LITHIUM CDI
AU000000PLS0;A0YGCV;AKTIE;Ja;PILBARA MINERALS LTD
AU000000PNR8;A0YFVM;AKTIE;Ja;PANTORO GOLD LTD.
AU000000PNV0;A12F4T;AKTIE;Ja;POLYNOVO LTD
AU000000POD6;A2JE7D;AKTIE;Ja;PODIUM MINERALS
AU000000PPT9;872071;AKTIE;Ja;PERPETUAL LTD.
AU000000PRU3;A0B7MN;AKTIE;Ja;PERSEUS MINING LTD.
AU000000PSC9;A1JW80;AKTIE;Ja;PROSPECT RESOURCES LTD
AU000000PTM6;A0MSNR;AKTIE;Ja;PLATINUM ASSET MANAG.LTD
AU000000QAN2;896435;AKTIE;Ja;QANTAS AIRWAYS
AU000000QBE9;879189;AKTIE;Ja;QBE INSURANCE GRP
AU000000RAC3;A4095X;AKTIE;Ja;RACE ONCOLOGY LTD.
AU000000RCE5;A2ADQM;AKTIE;Ja;RECCE PHARMACEUTICALS LTD
AU000000REA9;931148;AKTIE;Ja;REA GROUP LTD.
AU000000RFX8;A1H9W2;AKTIE;Ja;REDFLOW LTD
AU000000RGL1;A2JM28;AKTIE;Ja;RIVERSGOLD LTD
AU000000RHC8;874338;AKTIE;Ja;RAMSAY HEALTH
AU000000RIC6;888874;AKTIE;Ja;RIDLEY CORP. LTD
AU000000RIO1;855018;AKTIE;Ja;RIO TINTO LTD
AU000000RMD6;935168;AKTIE;Ja;RESMED CUFS/10 DL-,004
AU000000RMS4;808383;AKTIE;Ja;RAMELIUS RES LTD
AU000000RNU8;A1C9A9;AKTIE;Ja;RENASCOR RESOURCES LTD
AU000000RRL8;A0B8RA;AKTIE;Ja;REGIS RESOURCES LTD.
AU000000RSG6;794836;AKTIE;Ja;RESOLUTE MINING
AU000000S320;A14QLH;AKTIE;Ja;SOUTH32 LTD
AU000000SBM8;851747;AKTIE;Ja;ST. BARBARA LTD.
AU000000SCG8;A1156H;AKTIE;Ja;SCENTRE GROUP UTS
AU000000SDV5;A2DNJ3;AKTIE;Ja;SCIDEV LTD. O.N.
AU000000SEK6;A0EAC4;AKTIE;Ja;SEEK LTD
AU000000SFR8;A0ERN6;AKTIE;Ja;SANDFIRE RESOURCES LTD.
AU000000SGM7;A0F63Y;AKTIE;Ja;SIMS LTD.
AU000000SGP0;887471;AKTIE;Ja;STOCKLAND STLPD SECS
AU000000SHL7;909081;AKTIE;Ja;SONIC HEALTHCARE
AU000000SLC8;A14S4U;AKTIE;Ja;SUPERLOOP LTD
AU000000SLX4;615018;AKTIE;Ja;SILEX SYS LTD
AU000000SMR4;A0YFE7;AKTIE;Ja;STANMORE RESOURCES LTD.
AU000000SOL3;914476;AKTIE;Ja;WASHINGTON H.SOUL PAT.+CO
AU000000SOM1;A0B7QA;AKTIE;Ja;SOMNOMED LTD.
AU000000SPL0;796461;AKTIE;Ja;STARPHARMA HOLDINGS LTD.
AU000000STO6;863403;AKTIE;Ja;SANTOS LTD
AU000000STX7;A0B6PK;AKTIE;Ja;STRIKE ENERGY LTD.
AU000000SUN6;886254;AKTIE;Nein;SUNCORP GROUP LTD.
AU000000SVL8;A0LEFD;AKTIE;Ja;SILVER MINES LTD
AU000000SVM6;A0LEG3;AKTIE;Ja;SOVEREIGN METALS LTD
AU000000SXL4;A0PEF6;AKTIE;Ja;SOUTHERN CROSS MEDIA GRP
AU000000SYA5;A1W2HT;AKTIE;Ja;SAYONA MINING LTD
AU000000SYR9;A0MXQX;AKTIE;Ja;SYRAH RESOURCES LTD
AU000000TAH8;892486;AKTIE;Ja;TABCORP HLDGS LTD
AU000000TBR5;917561;AKTIE;Ja;TRIBUNE RESOURCES LTD.
AU000000TCL6;917177;AKTIE;Ja;TRANSURBAN GRP STPLD.SEC.
AU000000TER9;A144CW;AKTIE;Ja;TERRACOM LTD
AU000000TLG7;A1C0Q2;AKTIE;Nein;TALGA GROUP LTD.
AU000000TLS2;A3D1FQ;AKTIE;Ja;TELSTRA GROUP LTD
AU000000TLX2;A2H7JK;AKTIE;Ja;TELIX PHARMACEUTICALS LTD
AU000000TNE8;931047;AKTIE;Ja;TECHNOLOGY ONE LTD.
AU000000TOE6;A0JC8C;AKTIE;Ja;TORO ENERGY LTD.
AU000000TPW5;A2ABUR;AKTIE;Ja;TEMPLE + WEBSTER GRP
AU000000TWE9;A1H8S1;AKTIE;Ja;TREASURY WINE ESTATES LTD
AU000000VML1;A0F5YD;AKTIE;Ja;VITAL METALS LTD
AU000000VRC9;A2AGQP;AKTIE;Ja;VOLT RESOURCES LTD
AU000000WAF6;A1CZBT;AKTIE;Ja;WEST AFRICAN RES LTD
AU000000WBC1;854242;AKTIE;Ja;WESTPAC BKG
AU000000WBT5;A2APH0;AKTIE;Ja;WEEBIT NANO LTD
AU000000WEB7;911549;AKTIE;Ja;WEB TRAVEL GROUP
AU000000WEC5;A0J3YN;AKTIE;Ja;WHITE ENERGY LTD.
AU000000WES1;876755;AKTIE;Ja;WESFARMERS LTD
AU000000WGN7;A2H9GP;AKTIE;Ja;WAGNERS HOLDING CO LTD
AU000000WGX6;A2DGZ7;AKTIE;Ja;WESTGOLD RES LTD
AU000000WHC8;A0MSK7;AKTIE;Ja;WHITEHAVEN COAL LTD
AU000000WKT6;A1T8Q6;AKTIE;Ja;WALKABOUT RESOURCES LTD
AU000000WOR2;813023;AKTIE;Ja;WORLEY LTD.
AU000000WOW2;886853;AKTIE;Ja;WOOLWORTHS GROUP LTD.
AU000000WTC3;A2AGET;AKTIE;Ja;WISETECH GLOBAL LTD
AU000000YAL0;A1JZHX;AKTIE;Ja;YANCOAL AUSTRALIA LTD
AU0000010464;A2JSA7;AKTIE;Ja;WIDE OPEN AGRICUL
AU0000013559;A2JM2A;AKTIE;Ja;ATLAS ARTERIA
AU0000018236;A2JRRM;AKTIE;Ja;NICKEL INDUSTRIES LTD.
AU0000021461;A2N4CD;AKTIE;Nein;GALAN LITHIUM LTD
AU0000026122;A2N75P;AKTIE;Ja;CORON.GL.RES. CDIS/10/1
AU0000030678;A2N9WN;AKTIE;Ja;COLES GROUP LTD
AU0000036949;A2QKCE;AKTIE;Ja;AFRICAN GOLD LTD
AU0000049033;A2PL8P;AKTIE;Ja;AIC MINES LTD
AU0000053373;A2PPL5;AKTIE;Nein;HORIZON MINERALS LTD
AU0000053522;A2PPPU;AKTIE;Ja;VANADIUM RESOURCES LTD
AU0000058737;A2PSXF;AKTIE;Nein;LOTUS RESOURCES LTD
AU0000058943;A2QJU7;AKTIE;Ja;HMC CAPITAL LTD.
AU0000061897;A2PUD0;AKTIE;Ja;PERENTI LTD.
AU0000066086;A2PV3A;AKTIE;Ja;VULCAN ENERGY RESOURCES
AU0000066169;A2PV0S;AKTIE;Ja;AUSTRAL. SILICA QUARTZ G.
AU0000071482;A2PW0M;AKTIE;Ja;ECOGRAF LTD
AU0000074221;A2PXRB;AKTIE;Ja;TALI DIGITAL LTD
AU0000082489;A2P2UB;AKTIE;Ja;OMNI BRIDGEWAY LTD
AU0000088064;A2P4YU;AKTIE;Nein;WAYPOINT REIT UTS
AU0000088338;A2P41Y;AKTIE;Ja;AMPOL LTD
AU0000090128;A2P73E;AKTIE;Ja;TPG TELECOM LIMITED
AU0000090292;A2QAZR;AKTIE;Ja;MANUKA RESOURCES LTD
AU0000119307;A2QJHA;AKTIE;Ja;NUIX LTD.
AU0000122251;A2QKEZ;AKTIE;Ja;QPM ENERGY
AU0000128787;A2QLTL;AKTIE;Ja;ASTON MINERALS LTD
AU0000134694;A2QPAR;AKTIE;Ja;FIREBIRD METALS LTD
AU0000139990;A3CPEX;AKTIE;Ja;GRAPHENE MANUFACT.GROUP
AU0000141533;A2QSAM;AKTIE;Ja;QMINES LTD
AU0000142945;A3ET0R;AKTIE;Ja;TENNANT MINERALS LTD.
AU0000143729;A3CLTW;AKTIE;Ja;SUNRISE ENERGY META. LTD.
AU0000145815;A3C7FG;AKTIE;Ja;ARCADIA MINERALS CDI/1:1
AU0000153256;A3C4K8;AKTIE;Ja;ASKARI METALS LIMITED
AU0000155228;A3C6E1;AKTIE;Ja;MTM CRITICAL METALS LTD
AU0000156416;A3CRZ8;AKTIE;Ja;ELEVATE URANIUM LTD.
AU0000159840;A3CTAL;AKTIE;Ja;KUNIKO LTD.
AU0000179640;A3C40X;AKTIE;Ja;ARIZONA LITHIUM LTD.
AU0000179707;A3C45W;AKTIE;Ja;DEVELOP GLOBAL LTD.
AU0000182263;A3C8RW;AKTIE;Ja;NIMY RESOURCES LIMITED
AU0000182628;A3C6BV;AKTIE;Ja;WINSOME RESOURCES LIMITED
AU0000185993;A3C7R6;AKTIE;Ja;IREN LTD.
AU0000186678;A3C7BX;AKTIE;Ja;KELSIAN GROUP LTD.
AU0000187569;A3C8TV;AKTIE;Ja;FALCON METALS LTD
AU0000196206;A3C85Y;AKTIE;Ja;EV RESOURCES LTD.
AU0000198939;A3C9JR;AKTIE;Ja;GREENX METALS LTD.
AU0000199929;A3C9NG;AKTIE;Ja;MORELLA CORPORATION LTD.
AU0000208910;A3DESP;AKTIE;Ja;IPERIONX LTD.
AU0000218307;A3DK35;AKTIE;Ja;ZIP CO. LTD
AU0000221251;A3DMSC;AKTIE;Nein;LEO LITHIUM LTD
AU0000222002;A3DMYM;AKTIE;Ja;PROVARIS ENERGY LTD.
AU0000223505;A3DNF2;AKTIE;Ja;LANTHANEIN RESOURCES LTD.
AU0000224040;A3DNGW;AKTIE;Ja;WOODSIDE ENERGY GROUP LTD
AU0000237554;A3DTM0;AKTIE;Ja;ATLANTIC LITHIUM LTD.
AU0000240764;A3DUVY;AKTIE;Ja;MOAB MINERALS LTD.
AU0000250250;A3D10V;AKTIE;Ja;ENERGY TRANSITION MINERAL
AU0000251258;A3D3E4;AKTIE;Ja;PATRIOT BATTERY MET.CDI
AU0000251498;A3D2FY;AKTIE;Ja;HELIA GROUP LTD.
AU0000265217;A3D6AX;AKTIE;Ja;TIVAN LTD.
AU0000291882;A3ESK4;AKTIE;Ja;ABACUS GROUP HOLDINGS UTS
AU0000297962;A3EWLY;AKTIE;Ja;NEWMONT CORP.CDI
AU0000305815;A3E2HF;AKTIE;Ja;BRAZ.RARE EARTHS LTD.O.N.
AU0000308157;A3E2VR;AKTIE;Ja;GLOBAL URANIUM+ENRICHMENT
AU0000310302;A3E3UB;AKTIE;Ja;CADOUX LTD.
AU0000317281;A3E1W6;AKTIE;Ja;PERCHERON THERAPEUTICS
AU0000317471;A400NK;AKTIE;Ja;WARATAH MINERALS LTD.
AU0000326647;A40A1Q;AKTIE;Ja;ARGENT BIOPHARMA LTD.
AU0000336679;A40F82;AKTIE;Ja;GUZMAN Y GOMEZ LTD.
AU0000338311;A40G3S;AKTIE;Ja;AUMEGA METALS LTD.
AU0000340770;A40GYZ;AKTIE;Ja;AMOTIV LTD.
AU0000355588;A40R9Y;AKTIE;Ja;VAULT MINERALS LTD.
AU0000364754;A40VSB;AKTIE;Ja;SGH LTD.
AU0000365348;A40VYR;AKTIE;Ja;NEW MURCHISON GOLD LTD.
AU0000368748;A40X9C;AKTIE;Ja;NEW FRONTIER MINERALS LTD
AU0000380420;A410MN;AKTIE;Ja;BLOCK INC. CDI/1/1
AU0000390544;A416F0;AKTIE;Nein;DYNO NOBEL LTD.
BE0003008019;850398;AKTIE;Ja;BQUE NATLE BELG. O.N.
BE0003470755;856200;AKTIE;Ja;SOLVAY S.A. A
BE0003555639;852064;AKTIE;Ja;TESSENDERLO GROUP P.S.
BE0003565737;854943;AKTIE;Ja;KBC GROEP N.V.
BE0003592038;889972;AKTIE;Ja;CIE BOIS SAUVAGE
BE0003593044;914421;AKTIE;Ja;COFINIMMO
BE0003599108;875802;AKTIE;Ja;IMMOB. BELG. SA
BE0003604155;877480;AKTIE;Nein;LOTUS BAKER.
BE0003656676;853358;AKTIE;Ja;RECTICEL
BE0003699130;907547;AKTIE;Ja;GIMV NV
BE0003717312;852448;AKTIE;Ja;SOFINA
BE0003720340;936956;AKTIE;Ja;RETAIL ESTATES
BE0003724383;632334;AKTIE;Ja;WERELDHAVE BELGIUM SCA
BE0003730448;926985;AKTIE;Ja;QUEST FOR GROWTH PRICAF
BE0003734481;798188;AKTIE;Ja;WAREHOUSES EST.BELGIUM
BE0003735496;916424;AKTIE;Ja;ORANGE BELGIUM S.A.
BE0003739530;852738;AKTIE;Ja;UCB S.A.
BE0003754687;806919;AKTIE;Ja;VASTNED BELGIUM S.A.
BE0003755692;920872;AKTIE;Ja;AGFA-GEVAERT N.V.
BE0003764785;869057;AKTIE;Ja;ACKERMANS + VAN HAAREN
BE0003765790;924003;AKTIE;Nein;GREENYARD N.V.
BE0003766806;914998;AKTIE;Ja;ION BEAM APPLICATIONS SA
BE0003770840;936957;AKTIE;Nein;NEXTENSA SCA
BE0003789063;872417;AKTIE;Ja;DECEUNINCK
BE0003797140;873222;AKTIE;Ja;GBL SA
BE0003808251;812880;AKTIE;Ja;EXMAR INH.
BE0003810273;A0B9FU;AKTIE;Ja;PROXIMUS S.A.
BE0003816338;A0DNRS;AKTIE;Ja;CMB.TECH NV NAM.
BE0003818359;A0EAT9;AKTIE;Ja;GALAPAGOS N.V.
BE0003820371;A0ET8E;AKTIE;Ja;EVS BROADCAST EQUIPMNT SA
BE0003822393;A0ERSV;AKTIE;Ja;ELIA GROUP
BE0003823409;A0ETZ2;AKTIE;Ja;FIN.DE TUBIZE ACT.NOUV.
BE0003837540;A0JMC5;AKTIE;Ja;ATENOR S.A. (N.AUFT.)
BE0003839561;A0J27E;AKTIE;Ja;VAN DE VELDE (NACH AUFT.)
BE0003851681;A0LCUN;AKTIE;Ja;AEDIFICA S.A.
BE0003853703;A0LCLA;AKTIE;Ja;MONTEA NV
BE0003856730;A0MK4T;AKTIE;Ja;ASCENCIO SCA
BE0003858751;A0LG0S;AKTIE;Ja;JENSEN-GROUP N.V.
BE0003867844;A0MU0L;AKTIE;Ja;KBC ANCORA INH. O.N.
BE0003874915;A0M103;AKTIE;Ja;FAGRON N.V. PORT.
BE0003878957;A0M8Y5;AKTIE;Ja;VGP N.V.
BE0003883031;A0NDYN;AKTIE;Ja;CIE ENT. CFE NAM.
BE0003898187;A0RK8D;AKTIE;Ja;SIPEF SA (POST SPLIT)
BE0058182792;553476;FONDS;Nein;DPAM INVEST B - DPAM INVEST B Equities Euroland - B accumulating
BE0058651630;A0JMB6;FONDS;Nein;DPAM INVEST B - DPAM INVEST B Equities World Sustainable - A distributing
BE0165385973;909765;AKTIE;Ja;MELEXIS NV
BE0974256852;A1C7HA;AKTIE;Ja;COLRUYT
BE0974258874;A1C8J5;AKTIE;Ja;BEKAERT P.S.
BE0974259880;A1H5AN;AKTIE;Ja;D'IETEREN GROUP P.S.
BE0974263924;A1JTWD;AKTIE;Ja;TEXAF S.A.
BE0974264930;A1J1DR;AKTIE;Ja;AGEAS SA/NV
BE0974265945;A1JX9C;AKTIE;Ja;FLUXYS BELGIUM S.A. D
BE0974268972;A1W0FA;AKTIE;Ja;BPOST S.A. COMPARTMENT A
BE0974271034;A1W8RU;AKTIE;Nein;VIOHALCO S.A.
BE0974273055;A110SW;AKTIE;Ja;CARE PROPERTY INVEST
BE0974274061;A114V1;AKTIE;Ja;KINEPOLIS GRP SA
BE0974276082;A116FD;AKTIE;Ja;ONTEX GROUP NV EO -,01
BE0974282148;A14S3R;AKTIE;Ja;TINC COMM. VA
BE0974288202;A2ABHA;AKTIE;Ja;XIOR STUDENT HOUSING N.V.
BE0974293251;A2ASUV;AKTIE;Ja;ANHEUSER-BUSCH INBEV
BE0974294267;A2AKN7;AKTIE;Ja;NYRSTAR
BE0974303357;A2DH76;AKTIE;Ja;CENERGY HLDGS NOM.
BE0974310428;A2DNYG;AKTIE;Ja;X-FAB SILICON FOUNDRIES
BE0974313455;A2DSW0;AKTIE;Ja;ECONOCOM GROUP D
BE0974320526;A2H5A3;AKTIE;Ja;UMICORE S.A.
BE0974334667;A2JRRB;AKTIE;Ja;LLAMA GROUP S.A. EO 1
BE0974338700;A2PBLU;AKTIE;Ja;TITAN S.A.
BE0974340722;A2PD78;AKTIE;Ja;SEQUANA MEDICAL N.V.
BE0974349814;A2PXG1;AKTIE;Ja;WAREHOUSES DE PAUW N.V.
BE0974358906;A2QCWK;AKTIE;Ja;NYXOAH S.A.
BE0974362940;A2P7YV;AKTIE;Ja;BARCO N.V.
BE0974371032;A2QCS4;AKTIE;Ja;UNIFIEDPOST GRP S.A./N.V.
BE0974386188;A3CS50;AKTIE;Ja;BIOTALYS NV
BE0974400328;A3C292;AKTIE;Ja;AZELIS GROUP N.V.
BE0974413453;A3DNV3;AKTIE;Ja;DEME GROUP NV
BE0974487192;A40H8H;AKTIE;Ja;OXURION N.V.
BG1100003166;A2DGX9;AKTIE;Ja;SHELLY GROUP PLC EO 1
BMG0112X1056;A3ET99;AKTIE;Ja;AEGON LTD.
BMG0171K1018;A12EAP;AKTIE;Ja;ALIBABA HLTH INFO.T.HD-01
BMG0171W1055;A119V1;AKTIE;Ja;ALIBABA PICTURES GR.HD-25
BMG0403V2062;A2DYZS;AKTIE;Ja;APAC RES LTD HD 1
BMG0450A1053;590336;AKTIE;Ja;ARCH CAPITAL GROUP DL-,01
BMG0451H2087;A403TF;AKTIE;Ja;ARCHER LTD. NEW DL 0,25
BMG0670A1099;A3C5A3;AKTIE;Ja;AUTOSTORE HOLDINGS DL-,01
BMG067231032;A1W6ST;AKTIE;Ja;AVANCE GAS HLDG DL 0,01
BMG0702P1086;A2PZ63;AKTIE;Ja;BW ENERGY LTD DL-,01
BMG0750C1082;A12EDV;AKTIE;Ja;AXALTA COATING SYSTEM.DL1
BMG0772R2087;A2ARZ5;AKTIE;Ja;THE BK N.T.BUTTERF.+S.NEW
BMG0957L1090;A0Q10L;AKTIE;Ja;BEIJING ENTER.WTR GR.CONS
BMG095871098;A2DM97;AKTIE;Ja;BEIJ.GAS BLUESKY HKD-,055
BMG1118Y1214;A14T79;AKTIE;Ja;BINHAI INVESTM.CO. HD-,10
BMG1146K2008;A40P5A;AKTIE;Ja;BEIJING E.I.HOLD. HD 1
BMG1223L1054;A2DVJ1;AKTIE;Ja;BOE VARITRONIX HD-,25
BMG1368B1028;884968;AKTIE;Ja;BRILL. CHINA AUT. DL-,01
BMG1466R1732;A3DAJT;AKTIE;Ja;BORR DRILLING NEW DL -,10
BMG1738J1247;A2DHKS;AKTIE;Ja;BW OFFSHORE LTD. DL 0,50
BMG174341047;A40MNH;AKTIE;Ja;BROOKFIELD WEAL.SOLU.LTD.
BMG210821051;893697;AKTIE;Ja;CHINA YUCHAI INTL DL-,01
BMG2108V1019;A0B827;AKTIE;Ja;CHINA ORIENTAL GRP HD-,10
BMG210901242;A0MQ4W;AKTIE;Ja;CHINA WAT.AFF.GRP NEW
BMG2109G1033;931817;AKTIE;Ja;CHINA GAS HLDGS HD-,01
BMG210A71016;A0Q8LD;AKTIE;Ja;GRAND PHARM. GRP. HD-,01
BMG2112G1087;A0M90A;AKTIE;Ja;CHINESE.PEOP.HLDGS HD-,07
BMG2113B1081;A0RDZ8;AKTIE;Ja;CN RES GAS GR.LTD. HD-,10
BMG211591018;A0F61K;AKTIE;Ja;CHINA YURUN FOOD G. HD-10
BMG2116Y1057;A12HLR;AKTIE;Ja;CN EVERBRIGHT WATER HD 1
BMG2133H2006;A3D63Y;AKTIE;Ja;TIAN AN MEDICARE HD-,01
BMG2154F1095;A0MQ7Y;AKTIE;Ja;CHINA FOODS LTD. HD-,10
BMG2155W1010;A0LC0U;AKTIE;Ja;CHINA OIL+GAS GR. HD -,01
BMG2161E1113;A1JJT8;AKTIE;Ja;CHINA SHUIFA SING.E.DL-01
BMG2178K1009;A2DTX9;AKTIE;Ja;CK INFRASTRUCTUR.HLD.HD 1
BMG2345T1099;A14QFY;AKTIE;Ja;CONCORD NW ENERGY HD-,01
BMG2415A1137;A3DD6Z;AKTIE;Ja;COOL COMPANY LTDDL 1,00
BMG243851091;A2QHL6;AKTIE;Ja;CONDUIT HOLDINGS LTD
BMG2442N1048;897981;AKTIE;Ja;COSCO SHIP.PORT.LTD.HD-10
BMG2519Y1084;899417;AKTIE;Ja;CREDICORP LTD DL 5
BMG2624N1535;928180;AKTIE;Ja;DFI RETAIL GRP.HO.DL-,056
BMG2759B1072;659480;AKTIE;Ja;DIGITAL CHINA HLDGS HD-10
BMG3075P1014;A0MKMM;AKTIE;Ja;ENSTAR GROUP LTD DL-,01
BMG3122U1457;A0ML39;AKTIE;Ja;ESPRIT HLDGS HD-,10
BMG3223R1088;580891;AKTIE;Ja;EVEREST GROUP LTD.DL -,01
BMG348041077;876860;AKTIE;Ja;FIRST PAC. CO.LTD DL-,01
BMG359472021;A2PFGD;AKTIE;Ja;FLEX LNG LTD DL-,10
BMG3602E1084;A3D5AT;AKTIE;Ja;FLOW TRADERS LTD EO 3,50
BMG3922B1072;A0MXL7;AKTIE;Ja;GENPACT LTD DL 0,01
BMG3939X1002;902802;AKTIE;Ja;GLORIOUS SUN ENT. HD-,10
BMG396372051;A2AN0Y;AKTIE;Ja;GOLDEN OCEAN GRP
BMG4069C1486;879151;AKTIE;Ja;GREAT EAGLE HLDGS HD-,50
BMG4209G2077;A2DGZ5;AKTIE;Ja;GULF KEYSTONE PETR.
BMG427061046;A3EYBN;AKTIE;Ja;HAMILTON INS.GROUP LTD B
BMG455841020;864247;AKTIE;Ja;HAL TR. UNITS
BMG4587L1090;877047;AKTIE;Ja;H.K. LD HLDGS DL -,10
BMG4593F1389;A14PZ0;AKTIE;Ja;HISCOX LTD LS-,065
BMG4639H1227;A0YAVY;AKTIE;Ja;HUABAO INTL HLDGS HD-,10
BMG464012076;A410GR;AKTIE;Ja;HUA YIN INTL HLDGS HD-,01
BMG4660A1036;A3C5E7;AKTIE;Ja;HIMALAYA SHIPPING LTD DL1
BMG491BT1088;A0M6U7;AKTIE;Ja;INVESCO LTD DL -,10
BMG4R86G1074;A40S2B;AKTIE;Ja;GOLD RESERVE LTD. BERMUDA
BMG507361001;869042;AKTIE;Ja;JARDINE MATH. HLDG DL-,25
BMG5150J1577;A117XL;AKTIE;Ja;JOHNSON EL.HLDGS HD-,05
BMG5320C1082;A1CV3E;AKTIE;Ja;KUNLUN ENERGY CO. HD-,01
BMG5361W1047;A0HM5W;AKTIE;Ja;LANCASHIRE HLDGS DL -,50
BMG570071099;A116Z9;AKTIE;Ja;LUYE PHARMA GROUP DL-,02
BMG611881019;A3ES4W;AKTIE;Ja;LIBERTY GLOBAL LTD CL.A
BMG611881274;A3ES68;AKTIE;Ja;LIBERTY GLOBAL C DL O.N.
BMG6260K1595;A2P1FZ;AKTIE;Ja;MONGOLIA ENERG. HD-,02
BMG6331P1041;A1CXBR;AKTIE;Ja;ALPHA+OMEGA SEMIC.DL-,002
BMG6359F1370;A2P3LV;AKTIE;Ja;NABORS INDUSTRIES DL-,001
BMG653181005;A0JDLB;AKTIE;Ja;NINE DRAG.PAP.HLDGS HD-10
BMG657731060;394869;AKTIE;Ja;NORDIC AMER.TANKER.DL-,01
BMG667211046;A1KBL8;AKTIE;Ja;NORWEGIAN CRUISE LINE HL.
BMG670131058;A0MX1X;AKTIE;Ja;OAKLEY CAPITAL INV.LS-,01
BMG6716L1081;A3DH8R;AKTIE;Ja;ODFJELL TECHNOLOGYLTD
BMG671801022;A1W5D5;AKTIE;Ja;ODFJELL DRILL.LTD. DL-,01
BMG677491539;A0MNVA;AKTIE;Ja;ORIENT OVERS. NEW DL-,10
BMG684371393;A0B6V3;AKTIE;Ja;PACIFIC BASIN SHIP.DL-,01
BMG6955J1036;A1C9CN;AKTIE;Ja;PAX GLOBAL TECHNOL.HD-,10
BMG702782084;A3C9V4;AKTIE;Ja;PETRA DIAMONDS LS-,0005
BMG709641044;931045;AKTIE;Ja;PINE TECHNOLOGY HD -,1
BMG7496G1033;896628;AKTIE;Ja;RENAISSANCERE HLDGS DL 1
BMG762791017;A3C4MS;AKTIE;Ja;ROIVANT SCIENCES
BMG7738W1064;A2PU2X;AKTIE;Ja;SFL CORP. LTD DL 1
BMG7997W1029;A3DEW8;AKTIE;Ja;SEADRILL LTD. O.N.
BMG805AL1070;A3DR40;AKTIE;Ja;SHANDONG HI-SP.G.HD-0,001
BMG8063F1068;886778;AKTIE;Ja;SHANGRI-LA ASIA HD 1
BMG8086V1467;A1XEDC;AKTIE;Ja;SHENZHEN INTL HLDGS NEW
BMG8114Z1014;912235;AKTIE;Ja;COSCO SHIPP.INTL(HK)HD-10
BMG812761002;A0Q9SE;AKTIE;Ja;SIGNET JEWELERS DL-,18
BMG8181C1001;936973;AKTIE;Ja;SKYWORTH GROUP LTD.HD-,10
BMG8219Z1059;907444;AKTIE;Ja;SMARTONE TEL.HLDGS HD-,10
BMG850801025;A1C609;AKTIE;Ja;STOLT-NIELSEN DL 1
BMG864081044;A1H6XC;AKTIE;Ja;SYLVANIA PLAT. DL 0,01
BMG8726T1053;A40R4Y;AKTIE;Ja;TEEKAY CORP. DL-,001
BMG8726X1065;A40R4Z;AKTIE;Ja;TEEKAY TANKERS LTD.CL.A
BMG9001E1021;A2H9HN;AKTIE;Ja;LIBERTY LAT.AMER.A DL-,01
BMG9001E1286;A2JATY;AKTIE;Ja;LIBERTY LAT.AMER.C DL-,01
BMG9108L1735;A2P7ML;AKTIE;Ja;TSAKOS EN. NAV. LTD
BMG9156K1018;A2PNW9;AKTIE;Ja;2020 BULKERS LTD DL 1
BMG9400S1329;A1C3BF;AKTIE;Ja;VTECH HLDGS (BL100) DL-05
BMG9456A1009;677102;AKTIE;Ja;GOLAR LNG LTD. DL 1
BMG9604B1090;A14WJZ;AKTIE;Ja;WULING MOTO.HLDGS HD-,004
BMG988031446;213795;AKTIE;Ja;YUE YUEN IND.HLDGS HD-,25
BMG9880L1028;A1JCUC;AKTIE;Ja;YUEXIU TRANSP.INFR.HD-,10
BRBBDCACNPR8;896694;AKTIE;Ja;BANCO BRADESCO PFD
BRBRAPACNOR5;553173;AKTIE;Ja;BRADESPAR S.A.
BRBRAPACNPR2;553159;AKTIE;Ja;BRADESPAR S.A. PFD
BRBRKMACNPA4;164640;AKTIE;Ja;BRASKEM PFD A
BRCMIGACNPR3;899018;AKTIE;Ja;CIA EN.GE.PFD-CEMIGRB-
BRCPLEACNPB9;905601;AKTIE;Ja;CIA PARANAENSE EN. PFD B
BRGGBRACNPR8;909187;AKTIE;Ja;GERDAU S.A. PFD
BRPETRACNOR9;932443;AKTIE;Ja;PETROLEO BRAS.SA PET.
BRPETRACNPR6;899019;AKTIE;Ja;PETROLEO BRAS.SA PET.PFD
BRUSIMACNPA6;924256;AKTIE;Ja;USINAS SID.MIN.GER. PFD A
BRVALEACNOR0;897136;AKTIE;Ja;VALE S.A.
BSP736841136;A2PGAS;AKTIE;Ja;ONESPAWORLD HLDGS DL-0001
CA00036H1001;A3E1ZL;AKTIE;Ja;AAPKI VENTURES INC. O.N.
CA00089N1033;189900;AKTIE;Ja;ADF GRP INC. SV
CA0011811068;A0RPJ0;AKTIE;Ja;AG GROWTH INTL INC.
CA00135V1094;A3EMKY;AKTIE;Ja;AI ARTIF.INTEL.VENT.INC.
CA00143Y1034;A2QMBE;AKTIE;Ja;AI-ML INNOVATIONS INC.
CA00149L1058;A2JN3M;AKTIE;Ja;AJN RESOURCES INC. O.N.
CA00208D4084;A1H5K1;AKTIE;Ja;ARC RES LTD
CA00217Y1043;A3D2TT;AKTIE;Ja;ATS CORP.
CA00258V3083;A3EGK4;AKTIE;Ja;ABAXX TECHNOLOGIES INC.
CA00288U1066;A2QKXS;AKTIE;Ja;ABCELLERA BIOLOGICS
CA00289A1093;A417GP;AKTIE;Nein;ABEN GOLD
CA0037351073;A401ML;AKTIE;Ja;ABOUND ENERGY INC. O.N.
CA00379L3048;A40CV1;AKTIE;Ja;ABRASILV. RES.CORP. O.N.
CA0042721005;A0YH82;AKTIE;Ja;ACADIAN TIMBER
CA00654B1040;A2QAL1;AKTIE;Ja;ADCORE INC. O.N.
CA00654D2095;A40CAV;AKTIE;Ja;ADASTRA HOLDINGS LTD.
CA0074082060;A40KQL;AKTIE;Ja;ADURO CLEAN TECHN. INC.
CA00762V1094;869161;AKTIE;Ja;AECON GRP
CA00791L1067;A3DE5D;AKTIE;Ja;ADVANCED MICRO DEV. CDR
CA00791P1071;A3CQ6U;AKTIE;Ja;ADVANTAGE ENERGY LTD.
CA00792D1033;A3EVM8;AKTIE;Ja;ADVANCED GOLD EXPLOR.INC.
CA00792K1075;A4007Y;AKTIE;Ja;AERO ENERGY LTD.O.N.
CA00810E1097;A3ESD0;AKTIE;Ja;AETHER GLOBAL INNOVA.
CA00830W5019;A41BLL;AKTIE;Nein;AFRICA ENERGY
CA00831V2057;A2DMFN;AKTIE;Ja;AFTERMATH SILVER
CA0084741085;860325;AKTIE;Ja;AGNICO EAGLE MINES LTD.
CA0089118776;A12EGF;AKTIE;Ja;AIR CANADA (VAR.VTG)
CA00900Q1037;A1JX59;AKTIE;Ja;AIMIA INC.
CA0091204036;A1H6NC;AKTIE;Ja;AIRIQ INC.
CA00971M4039;A40MY0;AKTIE;Nein;AKANDA CORP.
CA0115321089;A14WBB;AKTIE;Ja;ALAMOS GOLD (NEW)
CA01169F1018;A3D8PV;AKTIE;Nein;ALASKA ENERGY MET. CORP.
CA01176C1095;A415SW;AKTIE;Ja;ALASKA SILVER CORP. O.N.
CA01559R4008;A3DAFG;AKTIE;Ja;ALGERNON PHARMACEUT. A
CA0156581070;A3C5TF;AKTIE;Ja;ALGOMA STEEL GROUP INC.
CA0158571053;A0YDAV;AKTIE;Ja;ALGONQUIN POWER + UTILIT.
CA01626P1484;A3DSL8;AKTIE;Ja;ALIMENTATION COUCHE-TARD
CA01921D2041;A417BV;AKTIE;Nein;ALLIED GOLD CORP. NEW
CA0194561027;251085;AKTIE;Ja;ALLIED PROP.REAL EST. UTS
CA0202833053;A14X2Z;AKTIE;Ja;ALMADEN MINERALS
CA0203981034;A1JSSD;AKTIE;Ja;ALMONTY INDUSTRIES INC.
CA02080J3055;A415QN;AKTIE;Nein;ALPHAGEN INTELLIG. CORP.
CA02080K1049;A3DAPR;AKTIE;Ja;ALPHABET INC. CDR DL-,001
CA0209361009;172912;AKTIE;Ja;ALTIUS MINERALS CORP
CA0211551068;A40M0J;AKTIE;Ja;ALSET AI VENTURES INC.
CA0212641066;A3EE56;AKTIE;Ja;ALTA COPPER CORP.
CA0213611001;A1C08S;AKTIE;Ja;ALTAGAS LTD
CA02156R1082;A2JNFG;AKTIE;Ja;ALTIPLANO METALS INC.
CA02210E1016;A4165V;AKTIE;Nein;ALTURA ENERGY CORP.
CA02215R1073;A1H5H7;AKTIE;Ja;ALTUS GROUP LTD
CA02312A1066;A3DQ02;AKTIE;Ja;AMAROQ MINERALS LTD
CA02315E1051;A3DAE3;AKTIE;Ja;AMAZON.COM INC.CDR DL-,01
CA02377G2045;A3EQAF;AKTIE;Ja;AMERICAN AIRES INC. NEW
CA0272592092;A2DWUX;AKTIE;Ja;AMERICAN LITHIUM
CA0287912004;A2P26D;AKTIE;Ja;AMER. PACIFIC MINING CORP
CA0293641068;A3E2NY;AKTIE;Ja;AMERICAN SALARS LITH.INC
CA03062D1006;A2PRX2;AKTIE;Ja;AMERICAS GOLD+SILVER CORP
CA0307361026;A40SQ7;AKTIE;Ja;AMERITRUST FINL TECHN.INC
CA03074G1090;548236;AKTIE;Ja;AMERIGO RESOURCES LTD
CA03078N2095;A3E4B6;AKTIE;Ja;AMERIWEST LITHIUM NEW
CA03114B1022;A2DJY1;AKTIE;Ja;AMEX EXPLORATION INC.
CA03169D1024;A3CNND;AKTIE;Ja;AMMPOWER CORP.
CA03464C1068;A2JSG9;AKTIE;Ja;ANFIELD RES INC.
CA03753D1042;A40CCQ;AKTIE;Ja;APEX CRITICAL METALS CORP
CA03770A1093;A3C2EZ;AKTIE;Ja;APOLLO SILVER CORP
CA03785Y1007;A3DAE2;AKTIE;Ja;APPLE INC. CDR
CA03879J1003;A14XMD;AKTIE;Ja;ARBUTUS BIOPHARMA
CA03880B1040;A2PX21;AKTIE;Ja;ARBOR METALS CORP.
CA03990E1051;A40D5E;AKTIE;Ja;ARGO CORP.
CA04016E2024;A2N7AW;AKTIE;Ja;ARGENTINA LITHIUM+ENERGY
CA04017M2031;A3EW1E;AKTIE;Nein;ARES STRATEGIC MININGNEW
CA04031A1021;A40EAK;AKTIE;Ja;ARGYLE RESOURCES CORP.
CA04040Y1097;A3DTTG;AKTIE;Ja;ARIS MNG.CORP.
CA04045U1021;A2AS0Y;AKTIE;Ja;ARITZIA INC.SUB.VTG.SHS
CA04058Q1054;A3C8MS;AKTIE;Ja;ARIZONA SONORAN COPPER
CA0422791099;A40V12;AKTIE;Ja;ARMORY MINING CORP. O.N.
CA04336A1049;A3DVMC;AKTIE;Ja;ARWAY CORP.
CA04364G1063;906170;AKTIE;Ja;ASCOT RES LTD
CA04368A2048;A41748;AKTIE;Nein;ASEP MEDICAL HOLDINGS INC
CA0467894006;866126;AKTIE;Ja;ATCO LTD CL. I NON VTG
CA0467971069;A3DW87;AKTIE;Ja;ATCO MINING INC.
CA0468241082;A3DP94;AKTIE;Ja;ATHA ENERGY CORP.
CA04682R1073;A1JYFM;AKTIE;Ja;ATHABASCA OIL CORP.
CA0475591099;A1JVJW;AKTIE;Ja;ATICO MINING CORP.
CA04764T1049;A40787;AKTIE;Ja;ATKINSREALIS GRP INC.
CA04952E2087;A3D36L;AKTIE;Ja;ATMOFIZER TECHNOL.INC. B
CA05156V1022;A1W7D4;AKTIE;Ja;AURINIA PHARMACEUT.
CA05156X8504;A4ZZ0W;AKTIE;Ja;AURORA CANNABIS
CA05157F1062;A3DSXF;AKTIE;Ja;AURIC MINERALS CORP.
CA05335P1099;A2JNSX;AKTIE;Ja;AUXLY CANNABIS GRP
CA05337L3048;A3CMVB;AKTIE;Ja;AVALON ADV. MAT. INC.
CA05353D2023;A40MKU;AKTIE;Ja;AVANT BRANDS
CA05358H1091;A418SP;AKTIE;Nein;AVENTIS ENERGY INC.
CA05368K1003;A2PN04;AKTIE;Ja;AVICANNA INC.
CA0539061030;862191;AKTIE;Ja;AVINO SILVER + GOLD MINES
CA05455X2059;A40A7B;AKTIE;Nein;AXCAP VENTURES INC. NEW
CA05466C1095;A2QAQY;AKTIE;Ja;AYA GOLD + SILVER INC.
CA05475P1099;A2QPFE;AKTIE;Ja;AYR WELLNESS INC.RES.VTG.
CA05476A1012;A3ET06;AKTIE;Ja;AYURCANN HOLDINGS CORP.
CA05478T2074;A3DHG5;AKTIE;Ja;AZINCOURT ENERGY
CA0548271000;A2DRF0;AKTIE;Ja;AZTECH MINERALS CORP.
CA05534B7604;A0J3LN;AKTIE;Ja;BCE INC. NEW
CA05577W2004;A1WZCD;AKTIE;Ja;BRP INC. SUBORD.VOT. O.N.
CA0558691014;A3D4V9;AKTIE;Ja;BTQ TECHNOLOGIES CORP.
CA0585861085;A0RENB;AKTIE;Ja;BALLARD PWR SYS
CA06048X1087;A3DE53;AKTIE;Ja;BANK OF AMERICA CORP. CDR
CA0636711016;850386;AKTIE;Ja;BK MONTREAL CD 2
CA0641491075;850388;AKTIE;Ja;BK NOVA SCOTIA
CA06683K1066;A1T64A;AKTIE;Ja;BANYAN GOLD CORP.
CA06849F1080;A417GQ;AKTIE;Ja;BARRICK MINING CORP.
CA07012B4038;A3EMQ7;AKTIE;Ja;BASIN URANIUM CORP.
CA0704902067;A118WH;AKTIE;Ja;BACTECH ENVIRONMENT.CORP.
CA0705051021;A1C4G7;AKTIE;Ja;BATERO GOLD CORP.
CA07135M2031;A40X9W;AKTIE;Nein;BATTERY X METALS INC.
CA0717051076;A3DLMS;AKTIE;Ja;BAUSCH + LOMB CORP.
CA0717341071;A2JQ1X;AKTIE;Ja;BAUSCH HEALTH COS.
CA07278W1095;A1XA1U;AKTIE;Ja;BAYHORSE SILVER NEW
CA07309M1041;A3EU56;AKTIE;Ja;BAYRIDGE RES CORP.
CA07317Q1054;A1H5TA;AKTIE;Ja;BAYTEX ENERGY CORP.
CA0762301012;A3DZER;AKTIE;Ja;BEDFORD METALS CORP.
CA0765881028;A14WDZ;AKTIE;Ja;BEE VECTOR.TECHS INTL
CA0832971018;A415W6;AKTIE;Nein;BENTON RES INC. O.N.
CA08345Q2080;A2DVM5;AKTIE;Ja;BENZ MINING CORP.
CA08465W1005;A3DDVA;AKTIE;Ja;BERKSH.HATHAWAY CDR REG.S
CA08772P2026;A2P7XN;AKTIE;Ja;BETTERLIFE PHARMA INC.
CA08772W2076;A3D8PP;AKTIE;Ja;BETTERMOOD FOOD CORP.
CA0886412042;A3D3KN;AKTIE;Ja;BEYOND MED TEC. INC. NEW
CA0886691066;A3DLW3;AKTIE;Ja;BEYOND OIL LTD.
CA0898041086;A2PS9W;AKTIE;Ja;BIGG DIGITAL ASSETS INC.
CA09064N1033;A1KCZ1;AKTIE;Ja;BIOASIS TECHNOLOGIES INC.
CA0906971035;A0LAT0;AKTIE;Ja;BIRCHCLIFF ENERGY LTD
CA09076J2074;A40C6G;AKTIE;Ja;BIOHARVEST SC.INC. O.N.
CA09076M1014;A2QE16;AKTIE;Ja;BIOVAXYS TECHNOLOGY CORP.
CA09076P1045;A1H5DX;AKTIE;Ja;BIRD CONSTRUCTION
CA09088U1093;A1W6EZ;AKTIE;Ja;BIRKS GROUP INC. A
CA0909741062;A3D1K3;AKTIE;Ja;BIONXT SOLUTIONS INC.
CA09173B1076;A2PMY9;AKTIE;Ja;BITFARMS LTD
CA09175G1046;A2QMAG;AKTIE;Ja;THE BITCOIN FUND UTS A
CA09202D2077;A0YGD0;AKTIE;Ja;BLACK DIAMOND GRP LTD
CA09214V1040;A1H8W5;AKTIE;Ja;BLACK IRON INC.
CA09226M2094;A40YVE;AKTIE;Nein;BLACK SWAN GRAPH.INC. NEW
CA09228F1036;A1W2YK;AKTIE;Ja;BLACKBERRY LTD
CA09228M2076;A40WUL;AKTIE;Ja;BLACKBIRD CRIT.MET.CORP.
CA09237D1078;A3EEZK;AKTIE;Ja;BLACKHAWK GROWTH CORP.
CA09353K3073;A3DMEJ;AKTIE;Ja;BLENDER BITES LTD.
CA09369M1077;A2JM5R;AKTIE;Ja;BLOCKCHAINK2 CORP.
CA09564P1036;A2PNJ8;AKTIE;Ja;BLUE LAGOON RES.
CA09607B2021;A3CRGD;AKTIE;Ja;BLUE STAR GOLD
CA09609Y1016;A2PD5T;AKTIE;Ja;BLUEBERRIES MEDICAL
CA09643M1059;A401NM;AKTIE;Ja;BLUSKY CARBON INC. O.N.
CA09664U1012;A2QR2G;AKTIE;Ja;BOAT ROCKER MEDIA INC
CA09702A1093;A3DK9L;AKTIE;Ja;BOEING CO. CDR DL 5
CA0976923056;A3D8AK;AKTIE;Ja;BOLT METALS CORP.
CA0977518616;A3DMJG;AKTIE;Ja;BOMBARDIER INC. CL. B
CA0977518798;A3DMVH;AKTIE;Ja;BOMBARDIER INC. CL. A
CA0985461049;A0YGEJ;AKTIE;Ja;BONTERRA ENERGY CORP.
CA0994031072;A3CQ38;AKTIE;Ja;BOOSH PLANT-BASED BRANDS
CA09950M3003;189946;AKTIE;Ja;BORALEX INC. A
CA09972D1069;A40C3B;AKTIE;Ja;BOREALIS MNG CO.LTD O.N.
CA1048333068;A3CMSP;AKTIE;Ja;BRAGG GAMING GRP NEW
CA1053241073;A40FP4;AKTIE;Ja;BRANDPILOT AI INC.
CA1057361026;A3CPBM;AKTIE;Ja;BRAXIA SCIENTIFIC CORP.
CA10778T1057;A1JGBG;AKTIE;Ja;BRI-CHEM CORP.
CA1079302081;A40YZC;AKTIE;Ja;BRIACELL THERAPEUTICS NEW
CA11134P1009;A3ETW7;AKTIE;Ja;BROADC.INC.CDR CIBC REG.S
CA11271J1075;A3D3EV;AKTIE;Ja;BROOKFIELD CORP. CL.A
CA11276H1064;A40WAH;AKTIE;Nein;BROOKFIELD INFR.EX.SUB.A
CA1130041058;A3D2W7;AKTIE;Ja;BRKFLD AS.M.LTD CL.A
CA11777Q2099;A0M889;AKTIE;Ja;B2GOLD CORP.
CA1208311029;157793;AKTIE;Ja;BURCON NUTRASCIENCE CORP.
CA1247651088;854167;AKTIE;Ja;CAE INC.
CA1249003098;869653;AKTIE;Ja;CCL IND. INC. CL.-B-
CA12510R1082;A2QH96;AKTIE;Ja;CDN MAVERICK CAPITAL CORP
CA12532H1047;A2PDWM;AKTIE;Ja;CGI INC. A SV
CA1254055066;A1W2NW;AKTIE;Ja;CGX ENERGY INC.
CA1254911003;A0RENJ;AKTIE;Ja;CI FINANCIAL CORP.
CA1264621006;A1XBLD;AKTIE;Ja;CT REIT
CA1271061022;A2JC8S;AKTIE;Ja;CABRAL GOLD INC.
CA1295844056;A2QE6Z;AKTIE;Ja;CALFRAC WELL SERVICES
CA13000C2058;A2N8JP;AKTIE;Ja;CALIBRE MINING CORP.
CA13124L7016;A2PNFQ;AKTIE;Ja;CALLINEX MINES INC.
CA13321L1085;882017;AKTIE;Ja;CAMECO CORP.
CA1348011091;A0B6V4;AKTIE;Ja;CANACCORD GENUITY GRP INC
CA1348083025;A3D38F;AKTIE;Ja;CANACOL ENERGY LTD
CA1348281025;A1J5XH;AKTIE;Ja;CANADA CARBON INC.
CA1349211054;602282;AKTIE;Ja;CDN APARTMENT PROP. REAL
CA1350861060;A2DM00;AKTIE;Ja;CANADA GOOSE HLDGS INC.
CA13515Q1037;A2P0XC;AKTIE;Ja;CANADA NICKEL CO. INC.
CA1352081063;A1KCYZ;AKTIE;Ja;CANADA RARE EARTH CORP.
CA1360691010;850576;AKTIE;Ja;CIBC
CA1363751027;897879;AKTIE;Ja;CANADIAN NATL RAILWAY CO.
CA1363851017;865114;AKTIE;Ja;CDN NAT. RES LTD
CA13646K1084;A3D9ZG;AKTIE;Ja;CANADIAN PAC KA.CITY LTD.
CA1366351098;A0LCUY;AKTIE;Ja;CANADIAN SOLAR INC.
CA1366812024;858397;AKTIE;Ja;CANADIAN TIRE CORP.LTD.CL
CA1367178326;868439;AKTIE;Ja;CDN UTILITIES LTD A
CA1375761048;A0J328;AKTIE;Ja;CANFOR CORP.
CA13758Y2015;A1J4RA;AKTIE;Ja;CANICKEL MINING
CA13765Y1034;A3EV8J;AKTIE;Ja;CANNABIST CO.HLDG.INC
CA13780R1091;A1W78U;AKTIE;Ja;CANOE EIT INCOME FD NEW
CA1380357048;A3E2FV;AKTIE;Ja;CANOPY GROWTH
CA14042M1023;A0RP0Y;AKTIE;Ja;CAPITAL POWER CORP.
CA14071L1085;A3DH8D;AKTIE;Ja;CAPSTONE COPPER CORP.
CA14116K4046;A3C5SU;AKTIE;Ja;CARBON STREAMING CORP.
CA14150G4007;A1W950;AKTIE;Ja;CARDINAL ENERGY LTD
CA14161Y2006;A2PA9E;AKTIE;Ja;CARDIOL THERAPEUTICS CL.A
CA14179V5036;A2PKMF;AKTIE;Ja;CARGOJET INC. VAR VTG
CA14307R2000;A3DWE7;AKTIE;Ja;CARLYLE COMMODIT.CORP.
CA1469001053;910859;AKTIE;Ja;CASCADES INC.
CA1482391069;A2QEUG;AKTIE;Ja;CASSIAR GOLD CORP
CA14913M1086;A3ETW1;AKTIE;Ja;CATERP.INC CDR CIBC REG.S
CA14919F2061;A40KCF;AKTIE;Ja;CATHEDRA BITCOIN INC.
CA15101Q2071;A406LU;AKTIE;Ja;CELESTICA INC. O.N.
CA15135U1093;A0YD8C;AKTIE;Ja;CENOVUS ENERGY INC.
CA1520061021;A0B6PD;AKTIE;Ja;CENTERRA GOLD INC.
CA15234A4000;A40UMC;AKTIE;Ja;CENTR BRANDS CORP.
CA15713J1049;A2DY1M;AKTIE;Ja;CES ENERGY SOLUTIONS
CA15722J1030;A2DJ44;AKTIE;Nein;CEYLON GRAPHITE CORP.
CA16106R1091;A2N434;AKTIE;Ja;CHARLOTTES WEB HLDGS
CA16141A1030;A1KBXW;AKTIE;Nein;CHARTWELL RETIREM.RESID.
CA1651841027;692606;AKTIE;Ja;CHESAPEAKE GOLD CORP.
CA1671012039;A2ALV4;AKTIE;Ja;CHIBOUGAMAU INDEP. MNS
CA16890P1036;A1C1KW;AKTIE;Ja;CN GOLD INTL RES CORP.LTD
CA17104U1021;A2QEGJ;AKTIE;Ja;CHRISTINA LAKE CANNABIS
CA17178G3026;A3E28S;AKTIE;Ja;CIELO WASTE SOLUT.A NEW
CA1724541000;A1H5KZ;AKTIE;Ja;CINEPLEX INC.
CA17253X1050;A0B85L;AKTIE;Ja;CIPHER PHARMACEUTICALS
CA17278B1040;A3DK9N;AKTIE;Ja;CISCO SYSTEMS CDR DL-,001
CA17878Y2078;A2QJBW;AKTIE;Ja;CIVEO CORP. DL -,01
CA18452Y1007;A2P5AD;AKTIE;Ja;CLEAN AIR METALS INC.
CA18453C4048;A414LQ;AKTIE;Nein;CLEAR BLUE TECHNOLOGIES I
CA18453D3031;A3D361;AKTIE;Ja;CLEANGO INNOVATIONS INC.
CA18453N1033;A3EEHV;AKTIE;Ja;CLEANTECH POWER CORP.
CA1850534027;A3E2CG;AKTIE;Nein;CLEARMIND MEDI.INC.O.N.
CA19123A1093;A3DK8J;AKTIE;Ja;THE COCA-COLA CO. CDR
CA19243C1005;A2JGJZ;AKTIE;Ja;COGNETIVITY NEUROC. LTD
CA1939291060;A3D8WJ;AKTIE;Ja;COLLECTIVE METALS INC.
CA19425C1005;A3C88F;AKTIE;Ja;COLLECTIVE MINING LTD
CA1946931070;A14UB1;AKTIE;Ja;COLLIERS INTL GRP INC. SV
CA1956151098;A1C8BM;AKTIE;Ja;COLONIAL COAL INTL CORP.
CA2006977045;A2PQKV;AKTIE;Ja;COMMERCE RESOURCES CORP.
CA2059531020;A40RA7;AKTIE;Ja;CONAVI MEDICAL
CA21037X1006;A0JM27;AKTIE;Ja;CONSTELLATION SOFTWARE
CA21750C1014;A4170P;AKTIE;Nein;COPPER GIANT RESOU.CORP.
CA2175231091;A40ZSP;AKTIE;Nein;COPPER QUEST EXPLOR. O.N.
CA21852Q6022;A2QQNZ;AKTIE;Nein;CORDOBA MINERALS CORP.
CA21872J3073;A3CSSU;AKTIE;Ja;CORE ONE LABS INC.
CA21873Y1051;A41A19;AKTIE;Nein;CORE SILVER CORP. O.N.
CA21948L1040;A2QAAH;AKTIE;Ja;CORNISH METALS INC.
CA2208741017;925798;AKTIE;Ja;CORUS ENTERTAIN.B NVTG
CA22112H1010;A40J1L;AKTIE;Ja;COSCIENS BIOPHARMA CORP.
CA22170M1095;A3DE5Z;AKTIE;Ja;COSTCO WHOLESALE CDR
CA22535J1066;A40NJZ;AKTIE;Ja;CREDISSENTIALS INC. O.N.
CA22587M1068;A2PAHM;AKTIE;Ja;CRESCO LABS INC. SUB. VTG
CA22630V1031;A2PRQJ;AKTIE;Ja;CRESTVIEW EXPLORATION INC
CA22675W1077;A1H7ZM;AKTIE;Ja;CRITICAL ELEMENTS LITHIUM
CA22717L1013;A2DMQY;AKTIE;Ja;CRONOS GRP INC.
CA22758R1082;A2P9G6;AKTIE;Ja;CROSS RIVER VENTURES CORP
CA22888A2074;A40YSN;AKTIE;Ja;CRUZ BATTERY METALS CORP.
CA23003L1022;A3DJ8V;AKTIE;Ja;CULLINAN METALS CORP.
CA2302663067;A3ETCX;AKTIE;Ja;CULT FOOD SCIENCE CORP.
CA23250C2013;A40K3M;AKTIE;Ja;CYBERCATCH HOLDINGS INC.
CA23256X4075;A40NJY;AKTIE;Ja;CYBIN INC. O.N.
CA23267C3012;A40SY8;AKTIE;Ja;CYPHER METAVERSE INC.
CA23343T2039;A40MGD;AKTIE;Nein;DGTL HLDGS INC.
CA23345B2003;A2JD2F;AKTIE;Ja;DMG BLOCKCHAIN SOL. NEW
CA2435731021;A2QCTP;AKTIE;Ja;DECKLAR RESOURCES INC.
CA24380K4028;A3EJMT;AKTIE;Ja;DEEPMARKIT CORP.
CA2446331035;A2PBZ4;AKTIE;Ja;DEFENSE METALS CORP.
CA24463V1013;A3CN14;AKTIE;Ja;DEFENCE THERAPEUTICS A
CA2447672080;A1JQW5;AKTIE;Nein;DEFIANCE SILVER CORP.
CA24477T1003;A3C8KQ;AKTIE;Ja;DEFINITY FINANCIAL CORP.
CA2449161025;A3EQD5;AKTIE;Ja;DEFI TECHNOLOGIES INC.
CA24703H2019;A41141;AKTIE;Nein;DELIVRA HEALTH BR. O.N.
CA2482332079;A3DZ0P;AKTIE;Ja;DENARIUS METALS CORP.
CA2483561072;A0LFYS;AKTIE;Ja;DENISON MINES CORP.
CA2499061083;913612;AKTIE;Ja;DESCARTES SYS GRP INC.
CA25039N4084;A14X09;AKTIE;Ja;DESERT GOLD VENTURES
CA25043D1078;A2JHVK;AKTIE;Ja;DESERT MOUNTAIN EGY CORP.
CA2519361000;A40MYX;AKTIE;Ja;DEVVSTREAM CORP. O.N.
CA25380B1022;A412K2;AKTIE;Ja;DIGI POWER X INC. O.N.
CA25380E1060;A3ER8K;AKTIE;Ja;DIGICANN VENTURES INC.
CA2546771072;A3CM15;AKTIE;Ja;DISCOVERY SILVER CORP.
CA25472R1064;A415F7;AKTIE;Nein;DISCOVERY EN.MET. O.N.
CA25472W1059;A3C6BB;AKTIE;Ja;THE WALT DISNEY CDR
CA2548481043;A2PNZJ;AKTIE;Ja;DISTRICT METALS
CA25484L2049;A3CSP4;AKTIE;Ja;DISTRICT COPPER CORP.
CA2553311002;A12C65;AKTIE;Ja;DIVERSIFIED ROYALTY
CA25537R1091;A0YD0W;AKTIE;Ja;DIVIDEND 15 SPLIT A CD 15
CA25537Y1043;A1C6X2;AKTIE;Ja;DIVIDEND GROWTH SPLIT
CA25552L2012;A2PX0Y;AKTIE;Ja;DIXIE GOLD INC.
CA25609L1058;A2PQ7E;AKTIE;Ja;DOCEBO INC.
CA25675T1075;A0YCBU;AKTIE;Ja;DOLLARAMA INC.
CA2568277834;A415A0;AKTIE;Ja;DOLLY VARDEN SILVER
CA25822C2058;914262;AKTIE;Ja;DOREL INDS INC. B
CA26142Q3044;A40LPP;AKTIE;Ja;DRAGANFLY INC.
CA26153M5072;A2P8CM;AKTIE;Ja;DREAM UNLIMITED A SV
CA26153P2035;A406LY;AKTIE;Ja;DREAM OFFICE R.E.I. A NEW
CA2652692096;A0CAN0;AKTIE;Ja;DUNDEE PRECIOUS MET.(NEW)
CA26780A1084;A1KBAV;AKTIE;Ja;DYNACERT INC.
CA26780B1067;A3DQFF;AKTIE;Ja;DYNACOR GROUP INC.
CA26806J1093;A40X2S;AKTIE;Ja;DYNAMITE BLOCKCHAIN CORP.
CA26873J1075;A2DU32;AKTIE;Ja;EMX ROYALTY CORP.
CA26885W1041;A2AN4D;AKTIE;Ja;E-PLAY DIGITAL
CA26886R1047;A3DKEK;AKTIE;Ja;EQB INC.
CA26925V1085;A3DNDT;AKTIE;Ja;E3 LITHIUM LTD
CA2692641079;A3D4AB;AKTIE;Ja;EV MINERALS CORP.
CA2704101039;A1T79H;AKTIE;Ja;EAST AFRICA METALS
CA27785T2092;A3D73Z;AKTIE;Ja;EAT+BEYOND GLB HLD.O.N
CA27887W1005;A1JVA8;AKTIE;Ja;ECO(ATLANTIC) OIL+GAS LTD
CA28103Q2080;A3ERKL;AKTIE;Ja;EDISON LITHIUM CORP.
CA2844452029;A40CV2;AKTIE;Nein;ELCORA ADVANCED M. O.N.
CA28474P7065;A40YSL;AKTIE;Ja;ELECTRA BATTERY MATERIALS
CA2849025093;A2PA9H;AKTIE;Ja;ELDORADO GOLD CORP.
CA28617B6061;A3EEZC;AKTIE;Ja;ELECTROVAYA INC.
CA28619A2002;A3EX7N;AKTIE;Ja;ELEMENT79 GOLD CORP.
CA28655A1066;A3ETW6;AKTIE;Ja;ELI LIL+CO.CDR CIPC REG.S
CA2899003008;A12C1E;AKTIE;Ja;ELORO RES LTD
CA2902571041;A2PNZE;AKTIE;Ja;ELSE NUTRITION HLDG
CA2908761018;918088;AKTIE;Ja;EMERA INC.
CA29102L4064;A2PKVQ;AKTIE;Ja;EMERITA RESOUR.CORP. O.N.
CA2918434077;889201;AKTIE;Ja;EMPIRE CO. LTD A
CA29250N1050;885427;AKTIE;Ja;ENBRIDGE INC.
CA29258Y1034;A0DJ0N;AKTIE;Ja;ENDEAVOUR SILVER CORP.
CA29259W7008;A3DLRK;AKTIE;Ja;ENCORE ENERGY CORP.NEW
CA2926717083;A1W757;AKTIE;Ja;ENERGY FUELS INC.
CA29267M1086;A0MX2P;AKTIE;Ja;ENDURANCE GOLD CORP.
CA29269R1055;A1JBLZ;AKTIE;Ja;ENERFLEX LTD
CA29286E2024;A3EEVJ;AKTIE;Ja;ENGINEER GOLD MINES LTD.
CA2929491041;A0BK31;AKTIE;Ja;ENGHOUSE SYSTEMS LTD.
CA29383X2023;A404YT;AKTIE;Ja;ENTHEON BIOMEDICAL CORP.
CA29384J1030;A2DRUU;AKTIE;Ja;ENTREE RES LTD
CA29385B1094;A2PRK5;AKTIE;Ja;ENTHUSIAST GAMING HLDG
CA29408D1087;A3CWQJ;AKTIE;Ja;ENVIROMETAL TECHN. O.N.
CA29410K1084;A0JMA0;AKTIE;Ja;ENWAVE CORPORATION
CA29446Y5020;A2PQPG;AKTIE;Ja;EQUINOX GOLD CORP. NEW
CA29480N2068;A1J72B;AKTIE;Ja;ERDENE RES.DEVELOPM.
CA2960061091;A2H5RW;AKTIE;Ja;ERO COPPER CORP.
CA2964371066;A0YDPM;AKTIE;Ja;ESKAY MINING CORP.
CA29787F1045;A2PBYG;AKTIE;Ja;ETRUSCUS RESOURCES CORP.
CA2985962067;A40FFM;AKTIE;Ja;EUREKA LITHIUM
CA29872T2092;A412JN;AKTIE;Ja;EURO MANGANESE INC.
CA3001442019;A2PTHZ;AKTIE;Ja;EVERGOLD CORP.
CA3012831077;A1C30Q;AKTIE;Ja;EXCHANGE INCOME CORP.
CA30219M1059;A2QDKZ;AKTIE;Ja;EXPLOITS DISCOVERY CORP.
CA30222R1091;A2DWXY;AKTIE;Ja;EXRO TECHS INC. NEW
CA30224T8639;A1JZ4L;AKTIE;Ja;EXTENDICARE INC.
CA30322H1001;A3DK28;AKTIE;Ja;FRNT FINANCIAL INC.
CA30336Y1079;A40KCK;AKTIE;Ja;F3 URANIUM CORP.
CA3038971022;A14NTF;AKTIE;Ja;FAIRFAX INDIA HLDGS
CA3039011026;899676;AKTIE;Ja;FAIRFAX FINL HLDGS SV
CA3060711015;A0EALA;AKTIE;Ja;FALCON OIL + GAS
CA30710P1027;157756;AKTIE;Ja;FANCAMP EXPLORATION LTD
CA3073571034;A3DK5Q;AKTIE;Ja;FARADAY COPPER CORP.
CA31200N2014;A3CQYW;AKTIE;Ja;FATHOM NICKEL INC.
CA3144601067;A3D6WL;AKTIE;Ja;FENDX TECHNOLOGIES INC.
CA31447M1077;A2P5AC;AKTIE;Ja;FENIXORO GOLD CORP.
CA31447P1009;A12A5F;AKTIE;Ja;FENNEC PHARMACEUT.
CA3180714048;885970;AKTIE;Ja;FINNING INTL INC.
CA3180931014;A0CBF9;AKTIE;Ja;FIRAN TECHNOLOGY GROUP
CA31833F1045;A3DQAX;AKTIE;Ja;FIREWEED METALS CORP.
CA31858L2003;A415CW;AKTIE;Nein;FIRST AMERN URANIUM
CA32057N1042;A3C40W;AKTIE;Ja;FIRST HYDROGEN CORP.
CA32076V1031;A0LHKJ;AKTIE;Ja;FIRST MAJESTIC SILVER
CA3208901064;A2JBPS;AKTIE;Ja;FIRST MNG GOLD CORP.
CA33564P1036;A1H4UM;AKTIE;Nein;FIRST NATIONAL FIN. CORP.
CA33583M1077;A4081Q;AKTIE;Ja;FIRST NORDIC M. CORP.
CA3359341052;904604;AKTIE;Ja;FIRST QUANTUM MINLS
CA33611D1033;A3DQCH;AKTIE;Ja;FIRST PHOSPHATE CORP.
CA33767E2024;A2PKR4;AKTIE;Ja;FIRSTSERVICE
CA33827E1016;A4018K;AKTIE;Ja;FITZROY MINERALS INC
CA33833X1015;A0NAH2;AKTIE;Ja;5N PLUS INC.
CA3397642016;A3EHUA;AKTIE;Ja;FLORA GROWTH CORP.
CA3449112018;A1C09C;AKTIE;Ja;FORAN MNG CORP.
CA34630Q1090;A40AT2;AKTIE;Ja;FORGE RESOURCES CORP.
CA34638F1053;A3D492;AKTIE;Ja;FORMATION METALS INC.
CA34660G1046;A0ETPA;AKTIE;Ja;FORSYS METALS CORP.
CA3495531079;881347;AKTIE;Ja;FORTIS INC.
CA3499331013;A40L1Z;AKTIE;Ja;FORTE GROUP HDGS O.N.
CA3499421020;A40CFY;AKTIE;Ja;FORTUNA MINING CORP.
CA3505901056;A2QQ1W;AKTIE;Ja;FOUNDERS METALS INC.
CA3518581051;A0M8PX;AKTIE;Ja;FRANCO-NEVADA CORP.
CA3564552048;A1C4K0;AKTIE;Ja;FREEGOLD VENTURES LTD
CA3565001086;A1H5MJ;AKTIE;Ja;FREEHOLD ROYALTIES LTD
CA35658P1053;A2P5AE;AKTIE;Ja;FREEMAN GOLD CORP.
CA3567773005;A2P4MY;AKTIE;Ja;FREEPORT RES
CA35905B1076;A2DY0J;AKTIE;Ja;FRONTERA ENERGY CORP.
CA35910P1099;A2ANKZ;AKTIE;Ja;FRONTIER LITHIUM INC.
CA36117T1003;A2QFEP;AKTIE;Ja;FURY GOLD MINES LTD.
CA36118K1084;A40TUW;AKTIE;Ja;FUTURE FUELS INC.
CA3613332061;A3EMCW;AKTIE;Ja;G6 MATERIALS CORP.
CA3615692058;A14S7Q;AKTIE;Ja;GDI INTEGR. FAC. SVCS
CA36165F1018;A2DWM1;AKTIE;Ja;GFG RESOURCES INC.
CA36168Q1046;A2PUD4;AKTIE;Ja;GFL ENVIRONM.(SUB.VT.SH.)
CA3619705021;A40YYV;AKTIE;Ja;GABRIEL RESOURCES LTD.
CA36254S1056;A401ND;AKTIE;Ja;GT RESOURCES INC. O.N.
CA36270K1021;A40HNQ;AKTIE;Ja;G MINING VENTURES NEW ON
CA36352H1001;A2P381;AKTIE;Ja;GALIANO GOLD INC.
CA36468X1069;A3CQXA;AKTIE;Ja;GAMEON ENTERTAINM. TECHS
CA36734X1042;A14WLB;AKTIE;Ja;GATEKEEPER SYSTEMS INC.
CA37149B1094;A2LQ0W;AKTIE;Ja;GENERATION MINING
CA37149M2040;A3ECUE;AKTIE;Ja;GENERATIVE AI SOL
CA37150L1031;A4016D;AKTIE;Ja;GENERATION URANIUM INC.
CA3719572008;A413WM;AKTIE;Ja;GENESIS AI CORP.
CA37427C2094;A2N7RK;AKTIE;Ja;GETCHELL GOLD CORP.
CA37452L1085;A409DM;AKTIE;Ja;GIANT MINING CORP. O.N.
CA3759161035;915121;AKTIE;Ja;GILDAN ACTIVEWEAR SV
CA37653W1014;A3D6HK;AKTIE;Ja;GLADIATOR METALS CORP.
CA3771304068;A3CTYR;AKTIE;Ja;GLASS HOUSE BRANDS INC.
CA3794441020;A3CS7K;AKTIE;Ja;GLOBAL DIVIDEND GRO.SP.A
CA37957M1068;A2JAQL;AKTIE;Ja;GLOBAL ATOMIC CORP.
CA37958K2083;A4131E;AKTIE;Nein;GLOBAL BAT.MET. NEW O.N.
CA37959W1023;A3CQU6;AKTIE;Ja;GLOBAL HELIUM CORP.
CA37960T1066;A3DP6A;AKTIE;Ja;GL COMPL.APPL.CORP.
CA37962L1013;A4098M;AKTIE;Ja;GLOBAL URANIUM CORP. O.N.
CA37989H1091;A2QRFS;AKTIE;Ja;GLOW LIFETECH CORP.
CA38018L2021;A3CRF0;AKTIE;Ja;GO METALS CORP.
CA38021J2020;A3ERHR;AKTIE;Ja;GOAT INDUSTRIES LTD
CA3803551074;A140JD;AKTIE;Ja;GOEASY LTD
CA38045Y1025;A1JAES;AKTIE;Ja;GOGOLD RESOURCES INC.
CA3806011043;A2QPAL;AKTIE;Nein;GOLD HUNTER RESOURCES INC
CA38065L1058;A2QLZC;AKTIE;Ja;GOLD MOUNTAIN MINING CORP
CA38071H1064;A2QPLC;AKTIE;Ja;GOLD ROYALTY CORP.
CA38076F1053;A2P0BS;AKTIE;Ja;GOLD TERRA RESOURCES
CA38080W1023;A2DSQD;AKTIE;Ja;GOLDEN ARROW RES.CORP.
CA38120R6005;A416MD;AKTIE;Nein;GOLDEN SHIELD RESOUR. NEW
CA38141A4046;A3DWU4;AKTIE;Ja;GOLDGROUP MINING INC.
CA38144C1005;A0B7D8;AKTIE;Ja;GOLDQUEST MINING CORP.
CA38149E1016;A2DHZ0;AKTIE;Ja;GOLDMINING INC.
CA38149V3011;A40QNN;AKTIE;Ja;GOLDHAVEN RESOURCES CORP.
CA38150F1045;A3DE8D;AKTIE;Ja;GOLDMANN SACHS GROUP CDR
CA38171A2092;A2P063;AKTIE;Ja;GOLIATH RES LTD
CA3820991097;A3C683;AKTIE;Ja;GOOD FLOUR CORP.
CA38217M1005;A2H9NH;AKTIE;Ja;GOODFOOD MARKET CORP.
CA38655P2017;A2AEV5;AKTIE;Ja;GRANDE PORTAGE RES.LTD
CA3874372053;A40QU6;AKTIE;Nein;GRANITE REIT UTS
CA38867G2053;A3C9RQ;AKTIE;Ja;GRAPHANO ENERGY LTD
CA38871F1027;A2PFXE;AKTIE;Nein;GRAPHITE ONE INC.
CA38940L2057;A3EWZU;AKTIE;Ja;GRAYCLIFF EXPLORATION NEW
CA39115A1075;A3EQ9X;AKTIE;Ja;GREAT PAC GOLD CL. A
CA39138C1068;871177;AKTIE;Ja;GREAT-WEST LIFECO INC.
CA39261L2049;A40S1E;AKTIE;Ja;GREEN BATTERY MINERALS
CA3929211025;A3EW4S;AKTIE;Ja;GREEN BRDG. METALS CORP.
CA39342L1085;A2JN3P;AKTIE;Ja;GREEN THUMB INDS
CA3949191041;A3EXGV;AKTIE;Ja;GREENRIDGE EXPL. INC.
CA39526C1068;A40RNR;AKTIE;Ja;GREENFI. FOR.PROD.INC.NEW
CA3952781043;A3CRYD;AKTIE;Ja;GREENHAWK RESOURCES INC.
CA3953251038;A3C4CZ;AKTIE;Ja;GREENLAND RESOURCES INC.
CA3953321096;A2PW90;AKTIE;Ja;GREENLANE RENEWABLES INC.
CA39540E3023;A2QB8T;AKTIE;Ja;GREENPOWER MOTOR CO. INC.
CA3980841033;A3D9SM;AKTIE;Ja;GRID BATTERY METALS INC.
CA39868L1022;A40SG5;AKTIE;Ja;GRIT METALS CORP. O.N.
CA40054T3055;A40XR2;AKTIE;Ja;G2 ENERGY CORP.
CA40066W1068;A3CR38;AKTIE;Ja;GUANAJUATO SILVER CO.LTD.
CA4028801088;A40TP4;AKTIE;Ja;GUNNISON COPPER
CA4039254079;A2N5QQ;AKTIE;Nein;H+R REAL EST.INV.UTS NEW
CA40443L1040;A3DEUD;AKTIE;Ja;HYTN INNOVATIONS INC.
CA4104991076;A2PTXY;AKTIE;Ja;HANNA CAPITAL CORP.
CA4105841064;A2DJ8Y;AKTIE;Ja;HANNAN METALS LTD
CA41138T1057;A3DSQS;AKTIE;Ja;HAPPY BELLY FOOD GRO.INC.
CA41166G1081;A3E3Z9;AKTIE;Ja;HARDCORE DISC. LTD.
CA4196213058;A3DR7N;AKTIE;Ja;HAVN LIFE SCIENCES INC.
CA4220961078;A2P1KZ;AKTIE;Ja;HEADWATER EXPLORATION INC
CA42249X1006;A3EWDE;AKTIE;Ja;HEALWELL AI CL.A SUB.VTG
CA42328Y1025;A2QEX9;AKTIE;Ja;HELIOSTAR METALS LTD.
CA4270861038;A3DRWX;AKTIE;Ja;HERCULES METALS CORP.
CA42804X2068;A40VJY;AKTIE;Ja;HERTZ ENERGY INC
CA42981E4013;A3CMT9;AKTIE;Ja;HIGH TIDE INC
CA43087N2041;A3EV4P;AKTIE;Ja;HIGHLANDER SILVER CORP.
CA4315022026;A3EHQ8;AKTIE;Ja;HILLCREST ENERGY TECH.LTD
CA4339211035;A3EH8Z;AKTIE;Ja;HIVE DIGITAL TECH
CA43709V1058;A3DE40;AKTIE;Ja;HOME DEPOT INC.CDR(REG.S)
CA43758P1080;A3CYRW;AKTIE;Ja;HOMERUN RESOURCES INC.
CA44053J4090;A3E27N;AKTIE;Ja;HORIZON PETROLEUM NEW
CA4436281022;A0DPL4;AKTIE;Ja;HUDBAY MINERALS INC.
CA4457373070;A3DWN8;AKTIE;Ja;HUNTER TECHNOLOGY CORP.
CA44861U4063;A3EF3P;AKTIE;Ja;HYBRID POWER SOLUT. INC.
CA4488112083;A143AD;AKTIE;Ja;HYDRO ONE LTD
CA44916F1071;A415NT;AKTIE;Nein;HYPER BIT TECHNOLOGIES
CA44955L1067;A3CLTE;AKTIE;Ja;I-80 GOLD CORP.
CA4495861060;A0CBFW;AKTIE;Ja;IGM FINANCIAL INC.
CA45074T1021;A2DPCW;AKTIE;Ja;IANTHUS CAPITAL HLDGS INC
CA45074U1093;A3ESW8;AKTIE;Ja;IBERAMERICAN LITHIUM CORP
CA45075E1043;A2PBLT;AKTIE;Ja;IA FINANCIAL CORP. INC.
CA4509131088;899657;AKTIE;Ja;IAMGOLD CORP.
CA45232V1067;A3EH59;AKTIE;Ja;ILLUMIN HOLDINGS INC.
CA45245E1097;896801;AKTIE;Ja;IMAX CORP.
CA45250A4063;A403XE;AKTIE;Ja;IMETAL RES INC.
CA45250L2049;A2QEY3;AKTIE;Ja;IMAGIN MEDICAL INC.
CA45251C2031;A3DR7D;AKTIE;Ja;IMINING TECHNOLOGIES INC.
CA45257A1021;A0HGWG;AKTIE;Ja;IMPACT SILVER CORP.
CA45257F2008;A2QJEC;AKTIE;Ja;IMMUNOPRECISE ANTIBOD.
CA45258G1081;A3C9UK;AKTIE;Ja;IMMUTABLE HOLDINGS INC.
CA4530384086;851368;AKTIE;Ja;IMPERIAL OIL
CA45674D1015;A2QAZ0;AKTIE;Ja;INDVR BRANDS INC.
CA45675G2027;A3EQW9;AKTIE;Ja;INFINITY STONE VENTURES A
CA45675H1010;A3DV5G;AKTIE;Ja;INFINITII AI INC.
CA4576377002;A40UCN;AKTIE;Ja;INMED PHARMACEUT.INC.NEW
CA45780T4046;A4170S;AKTIE;Nein;INPLAY OIL CORP. O.N.
CA45782J1075;A2H6LA;AKTIE;Ja;INOMIN MINES INC
CA45783P1027;A2PSPW;AKTIE;Ja;INNOCAN PHARMA CORP.
CA45790B1040;A0M9S7;AKTIE;Ja;INNERGEX RENEWABLE ENERGY
CA45790Y1043;A2PT67;AKTIE;Ja;INTELLABRIDGE TECH.CORP.
CA45823T1066;A0RNQW;AKTIE;Ja;INTACT FINANCIAL CORP.
CA45826T5098;A3EET5;AKTIE;Ja;INTEGRA RES CORP.
CA45828A1021;A3DQG5;AKTIE;Ja;INTEL CORP. CDR DL-,001
CA45829L1076;A4010U;AKTIE;Nein;INTEGRAL METALS CORP.
CA45868C1095;A1120R;AKTIE;Ja;INTERFOR CORP.
CA4591211095;A2DWU2;AKTIE;Ja;INTERNATL BATT. METALS
CA45921J1093;A3DCF3;AKTIE;Ja;IBM CDR
CA46016U1084;A2DQG7;AKTIE;Ja;INTL PET. CORP.
CA46050R1029;A1C4CG;AKTIE;Ja;INTL TOWER HILL MINES LTD
CA46500E8678;A412Q0;AKTIE;Ja;ISOENERGY LTD NEW
CA46579R1047;A1W4VG;AKTIE;Ja;IVANHOE MINES A
CA46604F1099;A2JNLV;AKTIE;Ja;IZOTROPIC CORP.
CA47009M8896;A2QA7P;AKTIE;Ja;JAGUAR MINING INC. NEW
CA4779161005;A40U45;AKTIE;Ja;JIVA TECHNOLOGIES O.N.
CA47817E1034;A3ET7S;AKTIE;Ja;JOHN.+JOHN.CDR CIBC REG.S
CA48113W1023;A116WZ;AKTIE;Ja;JOURNEY ENERGY INC.
CA4826272052;A401U0;AKTIE;Ja;K9 GOLD CORP.
CA4882951060;A1JS0G;AKTIE;Ja;KELT EXPLORATION LTD
CA4925371052;A1J1N6;AKTIE;Ja;KESSELRUN RESOURCES LTD
CA49374L3065;A2JMZC;AKTIE;Ja;KHIRON LIFE SCIENCES
CA49448Q1090;A1178T;AKTIE;Ja;KINAXIS INC.
CA4947261026;A412A8;AKTIE;Ja;KING COPPER DISC. CORP.
CA49571M5037;A4098R;AKTIE;Nein;KINGFISHER METALS CORP.
CA4957802073;A3DWP4;AKTIE;Ja;KINGMAN MINERALS LTD.
CA49601P1045;A3DDS8;AKTIE;Ja;KINGS ENTERTAINMENT GROUP
CA4967422060;A414WG;AKTIE;Ja;KINGSVIEW MINERALS NEW
CA4969024047;A0DM94;AKTIE;Ja;KINROSS GOLD CORP.
CA4972522052;A3EKUE;AKTIE;Ja;KIPLIN METALS INC. NEW
CA49836K1021;A3DE20;AKTIE;Ja;KIWETINOHK ENERGY
CA4987222060;A1H8T1;AKTIE;Ja;KLONDIKE SILVER CORP.
CA4989033010;A119BJ;AKTIE;Ja;KLONDIKE GOLD CORP.
CA4990531069;A1XE7A;AKTIE;Ja;KNIGHT THERAPEUTICS
CA4991131083;A2AJL3;AKTIE;Ja;K92 MINING INC
CA4998911099;A3EU8A;AKTIE;Ja;KOBREA EXPLORATION CORP.
CA50012K1066;A2P2J9;AKTIE;Ja;KODIAK COPPER CORP.
CA5005838365;A3EYKD;AKTIE;Nein;KOOTENAY SILVER INC. NEW
CA50067K1003;A2QQMA;AKTIE;Ja;KORE MINING LTD.
CA50075X1024;A3DLDF;AKTIE;Ja;KRAKEN ENERGY CORP.
CA50077N1024;A2DYP6;AKTIE;Ja;KRAKEN ROBOTICS INC.
CA50117M1068;A2DNZ7;AKTIE;Ja;K2 GOLD CORP. O.N.
CA5013771053;A2JAMG;AKTIE;Ja;KUTCHO COPPER CORP.
CA50149R1073;A2QELV;AKTIE;Ja;KUYA SILVER CORP.
CA5015068029;A415KV;AKTIE;Nein;KWESST MICRO SYS.INC.
CA5021541076;A3EQZ1;AKTIE;Ja;LQWD TECHNOLOGIES CORP.
CA50543R1091;A2JAFY;AKTIE;Ja;LABRADOR GOLD CORP.
CA5113052032;A40SA5;AKTIE;Ja;LAKE WINN RES. CORP. O.N.
CA51440M1023;A3EMN9;AKTIE;Ja;LANCASTER RESOURCES INC.
CA51669T1012;157084;AKTIE;Ja;LARAMIDE RESOURCES LTD
CA5170971017;A3C7FD;AKTIE;Ja;LARGO INC.
CA51925D1069;910216;AKTIE;Ja;LAURENTIAN BK OF CDA
CA52475E1060;A3C9F4;AKTIE;Ja;LEGIBLE INC.
CA52637M1032;A40ZYP;AKTIE;Ja;LEOCOR MINING
CA52737K2056;A3EWDH;AKTIE;Ja;LEVIATHAN GOLD LTD.
CA5274241051;A3C3DQ;AKTIE;Ja;LEVITEE LABS INC.
CA53000A1066;A3DQFE;AKTIE;Ja;LI-FT POWER LTD
CA53044R8839;A40M9L;AKTIE;Ja;LIB.DEF.HO. CD0
CA53056H1047;A2DRUS;AKTIE;Ja;LIBERTY GOLD
CA53184C1005;A1C6X6;AKTIE;Ja;LIFE + BANC SPLIT
CA53228D2059;A40A8Y;AKTIE;Ja;LIFEIST WELLNESS INC.
CA53229C1077;A3CWX3;AKTIE;Ja;LIGHTSPEED COMMERCE INC.
CA53229R1047;A40X9T;AKTIE;Ja;LIGHT AI
CA53278L1076;905977;AKTIE;Ja;LINAMAR CORP.
CA53567A1012;A40Y3E;AKTIE;Ja;LINEAR MINERALS O.N.
CA53620R1091;A3C8GP;AKTIE;Ja;LION COPPER AND GOLD CORP
CA5362161047;A1H6MD;AKTIE;Ja;LION ONE METALS LTD
CA5362211040;A3CPJ7;AKTIE;Ja;THE LION ELECTRIC COMPANY
CA53633C1077;A2QQBP;AKTIE;Ja;LIQUID AVATAR TECHNO.INC.
CA53680T1021;A2H5MG;AKTIE;Ja;LITHIUM ENERGI EXPL. O.N.
CA53680V1076;A3DMVV;AKTIE;Ja;LITHIUM IONIC CORP.
CA53680X1033;A3EQSS;AKTIE;Ja;LITIUM ION ENERGY LTD.
CA53681G1090;A2JAHX;AKTIE;Ja;LITHIUM CHILE INC.
CA53681J1030;A3ERHF;AKTIE;Ja;LITHIUM AMERICAS CORP.
CA53681T1012;A3DH2K;AKTIE;Ja;LITHIUMBANK RESOURCES
CA5394811015;853286;AKTIE;Ja;LOBLAW COS LTD
CA54180A1066;A3CR8A;AKTIE;Ja;LONCOR GOLD INC.
CA5443122000;A2QA7U;AKTIE;Ja;LOS ANDES COPPER LTD
CA54571C1095;A4113X;AKTIE;Ja;LOTUS CREEK EXPL. O.N.
CA54928Q1081;A0MYR8;AKTIE;Ja;LUCARA DIAMOND CORP.
CA54929M1068;A3D74X;AKTIE;Ja;LUCA MNG INC.
CA5495464060;A2P6LQ;AKTIE;Ja;LUCKY MINERALS
CA55026L3056;A2N5K0;AKTIE;Ja;LUMINA GOLD CORP. (NEW)
CA5503711080;A12GZU;AKTIE;Ja;LUNDIN GOLD INC.
CA5503721063;A0B7XJ;AKTIE;Ja;LUNDIN MINING CORP.
CA5504353098;A3DR5S;AKTIE;Ja;LUPAKA GOLD CORP.
CA55069Q3026;A4148N;AKTIE;Ja;LUXXFOLIO HLDGS INC. O.N.
CA5527041084;A1C2FB;AKTIE;Ja;MEG ENERGY CORP.
CA55378N1078;120504;AKTIE;Ja;MTY FOOD GROUP INC.
CA5589122004;A0Q27W;AKTIE;Ja;MAGELLAN AEROSPACE CORP.
CA5589221004;A411DV;AKTIE;Nein;MAGMA SILVER CORP.
CA55903Q1046;460241;AKTIE;Ja;MAG SILVER CORP.
CA5592224011;868610;AKTIE;Ja;MAGNA INTL INC.
CA55925F1027;A3CMTS;AKTIE;Ja;MAGNA MINING INC.
CA5609121077;A0BK1D;AKTIE;Ja;MAJESTIC GOLD CORP.
CA5625684025;A2PM64;AKTIE;Ja;MANDALAY RES CORP. NEW
CA56389K2074;A3EWMU;AKTIE;Ja;MANNING VENTURES INC.
CA5649051078;895302;AKTIE;Ja;MAPLE LEAF FOODS
CA56501R1064;926517;AKTIE;Ja;MANULIFE FINANCIAL CORP.
CA5651271077;A2H71G;AKTIE;Ja;MAPLE GOLD MINES LTD
CA5652973069;A3C9VE;AKTIE;Ja;MAPLE LEAF GREEN WORLD
CA56658A4019;A3EHL9;AKTIE;Ja;MARGARET LAKE DIAMONDS
CA56783M1068;A2P5GK;AKTIE;Ja;MARIMACA COPPER CORP.
CA5734591046;912842;AKTIE;Ja;MARTINREA INTL INC.
CA57532C1005;A3EWCM;AKTIE;Ja;MASON RES INC.
CA57637G1054;A3DE3B;AKTIE;Ja;MASTERCARD INC. CDR
CA57722Y1025;A3E4PU;AKTIE;Ja;MATTR CORP.
CA57778R1001;A3DJYU;AKTIE;Ja;MAX POWER MINING
CA57808L1076;A3CPBK;AKTIE;Ja;MYFAIR GOLD CORP.
CA58404N3076;A418LA;AKTIE;Nein;MEDARO MINING CORP NEW
CA58457V5036;A1JBK4;AKTIE;Ja;MEDICAL FACILITIES NEW
CA58469E4085;A1J7TZ;AKTIE;Ja;MEDICURE INC.
CA58501R1029;932414;AKTIE;Ja;MEDMIRA INC.
CA58504D1006;A2N7AA;AKTIE;Ja;MEDIPHARM LABS CORP.
CA58516W1041;A0HGWU;AKTIE;Ja;MEGA URANIUM LTD.
CA58518J2002;A3EER1;AKTIE;Ja;MEGAWATT LITH.BATT.METALS
CA5889141019;A418LE;AKTIE;Nein;MEREN ENERGY INC.
CA59101A1012;A3C8SW;AKTIE;Ja;META PLATFORMS INC. CDR
CA59124U6051;A2PW66;AKTIE;Ja;METALLA ROYAL.STREAM. ON
CA59140M1086;A404SQ;AKTIE;Ja;METASPHERE LABS INC.
CA59142H1073;A3EG0D;AKTIE;Ja;METAVISTA3D INC. O.N.
CA59151K1084;882639;AKTIE;Ja;METHANEX CORP.
CA59162N1096;883704;AKTIE;Ja;METRO INC.
CA59403F1053;A3EHXQ;AKTIE;Ja;MIATA METALS CORP.
CA59516M1041;A3C58P;AKTIE;Ja;MICROSOFT CORP. CDR
CA5997841054;A40M9H;AKTIE;Ja;MILITARY METALS CORP.
CA60252Q1019;A1CTEA;AKTIE;Nein;MINAURUM GOLD INC.
CA6025321036;A2PE0E;AKTIE;Ja;MINCO CAPITAL CORP.
CA60254C1005;A0ESX5;AKTIE;Ja;MINCO SILVER CORP.
CA60255C8850;A3DR6E;AKTIE;Ja;MIND MEDICINE (MINDMED)
CA60256C1086;A3EB9V;AKTIE;Ja;MINDBIO THERAPEUT
CA60273M2040;A40124;AKTIE;Ja;MINEHUB TECHNOLOGIES INC.
CA60283L1058;A114CE;AKTIE;Ja;MINERA ALAMOS
CA60306F1018;A40NDD;AKTIE;Ja;MINERAL ROAD DISC. O.N.
CA6046801081;A0F4Z5;AKTIE;Ja;MIRASOL RESOURCES LTD
CA6076772004;A40C6W;AKTIE;Ja;MODERN PLT BAS. FOODS NEW
CA6080111025;A3ENQ6;AKTIE;Ja;MOGOTES METALS INC.
CA60872A2056;A40RV4;AKTIE;Ja;MOLTEN METALS CORP. NEW
CA60916Q1090;A2DYWF;AKTIE;Ja;MONARCA MINLS
CA61178L1013;A2QGW5;AKTIE;Ja;MONTAGE GOLD CORP.
CA61531Y1051;A0MSJR;AKTIE;Ja;MONUMENT MINING LTD
CA62426E4022;910555;AKTIE;Ja;MOUNT.PROV.D.
CA62430M1014;A2P082;AKTIE;Ja;MOUNTAIN VALLEY MD HLDGS
CA6252841045;A0X8HE;AKTIE;Ja;MULLEN GROUP LTD
CA6261351077;A0MXMV;AKTIE;Ja;MUNDORO CAPITAL INC.
CA62757L2075;A3EHUB;AKTIE;Ja;MUSK METALS CORP.
CA62821U1003;A40EWK;AKTIE;Ja;MUSTANG ENERGY CORP.
CA62822A1030;A2PNS7;AKTIE;Ja;MUSTGROW BIOLOGICS CORP.
CA62931J1021;A2QHKX;AKTIE;Ja;NG ENERGY INTERNATIONAL
CA62973P1071;A2QQ5R;AKTIE;Ja;NSJ GOLD CORP.
CA63010A1030;A14QDY;AKTIE;Ja;NANO ONE MATERIALS
CA63010G1000;A2H5GV;AKTIE;Ja;NANOXPLORE, INC. O.N.
CA6330671034;865227;AKTIE;Ja;NATL BK OF CDA
CA64046G1063;A2H9KJ;AKTIE;Ja;NEO PERFORM.MAT.
CA64064Y1043;A3EXTU;AKTIE;Ja;NEOTECH METALS CORP.
CA64067L1094;A3C3EV;AKTIE;Ja;NEPRA FOODS INC.
CA64073L1013;A2QLF6;AKTIE;Ja;NEPTUNE DIGITAL ASS.CORP.
CA64082A1049;A2N94F;AKTIE;Ja;NERDS ON SITE (SUB.VTG.)
CA64082X2032;A2QP3D;AKTIE;Ja;NERVGEN PHARMA CORP.
CA64113H1029;A3DAE1;AKTIE;Ja;NETFLIX INC. CDR
CA64119M1059;A3D5X9;AKTIE;Nein;NETRAMARK HOLDINGS INC.
CA64129Y1079;A12GAQ;AKTIE;Ja;NEUTRISCI INTL
CA64134L1085;A3C4FZ;AKTIE;Ja;NEVADA LITHIUM RESOURCES
CA64151W1023;A14P3D;AKTIE;Ja;NEVADA ZINC CORP.
CA64157G2009;A40MGB;AKTIE;Ja;NEW AGE METALS
CA64440N1033;A2QBFY;AKTIE;Ja;NEW FOUND GOLD CORP.
CA6445351068;A0ERPH;AKTIE;Ja;NEW GOLD INC.
CA64782A1075;A2QJD9;AKTIE;Ja;NEW PACIFIC METALS
CA6489261033;A3EKLZ;AKTIE;Ja;NEW WORLD SOLUTIONS INC.
CA64913V6089;A4177B;AKTIE;Nein;NEW WAVE HLDGS CORP. O.N.
CA65118M1032;A2QATA;AKTIE;Ja;NEWCORE GOLD LTD
CA6513462078;A40U4L;AKTIE;Ja;NEWFOUNDLAND DISCOV.CORP.
CA65290F1080;A40KLQ;AKTIE;Nein;NEXTGEN DIGITAL PLATFORMS
CA6529371032;A3EWHW;AKTIE;Ja;NEXTECH3D.AI.CORP. O.N.
CA65340P1062;A1WZPW;AKTIE;Ja;NEXGEN ENERGY LTD
CA65343M2094;A3CR9Z;AKTIE;Ja;NEXTSOURCE MAT. DL-,001
CA65343P1036;A2PN5K;AKTIE;Ja;NGEX MINERALS LTD.
CA65344W1077;A2QLF8;AKTIE;Ja;NEXE INNOVATIONS INC.
CA65345P1018;A3EXYF;AKTIE;Ja;NEXUS URANIUM CORP.
CA65345V1085;A40EWF;AKTIE;Ja;NEXGOLD MINING CORP.
CA65401N1078;A2QQ2H;AKTIE;Ja;NICKEL 28 CAPITAL CORP.
CA65405R2037;A3D3LF;AKTIE;Ja;NICOLA MINING INC.
CA65410W1068;A3DLCZ;AKTIE;Ja;NIKE INC. CDR(REG.S)
CA6544846091;A3D7SC;AKTIE;Nein;NIOCORP DEVELOPMENTS
CA65501C1005;A3CVWS;AKTIE;Ja;NOBEL RESOURCES CORP.
CA65542K1030;A3CWAR;AKTIE;Ja;NORAM LITHIUM CORP.
CA6568111067;A2JH58;AKTIE;Ja;NRTH AMER.CONST.GRP LTD
CA6614441096;A2P71W;AKTIE;Ja;NORTH PEAK RESOURCES LTD.
CA6632782083;A2DTQF;AKTIE;Ja;NORTH WEST CO. (VV,+CV.)
CA66510M2040;906169;AKTIE;Ja;NORTHERN DYNASTY MINLS
CA66516A1057;A1H95Z;AKTIE;Ja;NORTHERN GRAPHITE CORP.
CA6658043089;A2PBMA;AKTIE;Ja;NORTHERN SUPERIOR RES
CA6658702007;A40GYP;AKTIE;Nein;NORTHERN URANIUM CORP.
CA6665111002;A1H5MB;AKTIE;Ja;NORTHLAND POWER INC.
CA66707L1004;A2PX31;AKTIE;Ja;NORTHSTAR GOLD CORP.
CA66979J1066;A40GFH;AKTIE;Ja;NOVA PACIFIC METALS O.N.
CA66979W8429;A3CMLY;AKTIE;Ja;NOUVEAU MONDE GRAPHITE
CA66987E2069;905542;AKTIE;Ja;NOVAGOLD RES
CA6699882065;A40CUU;AKTIE;Ja;NU E POWER CORP. O.N.
CA67013H1064;A3CTY7;AKTIE;Ja;NOWVERTICAL GROUP INC.
CA67054F1009;A3DABK;AKTIE;Ja;NUGEN MEDICAL DEV. INC.
CA67054W1032;A2P4XN;AKTIE;Ja;NUMINUS WELLNESS INC.
CA67059R1091;A3DNSU;AKTIE;Ja;NUREXONE BIOLOGIC INC.
CA67059X2059;A2QEX0;AKTIE;Ja;NURAN WIRELESS INC.
CA67072Q1046;813977;AKTIE;Ja;NUVISTA ENERGY LTD.
CA67077M1086;A2DWB8;AKTIE;Ja;NUTRIEN LTD
CA67080A1093;A3DDVC;AKTIE;Ja;NVIDIA CORP. CDR REG.S
CA67113W2013;A3DWF4;AKTIE;Ja;O2GOLD INC.
CA6739101054;A3DTQ2;AKTIE;Ja;OBERON URANIUM CORP.
CA6744822033;A2PLZH;AKTIE;Ja;OBSIDIAN ENERGY
CA6752221037;A0MVLD;AKTIE;Ja;OCEANAGOLD CORP.
CA6820431048;A2QJC4;AKTIE;Nein;OMAI GOLD MINES CORP.
CA68218G1090;A3D6VP;AKTIE;Ja;OMEGA PACIFIC RESOURCES
CA68237C1059;A3EKSZ;AKTIE;Ja;ONCO-INNOVATIONS LTD.
CA68272K1030;873080;AKTIE;Ja;ONEX CORP. (SUB. VTG)
CA6837151068;899027;AKTIE;Ja;OPEN TEXT CORP.
CA68390D1069;A417BX;AKTIE;Nein;OR ROYALTIES INC.
CA68405H1001;A2QQEL;AKTIE;Ja;OPTIMI HEALTH CORP.
CA68616T1093;A0RF8Q;AKTIE;Ja;OREZONE GOLD CORP.
CA68616X2095;A3EW2M;AKTIE;Ja;OREX MINERALS INC. NEW
CA68617J1003;A415A3;AKTIE;Nein;ORGANIGRAM GLOBAL INC.
CA68634K1066;A2DHZU;AKTIE;Ja;ORLA MINING (NEW)
CA6870331007;A0Q2HB;AKTIE;Ja;OROCO RESOURCE CORP.
CA68707R1038;A2QBUC;AKTIE;Ja;OROGEN ROYALTIES INC.
CA6882741094;A2DTZC;AKTIE;Nein;OSISKO METALS INC. O.N.
CA68828E8099;A3DK8G;AKTIE;Ja;OSISKO DEVELOPMENT CORP.
CA69002Q1054;A3CSAT;AKTIE;Ja;OUTCROP SILVER + GOLD
CA6936971044;A2QQYS;AKTIE;Ja;PSYBIO THERAP. (SUB.VT.)
CA69379U1012;A3D7RC;AKTIE;Ja;P2EARN INC.
CA6942131096;A2JG1F;AKTIE;Ja;PACIFIC EMPIRE MIN CORP
CA6947986049;A40ZP2;AKTIE;Ja;PACIFIC RIDGE EXPLORATION
CA6974331002;A404RF;AKTIE;Ja;PALO ALTO NETWORKS CDR
CA6976702069;A3EUKG;AKTIE;Ja;PAMPA METALS CORP.
CA6979001089;876617;AKTIE;Ja;PAN AMER. SILVER CORP.
CA69842E4031;A40U4J;AKTIE;Ja;PANGENOMIC HEALTH
CA69863Q1037;914959;AKTIE;Ja;PANORO MINERALS LTD.
CA69867J1057;A40B01;AKTIE;Ja;PANTHER MINERALS INC.
CA6993202069;A0D9Y4;AKTIE;Ja;PARAMOUNT RES LTD CLASS A
CA69938P2052;A407FF;AKTIE;Ja;PARCELPAL LOGIS.INC. O.N.
CA69946Q1046;A0YES6;AKTIE;Ja;PAREX RESOURCES INC.
CA70137W1086;A2P42F;AKTIE;Ja;PARKLAND CORP.
CA7029251088;172888;AKTIE;Ja;PASON SYSTEMS INC
CA70337R1073;A3CREZ;AKTIE;Ja;PATRIOT BATTERY MET.INC.
CA70344Q1000;A40NSB;AKTIE;Ja;PATTERSON MET. O.N.
CA70452C1095;A3C6JD;AKTIE;Ja;PAYPAL HOLDINGS INC. CDR
CA70470T2092;A3ECG1;AKTIE;Ja;PEAKBIRCH COMMERCE INC.
CA7063271034;A1C563;AKTIE;Ja;PEMBINA PIPELINE CORP.
CA71385D1078;A2P6BF;AKTIE;Ja;PERIMETER MED.IMAG.AI
CA71401N1050;A2P0Z2;AKTIE;Ja;PERK LABS INC. O.N.
CA7142661031;A2QPVU;AKTIE;Ja;PERPETUA RES CORP.
CA71677J1012;A2JNFH;AKTIE;Ja;PETROTAL CORP.
CA71678F1080;A2AEE0;AKTIE;Ja;PETRUS RES LTD
CA7170461064;A1H5LQ;AKTIE;Ja;PEYTO EXPL.+DEVEL.CORP.
CA71716W2040;A3EURE;AKTIE;Ja;PHARMADRUG INC.
CA71743P1071;A3CTYT;AKTIE;Ja;PHENOM RESOURCES CORP.
CA72703G2027;A3E2GW;AKTIE;Ja;PLANET BASED FOODS GLOBAL
CA7270532095;A2QEY4;AKTIE;Ja;PLANET VENTURES
CA72749F2008;A3C7Y3;AKTIE;Ja;PLANTING HOPE COMPANY
CA72765Q8829;A2PAHQ;AKTIE;Ja;PLATINUM GROUP METALS LTD
CA7279411069;A3ESDD;AKTIE;Ja;PLASCRED CIRCU.INNOV.INC.
CA73044W3021;A3DWD8;AKTIE;Ja;POET TECHS INC.
CA73238C1041;A2JDJM;AKTIE;Ja;POND TECHS HLDGS
CA73689L2075;A2PBJT;AKTIE;Ja;PORTOFINO RESOURCES INC.
CA7392391016;864840;AKTIE;Ja;POWER CORPORATION OF CDA
CA73928T2011;A40MDR;AKTIE;Ja;POWER GRP PROJECTS
CA73929Q1072;A2DHMA;AKTIE;Ja;POWER METALS CORP.
CA73929R1055;A40S32;AKTIE;Ja;POWER METALLIC MINES O.N.
CA73940N1096;A3D6BS;AKTIE;Ja;POWR LITHIUM CORP.
CA7397211086;A114W8;AKTIE;Ja;PRAIRIESKY ROYALTY LTD
CA74022D4075;A2QH9T;AKTIE;Ja;PRECISION DRILLING CORP.
CA74048R1091;A3ET9P;AKTIE;Ja;PREMIER AMER.URAN.INC.NEW
CA74061L1040;A40UCR;AKTIE;Ja;PREMIUM RES LTD. O.N.
CA74167M1059;A2PRDW;AKTIE;Ja;PRIME MINING CORP.
CA74167W1032;A40M0H;AKTIE;Ja;PRIMARY HYDROGEN CORP.
CA74275P1071;A2QEGD;AKTIE;Ja;PRISMO METALS INC.
CA74290F1009;A3DT8L;AKTIE;Ja;PROBE GOLD INC.
CA74290V2049;A4092P;AKTIE;Ja;PROMINO NUTRI. SCIENCES
CA74358Q1054;A3CQ9D;AKTIE;Ja;PROSPECT RIDGE RESOURCES
CA74447P1009;A2QGCM;AKTIE;Ja;PSYCHED WELLNESS LTD
CA7446571076;A2QCBZ;AKTIE;Ja;P2 GOLD INC.
CA74586Q1090;903751;AKTIE;Ja;PULSE SEISMIC INC.
CA7459321039;A3EP2C;AKTIE;Ja;PULSAR HELIUM INC.
CA74624U1049;A2QJAJ;AKTIE;Ja;PURE EXTRACTS TECHN. CORP
CA74734C1014;A1JH3Y;AKTIE;Ja;QMC QUANTUM MINERALS CORP
CA74739G1072;A3D4CR;AKTIE;Ja;Q2 METALS CORP.
CA74739V1040;A4016R;AKTIE;Ja;PYROGENESIS
CA74764Y2050;A2P8F1;AKTIE;Ja;QUANTUM BIOPHARMA LTD.
CA74765C2022;A40AT4;AKTIE;Ja;QUANTUM BATTERY MET. CORP
CA74767K1030;A3CSAU;AKTIE;Ja;QUANTUM EMOTION CORP.
CA7481197084;A4004Q;AKTIE;Ja;QUEBEC NICKEL CORP NEW
CA7481621042;A3EP21;AKTIE;Ja;QUEBEC RARE EARTH
CA74836K1003;A0F54V;AKTIE;Ja;QUESTERRE ENERGY CORP. A
CA74840A1066;A3E300;AKTIE;Ja;QUEST CRITICAL METALS INC
CA74841L1013;A3DT3C;AKTIE;Nein;QUIMBAYA GOLD INC.
CA74935Q1072;A3EG08;AKTIE;Ja;RB GLOBAL INC.
CA7496011007;A14ZWE;AKTIE;Ja;RIWI CORP.
CA74971G4016;A3DHH4;AKTIE;Ja;RF CAPITAL GROUP INC.
CA74983J1049;A3ETW5;AKTIE;Ja;RTX CORP.CDR CIBC (REG.S)
CA75157B1085;A407UW;AKTIE;Nein;RAMP METALS INC. O.N.
CA75525M1095;A2JL2K;AKTIE;Ja;RAZOR ENERGY CORP
CA75624R1082;A2PRKY;AKTIE;Ja;RECONN.ENERGY AFRICA
CA75671E1097;A2P5KA;AKTIE;Ja;RED LIGHT HOLLAND CORP.
CA75686Y7028;A3CMJ3;AKTIE;Ja;RED PINE EXPLORATION
CA75867L2066;A407GC;AKTIE;Ja;REFINED ENERGY CORP.
CA75888V1004;A3CPRV;AKTIE;Ja;REGEN III CORP.
CA75903K1057;A4159X;AKTIE;Nein;REGENERA INSIGHTS INC.
CA75915M1077;A12C9H;AKTIE;Ja;REGULUS RESOUR.(NEW) NEW
CA7594041062;864977;AKTIE;Ja;REITMANS CDA LTD
CA75941A1012;A407W8;AKTIE;Ja;REKTRON GRP INC.
CA75955T1030;A2AJTB;AKTIE;Ja;RELIQ HEALTH TECHS
CA76029E1060;A3ESFB;AKTIE;Ja;REPLENISH NUTRIENTS HOLD.
CA76125Y6001;A407RP;AKTIE;Ja;ROBEX RES. INC.
CA76131D1033;A12GMA;AKTIE;Ja;RESTAURANT BRANDS INTL
CA76134C1023;A3EVCJ;AKTIE;Ja;RESOURO STRATEGIC METALS
CA7615161030;A2AP4F;AKTIE;Ja;REVIVE THERAPEUTICS LTD
CA76151P1018;A2H7F3;AKTIE;Ja;REVIVAL GOLD INC.
CA76151T1030;A3C36K;AKTIE;Ja;REVITALIST L.A.W. LTD
CA76156R1029;A2PU92;AKTIE;Ja;REVOLUGROUP CANADA INC
CA76170Q1063;A2P6EN;AKTIE;Ja;REYNA SILVER CORP.
CA7669101031;902914;AKTIE;Ja;RIOCAN REAL ESTATE INV.
CA77273P2017;A1XF0V;AKTIE;Ja;ROCK TECH LITHIUM
CA7751092007;867590;AKTIE;Ja;ROGERS COMM.B CD 1,62478
CA77584B1076;A2DPE2;AKTIE;Ja;QYOU MEDIA INC.
CA77683B1076;A2N609;AKTIE;Ja;ROSCAN GOLD CORP.
CA7792911033;A40N7B;AKTIE;Ja;ROUTE 109 RESOURCES
CA7800871021;852173;AKTIE;Ja;ROYAL BK CDA
CA78109M2067;A40QYC;AKTIE;Ja;RUA GOLD INC.
CA7815861025;A0F41Q;AKTIE;Ja;RUNNING FOX RESOURCE CORP
CA78165J1057;A0KFZ6;AKTIE;Ja;RUPERT RESOURCES LTD
CA7819036046;856568;AKTIE;Ja;RUSSEL METALS A
CA7822271028;A0LHL7;AKTIE;Ja;RUSORO MINING LTD
CA7847301032;A2DVLE;AKTIE;Ja;SSR MINING INC.
CA7857133069;A119PK;AKTIE;Ja;SABLE RESOURCES LTD
CA78660A1049;A40J74;AKTIE;Ja;SAGA METALS CORP.
CA7900141044;A2QFH4;AKTIE;Ja;ST.JAMES GOLD CORP.
CA7940071045;A0MMLD;AKTIE;Ja;SALAZAR RES LTD
CA79467F1062;A3DB79;AKTIE;Ja;SALESFORCE INC. CDR O.N.
CA80013R2063;A1JX9B;AKTIE;Ja;SANDSTORM GOLD
CA80100R4089;A3DABT;AKTIE;Ja;SANGOMA TEC.
CA8029121057;909497;AKTIE;Ja;SAPUTO INC.
CA80412L8832;A3C9X6;AKTIE;Ja;SATURN OIL+GAS O.N.
CA8051121090;A0B8TG;AKTIE;Ja;SAVARIA CORP.
CA80917B1094;A40AT5;AKTIE;Nein;SCOPE TECHNOLOGIES O.N.
CA8091852001;A40VXW;AKTIE;Ja;SCOTCH CREEK VENTURES
CA81012R5024;A40VVY;AKTIE;Ja;SCOTTIE RES. CORP. O.N.
CA8119161054;541875;AKTIE;Ja;SEABRIDGE G.
CA81222L1058;A2JRPS;AKTIE;Ja;SEARCHLIGHT RES INC.
CA8139211038;A40PE6;AKTIE;Ja;SECURE WASTE INFRASTRUCT.
CA81607F1036;A3DKJ0;AKTIE;Ja;SEKUR PRIVATE DATA LTD.
CA81752F1062;A411DW;AKTIE;Ja;SERNOVA BIOTHERAPEUTICS
CA81752V2003;A40YSH;AKTIE;Ja;SERRA ENERGY METALS CORP.
CA81948A1021;A2DYSY;AKTIE;Ja;SHARC INTL SYS INC.
CA8239011031;901547;AKTIE;Ja;SHERRITT INTL CORP.
CA82509L1076;A14TJP;AKTIE;Ja;SHOPIFY A SUB.VTG
CA82540M1068;A3DZRR;AKTIE;Ja;SHOWCASE MINERALS INC.
CA82621K1021;A14SN8;AKTIE;Ja;SIENNA SENIOR LIV.
CA82639W1068;A1J9PT;AKTIE;Ja;SIERRA METALS INC.
CA8263XP1041;A3CM97;AKTIE;Ja;SIERRA MADRE GOLD AND SIL
CA8271242072;A3DMCP;AKTIE;Ja;SILO WELLNESS INC.
CA82767L1040;A2P5J9;AKTIE;Ja;SILVER DOLLAR RES
CA82770L3074;A3DWAL;AKTIE;Ja;SILVER ELEPHANT MNG CORP.
CA8277331069;A3C4PX;AKTIE;Ja;SILVER HAMMER MINING CORP
CA8280621092;A2AQ9Y;AKTIE;Ja;SILVER ONE RES.INC. O.N.
CA82831T1093;A2P4YL;AKTIE;Ja;SILVER TIGER METALS INC.
CA8283344098;A40Z5M;AKTIE;Ja;SILVER VIP.MINE.CORP. NEW
CA8283411079;A3CSVE;AKTIE;Ja;SILVER X MINING CORP.
CA82835P1036;A0EAS0;AKTIE;Ja;SILVERCORP METALS INC.
CA82967M1005;A0RM6R;AKTIE;Ja;SIRONA BIOCHEM CORP.
CA83013Q8891;A40RUY;AKTIE;Nein;SIYATA MOBILE
CA83056P7157;A3CRER;AKTIE;Ja;SKEENA RES LTD NEW
CA8308166096;A2AJ7J;AKTIE;Ja;SKYHARBOUR RESOURCES
CA83086W1023;A415CZ;AKTIE;Ja;SKYCAP INVESTMENT HLDGS
CA83179X1087;A14WES;AKTIE;Ja;SMARTCENTRES REIT V.VTG
CA83307B1013;A3DQXY;AKTIE;Ja;SNDL INC.
CA83411A1066;A40N7C;AKTIE;Ja;SOL STRATEGIES INC. O.N.
CA83416D1050;A2PD2P;AKTIE;Ja;SOLARVEST BIOENER
CA83417Y1088;A3D1AL;AKTIE;Ja;SOLARBANK CORP.
CA83445W1086;A2P4DU;AKTIE;Ja;SOMA GOLD CORP.
CA83571A1021;A2QCST;AKTIE;Ja;SONORO GOLD CORP.
CA83671M1059;A408DH;AKTIE;Nein;SOUTH BOW CORP.
CA84624Q1028;A2PA04;AKTIE;Ja;SPACEFY INC.
CA8464811097;A0YJQF;AKTIE;Ja;SPANISH MOUNTAIN GOLD LTD
CA84652L2075;A3EQSN;AKTIE;Ja;SPARK ENERGY MINER. INC.
CA84678A5089;A3EHTZ;AKTIE;Ja;SPARTAN DELTA CORP. NEW
CA8473811005;A2AHL5;AKTIE;Ja;SPEARMINT RESOURCES INC
CA84841L4073;A3EJMR;AKTIE;Ja;SPHERE 3D CORP.
CA8485101031;A14XBU;AKTIE;Ja;SPIN MASTER
CA84859H2072;A3DE2C;AKTIE;Nein;SPIRIT BLOCKCHAIN CAP.
CA8520662088;A2P5HU;AKTIE;Ja;SPROTT INC.
CA85207K1075;A1C711;AKTIE;Ja;SPROTT PHYSICAL SILVER T.
CA85208R1010;A2JBV5;AKTIE;Ja;SPROTT PHYSIC.GOLD+SILV.
CA8529192087;A412WZ;AKTIE;Nein;STALLION URANIUM CORP.
CA8536061010;A2DJQP;AKTIE;Ja;STANDARD LITHIUM LTD
CA85422Q8487;A40ADZ;AKTIE;Ja;STANDARD URANIUM LTD.
CA85472N1096;813102;AKTIE;Ja;STANTEC INC.
CA85512H1047;A416ME;AKTIE;Nein;STAR COPPER CORP.
CA85525T2020;A2AACF;AKTIE;Ja;STARCORE INTL MINES LTD.
CA8552811017;A40CPL;AKTIE;Ja;STARDUST SOL.E.INC. O.N.
CA8559191066;A4165W;AKTIE;Nein;STARZ ENTMT CORP.
CA85853F1053;891500;AKTIE;Ja;STELLA-JONES INC.
CA85859H1055;A2DQ5R;AKTIE;Ja;STEP ENERGY SERVICES LTD.
CA85913R2063;A2JMMP;AKTIE;Ja;STEPPE GOLD LTD.
CA8606471065;A2JG70;AKTIE;Ja;SITKA GOLD CORP
CA86101P1018;A4016B;AKTIE;Ja;STLLR GOLD INC. O.N..
CA86102Q1081;A3DMVF;AKTIE;Ja;STOCK TRENDS CAPITAL INC.
CA8629521086;A3EVHL;AKTIE;Ja;STRATHCONA RES. LTD. NEW
CA86308P1027;A3DQAW;AKTIE;Ja;STRATHMORE PLUS URANIUM
CA86565E1051;A2P4EE;AKTIE;Ja;SUMMA SILVER CORP.
CA8667961053;936039;AKTIE;Ja;SUN LIFE FINANCIAL INC.
CA8672241079;A0NJU2;AKTIE;Ja;SUNCOR ENERGY
CA8676EP1086;784556;AKTIE;Ja;SUNOPTA INC.
CA86804H1091;A40R2U;AKTIE;Nein;SUPER COPPER CORP.O.N.
CA86805E1051;A408VG;AKTIE;Ja;SUPMICRO CDR CIBC REG.S
CA86828P1036;A0RK83;AKTIE;Ja;SUPERIOR PLUS CORP.
CA86880Y8779;A3CSRB;AKTIE;Ja;SURGE ENERGY INC.
CA86881M1041;A2JENX;AKTIE;Ja;SURGE COPPER CORP.
CA86882X1096;A2QQ2P;AKTIE;Ja;SURGE BATTERY METALS INC.
CA87039X1179;A40X9X;AKTIE;Ja;SWEET EARTH HOLD. CORP.
CA8716261075;A40PRT;AKTIE;Ja;SYNTHEIA CORP. O.N.
CA87241L1094;A2DJ2Q;AKTIE;Ja;TFI INTERNATIONAL INC.
CA87283P1099;A3DNG5;AKTIE;Ja;TRX GOLD CORP.
CA87320M2004;A3EWCR;AKTIE;Ja;TAAT GLOBAL ALTERNAT. NEW
CA87505Y4094;A1J1D0;AKTIE;Ja;TAMARACK VALLEY ENERGY
CA87588D1087;A3DM1X;AKTIE;Ja;TANTALEX LITHIUM RES.CORP
CA87609L1058;A2P2ZP;AKTIE;Ja;TARACHI GOLD CORP.
CA87649R1047;A2JGWV;AKTIE;Ja;TARTISAN NICKEL CORP.
CA8765111064;866869;AKTIE;Ja;TASEKO MNS LTD
CA87807B1076;A2PJ41;AKTIE;Ja;TC ENERGY CORP.
CA8787422044;858265;AKTIE;Ja;TECK RES LTD. B SUB.VTG
CA8787423034;855086;AKTIE;Ja;TECK RESOURCES LTD. A
CA87877T6088;A418RY;AKTIE;Nein;TECTONIC METALS INC. NEW
CA87971M1032;918447;AKTIE;Ja;TELUS CORP.
CA87975H1001;A2QNQ7;AKTIE;Ja;TELUS INTL SB VT.WH.ISS.
CA87975M2085;A2PV0Q;AKTIE;Ja;TELO GENOMICS CORP. O.N.
CA87975Q2099;A3EMMX;AKTIE;Ja;TEMAS RESOURCES CORP.
CA88034V3048;A3DAKV;AKTIE;Ja;TENAZ ENERGY CORP.
CA88100M2040;A40X3Q;AKTIE;Ja;TERRA CLEAN ENERGY
CA88105E1088;A2DSES;AKTIE;Ja;TERRASCEND CORP.
CA88162R1091;A3DAPU;AKTIE;Ja;TESLA INC. CDR DL-,001
CA88338H7040;A3ERKM;AKTIE;Ja;THERATECHNOLOGIES INC.
CA8834261080;A2JDME;AKTIE;Ja;THERMA BRIGHT INC.
CA8839301097;A3EP87;AKTIE;Ja;THESIS GOLD INC.
CA8849038085;A3EETN;AKTIE;Ja;THOMSON REUTERS CORP.
CA8851491040;A0YAQ9;AKTIE;Ja;THOR EXPL. LTD (NEW)
CA88576E1088;A3CSYY;AKTIE;Ja;THREE VALLEY COPPER O.N.
CA88605U1075;A2N8Q7;AKTIE;Ja;THUNDERBIRD ENTER.GRP
CA88709B1040;A2ANBL;AKTIE;Nein;TIMBERCREEK FINL
CA8875221001;A0B884;AKTIE;Ja;TINKA RESOURCES LTD
CA8875892082;A404WJ;AKTIE;Ja;TINONE RESOURCES NEW
CA88900N1050;A2PE64;AKTIE;Ja;TOCVAN VENTURES C
CA88908E1079;A3EE4R;AKTIE;Ja;TOGGLE3D AI INC.
CA89055A2039;A2QF3T;AKTIE;Ja;TOPAZ ENERGY CORP
CA8910546032;A2AMAJ;AKTIE;Ja;TOREX GOLD RES INC.
CA8911021050;914305;AKTIE;Ja;TOROMONT INDS LTD.
CA8911605092;852684;AKTIE;Ja;TORONTO-DOMINION BK
CA89154B1022;A0X8WB;AKTIE;Ja;TOTAL ENERGY SERVS INC.
CA89156L1085;A114C7;AKTIE;Ja;TOUCHSTONE EXPLOR.
CA89156V1067;A1C8W0;AKTIE;Ja;TOURMALINE OIL CORP.
CA89239Q2071;A40PNG;AKTIE;Ja;TRACTION URANIUM CORP.
CA89279P1018;A2QQ2Z;AKTIE;Ja;TRAILBREAKER RESOURCES
CA89346D1078;885412;AKTIE;Ja;TRANSALTA CORP.
CA89356V1040;A2PA4W;AKTIE;Ja;TRANSCANNA HOLDINGS INC.
CA8935781044;264396;AKTIE;Ja;TRANSCONTINENTAL A SV
CA8949421017;A3EYD8;AKTIE;Ja;TREATMENT.COM AI O.N.
CA8959451037;812693;AKTIE;Ja;TRICAN WELL SERVICE
CA8959792018;A40X6R;AKTIE;Nein;TRILOGY AI CORP.
CA89624B3020;A3EVV5;AKTIE;Ja;TRILLION ENERGY INTERNAT.
CA89679A2092;A2JAHR;AKTIE;Ja;TRISURA GROUP LTD
CA89679M1041;A2PYB1;AKTIE;Ja;TRIPLE FLAG PREC.MET.
CA89680B2049;A3ETUT;AKTIE;Ja;TRIPSITTER CLINIC LTD.NEW
CA8968871068;A2JA0J;AKTIE;Ja;TROILUS GOLD CORP. NEW
CA8974711084;A3DRXM;AKTIE;Ja;TROY MINERALS INC.
CA89778A1003;A417U9;AKTIE;Nein;TRUBAR INC.
CA89778V1040;A2QE59;AKTIE;Ja;TRU PRECIOUS METALS CORP.
CA89788C1041;A2N60S;AKTIE;Ja;TRULIEVE CANNABIS
CA8985301008;A0B880;AKTIE;Ja;TSODILO RESOURCES LTD
CA89901T1093;A3D078;AKTIE;Ja;TUDOR GOLD CORP. O.N.
CA89904W1095;A3C86Y;AKTIE;Ja;TUGA INNOVATIONS INC.
CA90355T1084;A3D73X;AKTIE;Ja;UBER TEC. INC. CDR(REG.S)
CA90366H4089;A414N9;AKTIE;Ja;US CRITICAL METALS CORP.
CA90387A1012;A3DMP7;AKTIE;Ja;ULTRA BRANDS LTD.
CA90468F1027;A3C87U;AKTIE;Ja;UNIDOC HEALTH CORP.
CA9129371097;A416QM;AKTIE;Nein;UNIVERSAL DIGITAL INC.
CA91360F1099;A3DD3A;AKTIE;Ja;UNIVERSAL IBOGAINE INC.
CA91688R1082;A0HMUF;AKTIE;Ja;UR-ENERGY INC.
CA91702V1013;A2PV0Z;AKTIE;Ja;URANIUM ROYALTY CORP.
CA91725D5001;A3CSRT;AKTIE;Ja;URBANIMMERSIVE INC.
CA91733V1040;A40EX2;AKTIE;Ja;URZ3 ENERGY CORP.
CA91834N6054;A3EUTJ;AKTIE;Ja;VSBLTY GROUPE TECH.
CA9191444020;A1JKQ1;AKTIE;Ja;VALEURA ENERGY INC. NEW
CA91916W1014;A40N7A;AKTIE;Ja;VALKEA RES CORP. O.N.
CA9219661076;A413AZ;AKTIE;Ja;VANGUARD MINING CORP.
CA92281P2008;A2ABKZ;AKTIE;Ja;VENTRIPOINT DIAGNOSTICS
CA92338D1015;A2QPLS;AKTIE;Ja;VERANO HOLDINGS (SUB.VT.)
CA9237251058;A1C4MN;AKTIE;Ja;VERMILION ENERGY INC.
CA92512J1066;A2DLL7;AKTIE;Ja;VERSABANK
CA92539Q4060;A412WD;AKTIE;Ja;VERSES AI
CA9255401064;A2PVB0;AKTIE;Ja;VEXT SCIENCE INC.
CA92561G1028;A3EHU3;AKTIE;Ja;VICE HEALTH AND WELL.INC.
CA92650P1045;A2DS94;AKTIE;Ja;VICTORY SQUARE TECHS
CA92707Y1088;A0YJNB;AKTIE;Ja;VILLAGE FARMS INTL INC.
CA92767B1058;A40GZV;AKTIE;Ja;VIREO GROWTH INC.
CA92790D1024;A3C6BC;AKTIE;Ja;VISA INC. CDR
CA9279263037;A0MRZD;AKTIE;Ja;VISTA GOLD CORP.(NEW)
CA92834E3068;A2DQSD;AKTIE;Ja;VISIBLE GOLD MINES
CA92847V5018;A2PXTX;AKTIE;Ja;VITALHUB CORP..
CA92858X2068;A3DZZR;AKTIE;Ja;VIZSLA COPPER CORP.
CA92859G6085;A40EG3;AKTIE;Ja;VIZSLA SILVER CORP.
CA92865M1023;A2JEQU;AKTIE;Ja;VOLATUS AEROSPACE INC.
CA9289451044;905911;AKTIE;Ja;VULCAN MINLS
CA92905D2032;A4159Z;AKTIE;Ja;VORTEX ENERGY CORP.
CA92938W2022;A1XBPS;AKTIE;Ja;WSP GLOBAL
CA9317782030;A3DR74;AKTIE;Ja;WALKER RIVER RES CORP
CA9323971023;940769;AKTIE;Ja;WALLBRIDGE MINING CO.
CA93267X1006;A3DE29;AKTIE;Ja;WALMART INC. CDR
CA94106B1013;A2AKQ7;AKTIE;Ja;WASTE CONNECTIONS
CA9411881043;A3CRRX;AKTIE;Ja;WATER WAYS TECHS INC.
CA9468852095;A12C3D;AKTIE;Ja;WEALTH MINERALS LTD
CA94947L1022;A2JQV6;AKTIE;Ja;WELL HEALTH TECHS
CA94950R1038;A3C8TS;AKTIE;Ja;WELLFIELD TECHNOLOG. INC.
CA95081C1059;A3CMTQ;AKTIE;Ja;WESANA HEALTH HOLD. INC.
CA95083R1001;A0JC4E;AKTIE;Ja;WESDOME GOLD MINES
CA9528451052;870918;AKTIE;Ja;WEST FRASER TIMBER CO.LTD
CA9534001081;A3C9XP;AKTIE;Ja;WEST ISLAND BRANDS INC.
CA9546062089;A3EXTV;AKTIE;Ja;WEST MINING CORP. O.N.
CA95556L1013;A3DXMA;AKTIE;Ja;WEST RED LAKE GOLD MINES
CA95716A1021;A3DV6G;AKTIE;Ja;WESTBRIDGE RE. EN. CORP.
CA95805V1085;A1JMCZ;AKTIE;Ja;WESTERN COPPER+GOLD CORP.
CA9582112038;A0DK5Z;AKTIE;Ja;WESTERN FOREST PRODUCTS
CA95942C1041;A2DPEM;AKTIE;Ja;WESTERN RES CORP.
CA9603501060;A2P879;AKTIE;Ja;WESTHAVEN GOLD CORP.
CA9611485090;852885;AKTIE;Ja;WESTON -GEORGE-
CA96145A2002;A1J0SM;AKTIE;Ja;WESTSHORE TERMINALS INV.
CA9628791027;A2DRBP;AKTIE;Ja;WHEATON PREC. METALS
CA9638101068;A2DJWY;AKTIE;Ja;WHITE GOLD CORP.
CA96467A2002;A1C7VL;AKTIE;Ja;WHITECAP RESOURCES INC.
CA9732421008;A2PTX0;AKTIE;Ja;WINDFALL GEOTEK
CA97818W1077;A3C166;AKTIE;Ja;WONDERFI TECHNOLOGIES INC
CA9814482027;A3CRGE;AKTIE;Ja;WORLD COPPER LTD
CA98400H1029;A14QF1;AKTIE;Ja;XBIOTECH INC.
CA98402E2069;A3D7YE;AKTIE;Ja;XEBRA BRANDS CL.A
CA98420B3092;A3E2DA;AKTIE;Ja;XIMEN MINING
CA98420N1050;A12ETN;AKTIE;Ja;XENON PHARMACEUTICALS
CA98420Q3061;A3EUNZ;AKTIE;Ja;XORTX THERAPEUTICS
CA98422Q1063;A3D2GP;AKTIE;Ja;XTRACT ONE TECH.INC. O.N.
CA98422W2022;A3DMG7;AKTIE;Ja;XIGEM TECHNOLOGIES CORP.
CA9858441095;A2JBST;AKTIE;Ja;YNVISIBLE INTERACTIVE
CA98664A1084;A3EMCX;AKTIE;Ja;YORK HARBOUR METALS INC.
CA98873A1057;A3DBDT;AKTIE;Ja;YUMY CANDY COMPANY INC.
CA9888161044;A2QQCM;AKTIE;Ja;ZACATECAS SILVER CORP.
CA98942X1024;A3C6TM;AKTIE;Ja;ZENTEK LTD.
CA9895895022;A417U6;AKTIE;Nein;ZIMZU CAPITAL CORP. O.N.
CA98959V1067;A2JLRM;AKTIE;Ja;ZINCX RES CORP.
CA98979D2014;A3EYZB;AKTIE;Ja;ZOGLOS FOOD CORP.
CA98981L1004;A2PSM1;AKTIE;Ja;ZOOMD TECHNOLOGIES LTD
CH0000816824;863037;AKTIE;Nein;OC Oerlikon Corporation AG
CH0001319265;852243;AKTIE;Nein;Schweizerische Nationalbank
CH0001340204;870191;AKTIE;Nein;GRAUBUEND.KT.BK PS SF 100
CH0001341608;851354;AKTIE;Nein;HYPOTHEKARBK LENZBG SF260
CH0001473559;577348;AKTIE;Nein;BASELLANDSCH.KAN.PS SF100
CH0001624714;913709;AKTIE;Nein;CPH GROUP AG NAA
CH0002178181;A2ACPS;AKTIE;Nein;Stadler Rail AG
CH0002432174;A0EAHZ;AKTIE;Nein;Bucher Industries AG
CH0002619481;875838;AKTIE;Nein;WARTECK INVEST NA SF 10 Aktie
CH0003390066;879404;AKTIE;Nein;Mikron Holding AG
CH0003420806;895701;AKTIE;Nein;Orell Füssli AG
CH0003541510;871047;AKTIE;Nein;Forbo Holding AG
CH0003583256;896040;AKTIE;Nein;HIGHLIGHT E & E Aktie
CH0003671440;869929;AKTIE;Nein;Rieter Holding AG
CH0006089921;906781;AKTIE;Nein;Private Equity Holding AG
CH0006372897;907155;AKTIE;Nein;INTERROLL HLDG Aktie
CH0006539198;920299;AKTIE;Ja;HIGHLIGHT CMNCTS INH.SF 1
CH0008038389;927016;AKTIE;Nein;Swiss Prime Site AG
CH0008207356;924111;AKTIE;Nein;BVZ HLDG AG NAM. SF 100
CH0008702190;913744;AKTIE;Nein;Cicor Technologies S.A.
CH0008742519;916234;AKTIE;Nein;Swisscom AG
CH0008837566;935276;AKTIE;Nein;Allreal Holdings AG
CH0008967926;914585;AKTIE;Nein;Adval Tech Holding Aktie
CH0009002962;914661;AKTIE;Nein;Barry Callebaut AG
CH0009062099;914783;AKTIE;Nein;Schaffner Holding AG
CH0009236461;871627;AKTIE;Nein;Basler Kantonalbank
CH0009320091;905428;AKTIE;Nein;Feintool International Holding
CH0009691608;922036;AKTIE;Nein;Berner Kantonalbank AG
CH0010570759;859568;AKTIE;Nein;Chocoladef. Lindt & Sprüngli
CH0010570767;870503;AKTIE;Nein;Chocoladef. Lindt & Sprüngli
CH0010645932;938427;AKTIE;Nein;Givaudan SA
CH0010675863;938312;AKTIE;Nein;Swissquote Grp Holding S.A.
CH0010702154;907324;AKTIE;Nein;Komax Holding AG
CH0010819867;552932;AKTIE;Nein;Talenthouse AG
CH0010947627;890218;AKTIE;Nein;Airesis S.A.
CH0011029946;588714;AKTIE;Nein;Inficon Holding AG
CH0011075394;579919;AKTIE;Nein;Zurich Insurance Group AG
CH0011108872;930290;AKTIE;Nein;Mobimo Holding AG
CH0011115703;552904;AKTIE;Nein;CREALOGIX HLDG Aktie
CH0011178255;578908;AKTIE;Nein;TX Group Aktie
CH0011339204;885933;AKTIE;Nein;Ascom Holding AG
CH0011432447;A0B9GA;AKTIE;Nein;Basilea Pharmaceutica AG
CH0011484067;632296;AKTIE;Nein;St. Galler Kantonalbank AG
CH0011795959;898080;AKTIE;Nein;dormakaba Holding AG
CH0012005267;904278;AKTIE;Nein;Novartis AG
CH0012032048;855167;AKTIE;Nein;Roche Holding AG
CH0012032113;851311;AKTIE;Nein;Roche Holding AG
CH0012100191;922557;AKTIE;Nein;Tecan Group AG
CH0012138605;922031;AKTIE;Nein;Adecco Group AG
CH0012142631;895929;AKTIE;Nein;Clariant AG
CH0012214059;869898;AKTIE;Nein;Holcim Ltd.
CH0012221716;919730;AKTIE;Nein;ABB Ltd.
CH0012255144;871110;AKTIE;Nein;Swatch Group AG, The
CH0012255151;865126;AKTIE;Nein;Swatch Group AG, The
CH0012268360;915684;AKTIE;Nein;Kudelski S.A.
CH0012335540;675054;AKTIE;Nein;Vontobel Holding AG
CH0012410517;853020;AKTIE;Nein;Bâloise Holding AG
CH0012453913;676682;AKTIE;Nein;Temenos AG
CH0012549785;893484;AKTIE;Nein;Sonova Holding AG
CH0012627250;984345;AKTIE;Nein;HBM Healthcare Investments AG
CH0012829898;798263;AKTIE;Nein;Emmi AG
CH0013396012;A0MPG1;AKTIE;Nein;SKAN GROUP AG SF 0,01
CH0013841017;928619;AKTIE;Nein;Lonza Group AG
CH0014284498;891169;AKTIE;Nein;Siegfried Holding AG
CH0014345117;870121;AKTIE;Nein;Cie financière Tradition S.A.
CH0014786500;157770;AKTIE;Nein;Valiant Holding AG
CH0014852781;778237;AKTIE;Nein;Swiss Life Holding AG
CH0016440353;593186;AKTIE;Nein;Ems-Chemie Holding AG
CH0017875789;A0CACJ;AKTIE;Nein;Jungfraubahn Holding AG
CH0018294154;A0CA16;AKTIE;Nein;PSP Swiss Property AG
CH0019107025;A0B7X3;AKTIE;Nein;APG SGA SA
CH0019199550;A0B739;AKTIE;Nein;Alpine Select AG
CH0019396990;A0B8VP;AKTIE;Nein;Ypsomed Holding AG
CH0021545667;A0ETZV;AKTIE;Nein;Vaudoise Assurances Holding SA
CH0022268228;A0F6VT;AKTIE;Nein;EFG International AG
CH0022427626;A0F657;AKTIE;Nein;LEM HOLDING SA
CH0023405456;A0HMLM;AKTIE;Nein;Dufry AG
CH0023868554;A0JEGJ;AKTIE;Nein;Implenia AG
CH0024590272;A0JJW1;AKTIE;Nein;ALSO Holding AG
CH0024608827;A0JJY6;AKTIE;Nein;Partners Group Holding AG
CH0024638196;A0JEHV;AKTIE;Nein;Schindler Holding AG
CH0024638212;A0JJWH;AKTIE;Nein;Schindler Holding AG
CH0024666528;A0MYT7;AKTIE;Nein;HOCHDORF Holding AG
CH0024736404;A0KFH3;AKTIE;Nein;Edisun Power Europe AG
CH0025238863;A0JLZL;AKTIE;Nein;Kühne + Nagel Internat. AG
CH0025343259;A0J3ED;AKTIE;Nein;COLTENE Holding AG
CH0025536027;A0J3NX;AKTIE;Nein;Burckhardt Compression HldgAG
CH0025751329;A0J3YT;AKTIE;Nein;Logitech International S.A.
CH0028422100;A0LG3Z;AKTIE;Nein;Bellevue Group AG
CH0029850754;A0MSH6;AKTIE;Nein;Addex Therapeutics Aktie
CH0030170408;A0MQWG;AKTIE;Nein;Geberit AG
CH0030380734;A0MV9C;AKTIE;Nein;Huber & Suhner AG
CH0030486770;A0MVC2;AKTIE;Nein;Daetwyler Holdings Aktie
CH0033361673;A0M2K9;AKTIE;Nein;u-blox Holding AG
CH0038285679;A0NJ37;AKTIE;Nein;ORASCOM DEV Aktie
CH0038388911;A0NJPK;AKTIE;Nein;Sulzer AG
CH0038389992;A0NFN3;AKTIE;Nein;BB Biotech AG
CH0038863350;A0Q4DC;AKTIE;Nein;Nestlé S.A.
CH0039542854;A0Q16U;AKTIE;Nein;MCH Group AG
CH0039651184;A0Q40B;AKTIE;Nein;Energiedienst Holding AG
CH0039821084;A0Q221;AKTIE;Nein;METALL ZUG Aktie
CH0042615283;A0Q6J0;AKTIE;Nein;DocMorris AG
CH0043238366;A0Q4FN;AKTIE;Nein;Aryzta AG
CH0045825517;A0YCD3;AKTIE;Nein;FUNDAMENTA R.E.NAM. SF 6
CH0048265513;A0REAY;AKTIE;Nein;Transocean Ltd.
CH0048854746;A0RDWE;AKTIE;Nein;Castle Private Equity AG
CH0100837282;A0RMWK;AKTIE;Nein;Kardex Holding AG
CH0102484968;A0YBDU;AKTIE;Nein;Julius Baer Gruppe AG
CH0102659627;A0YBKX;AKTIE;Nein;GAM N Aktie
CH0110240600;A1CUXD;AKTIE;Nein;Arbonia AG
CH0111677362;A1CXAY;AKTIE;Nein;Orior AG
CH0114405324;A1C06B;AKTIE;Nein;GARMIN LTD NAM.SF 0,10
CH0118530366;A1C8PJ;AKTIE;Nein;Peach Property Group AG
CH0126639464;A1JJES;AKTIE;Nein;Calida Holding AG
CH0126673539;A1JU9U;AKTIE;Nein;DKSH Holding AG
CH0126881561;A1H81M;AKTIE;Nein;Swiss Re AG
CH0127480363;A1H900;AKTIE;Nein;Autoneum Holding AG
CH0130293662;A1JLZG;AKTIE;Nein;BKW AG
CH0148052126;A1J0M6;AKTIE;Nein;Zug Estates Holding AG
CH0187624256;A1J1DQ;AKTIE;Nein;IVF Hartmann Holding AG
CH0189396655;A116HQ;AKTIE;Nein;Glarner Kantonalbank
CH0190891181;A1J642;AKTIE;Nein;Leonteq AG
CH0198251305;A1T7B9;AKTIE;Ja;COCA-COLA HBC NA.SF 6,70
CH0208062627;A1T798;AKTIE;Nein;Meier Tobler Group AG
CH0210483332;A1W5CV;AKTIE;Nein;Cie Financière Richemont AG
CH0212255803;A1WZP3;AKTIE;Nein;Burkhalter Holding AG
CH0225173167;A1W65V;AKTIE;Nein;Cembra Money Bank AG
CH0231351104;A110VU;AKTIE;Nein;THURGAU.KANTONALB.PS SF20 Aktie
CH0238627142;A111WS;AKTIE;Nein;Bossard Holding AG
CH0239229302;A112DM;AKTIE;Nein;SFS Group AG
CH0239518779;A113S6;AKTIE;Nein;HIAG Immobilien Aktie
CH0244017502;A117LR;AKTIE;Nein;Bystronic AG
CH0244767585;A12DFH;AKTIE;Nein;UBS Group AG
CH0256379097;A12DEH;AKTIE;Nein;Molecular Partners AG
CH0276534614;A14RXU;AKTIE;Nein;Zehnder Group AG
CH0276837694;A14R33;AKTIE;Nein;Mobilezone Holding AG
CH0284142913;A14VKT;AKTIE;Nein;Plazza Aktie
CH0303692047;A143NB;AKTIE;Ja;EDAG ENGINEERING G.SF-,04
CH0305285295;A2AUDC;AKTIE;Nein;Varia US Properties AG
CH0311864901;A2AGGY;AKTIE;Nein;VAT Group AG
CH0312309682;A2AFKR;AKTIE;Nein;Züblin Immobilien Holding AG
CH0315966322;A2AHC2;AKTIE;Nein;Bell Food Group AG
CH0319416936;A2AJEP;AKTIE;Nein;Flughafen Zürich AG
CH0325094297;A2AMF1;AKTIE;Nein;Investis Holding S.A.
CH0325814116;A2ALS5;AKTIE;Nein;Kuros Biosciences AG
CH0329023102;A2AR5F;AKTIE;Ja;AC IMMUNE SA SF-,02
CH0334081137;A2AT0Z;AKTIE;Nein;CRISPR THERAPEUT. SF -,03
CH0350494719;A2DLDK;AKTIE;Nein;BQUE CANT.D.GEN.NAM.SF 50
CH0350665672;A2DRA8;AKTIE;Nein;BQUE CTLE JURA NA SF 14
CH0360674466;A2DN0K;AKTIE;Nein;Galenica AG
CH0360826991;A2DNSP;AKTIE;Nein;Comet Holding AG
CH0363463438;A2DTEB;AKTIE;Nein;Idorsia AG
CH0367427686;A2DYYE;AKTIE;Nein;Valartis Group AG
CH0371153492;A2DUSP;AKTIE;Nein;Landis+Gyr Group AG
CH0386200239;A2JGBF;AKTIE;Nein;Medartis Holding AG
CH0404880129;A2JE3W;AKTIE;Nein;Asmallworld AG
CH0406705126;A2JGBW;AKTIE;Nein;Sensirion Holding AG
CH0418792922;A2JNV8;AKTIE;Nein;Sika AG
CH0420462266;A2JNTA;AKTIE;Nein;KLINGELNBERG AG NA SF5 Aktie
CH0432492467;A2PDXE;AKTIE;Nein;Alcon AG
CH0435377954;A2N5NU;AKTIE;Nein;SIG Group AG
CH0445689208;A2TT3D;ETC;Ja;21Shares Crypto Basket Index ETP/ETC
CH0451123589;A2QN5W;AKTIE;Ja;SWISSNET AG SF -,10
CH0451424300;A2PAA5;AKTIE;Ja;IQ INTL AG SF-,01
CH0453226893;A2PMGN;AKTIE;Nein;Aluflexpack AG
CH0454664001;A2T64E;ETC;Ja;21Shares Bitcoin ETP/ETC
CH0454664027;A2T68Z;ETC;Ja;21Shares Ethereum ETP/ETC
CH0454664043;A2UBKC;ETC;Ja;21Shares Ripple XRP ETP/ETC
CH0466642201;A2PKFK;AKTIE;Nein;Helvetia Holding AG
CH0468525222;A2PFTD;AKTIE;Nein;Medacta Group S.A.
CH0475552201;A2126N;ETC;Ja;21Shares Bitcoin Cash ETP/ETC
CH0475986318;A2107P;ETC;Ja;21Shares Bitwise Select 10 ETP/ETC
CH0478634105;A2PLW7;AKTIE;Nein;AEVIS Aktie
CH0491507486;A22J1S;ETC;Ja;21Shares Tezos ETP/ETC
CH0496451508;A2PTSZ;AKTIE;Nein;SoftwareONE Holding AG
CH0496454155;A22GRU;ETC;Ja;21Shares Binance BNB ETP/ETC
CH0496484640;A22FMC;ETC;Ja;21Shares Bitcoin Suisse Index ETP/ETC
CH0524026959;A2P2BK;AKTIE;Nein;CHAM SWISS PROP. SF -,03
CH0527044959;A2P2HV;AKTIE;Nein;Bergb.Engelb.-Trüb.-Tit.AG-BET
CH0528751586;A2P272;AKTIE;Nein;VZ Holding AG
CH0530235594;A2P3SQ;AKTIE;Nein;Vetropack Holding S.A.
CH0531751755;A2P4UM;AKTIE;Nein;BANQUE CANTONALE VAUD.SF1
CH0560888270;A2QH97;AKTIE;Ja;LION E-MOBILITY AG SF-,13
CH0582581713;A2QJP8;AKTIE;Nein;Dottikon ES Holding AG
CH0593331561;A3GPQM;ETC;Ja;21Shares Polkadot ETP/ETC
CH1100083471;A3GW2C;ETC;Ja;21Shares Chainlink ETP/ETC
CH1101098163;A3CUQD;AKTIE;Nein;BELIMO Holding AG
CH1102728750;A3GRTN;ETC;Ja;21Shares Cardano ETP/ETC
CH1109575535;A3GRTM;ETC;Ja;21Shares Stellar ETP/ETC
CH1110425654;A3CNPN;AKTIE;Nein;Montana Aerospace AG
CH1110760852;A3CNHV;AKTIE;Nein;PolyPeptide Group AG
CH1114873776;A3GSS0;ETC;Ja;21Shares Solana SOL ETP/ETC
CH1125843347;A3CVT8;AKTIE;Ja;SOPHIA GENETICS SF -,05
CH1129538448;A3GUQJ;ETC;Ja;21Shares Polygon ETP/ETC
CH1130675676;A3GWD4;ETC;Ja;21Shares Crypto Mid-Cap Index ETP/ETC
CH1134239669;A3C2JA;AKTIE;Ja;SPORTRADAR GRP A SF -,1
CH1135202088;A3GVVT;ETC;Ja;21Shares Avalanche ETP/ETC
CH1135202096;A3GW2D;ETC;Ja;21Shares Uniswap ETP/ETC
CH1135202161;A3GUMV;ETC;Ja;21Shares Crypto Basket Equal Weight ETP/ETC
CH1135202179;A3GUMU;ETC;Ja;21Shares Crypto Basket 10 Core ETP/ETC
CH1146882308;A3GYXW;ETC;Ja;21Shares Bytetree BOLD ETP/ETC
CH1146882316;A3GVVU;ETC;Ja;21Shares Algorand ETP/ETC
CH1169151003;A3DHG1;AKTIE;Nein;Fischer AG, Georg
CH1169360919;A3DRSU;AKTIE;Nein;Accelleron Industries Ltd.
CH1173567111;A3DHG2;AKTIE;Nein;GURIT HLDG Aktie
CH1175448666;A3DHHH;AKTIE;Nein;Straumann Holding AG
CH1176493729;A3DLKE;AKTIE;Nein;Bachem Holding AG
CH1199067674;A3GZ2Z;ETC;Ja;21Shares Bitcoin Core ETP/ETC
CH1209763130;A3G04G;ETC;Ja;21Shares Ethereum Core ETP/ETC
CH1210548892;A3G10R;ETC;Ja;21Shares Staking Basket Index ETP (STAKE) ETP/ETC
CH1216478797;A3D2TK;AKTIE;Ja;DSM-FIRMENICH AG EO -,01
CH1243598427;A3ETYB;AKTIE;Nein;Sandoz Group AG
CH1251125998;A3EFB5;AKTIE;Nein;Relief Therapeutics Aktie
CH1252930610;A3EEMF;AKTIE;Nein;Luzerner Kantonalbank AG
CH1256740924;A3D68K;AKTIE;Nein;SGS S.A.
CH1261338102;A2QRHN;AKTIE;Nein;Phoenix Mecano Aktie
CH1262055788;A3D7AP;AKTIE;Nein;EVOLVA N Aktie
CH1276028821;A3EJMQ;AKTIE;Nein;Santhera Pharmaceuticals Hold.
CH1276062754;A3EP76;AKTIE;Nein;WISEKEY INTL B SF 250 Aktie
CH1278877563;A3EJLR;AKTIE;Nein;Carlo Gavazzi Aktie
CH1297762812;A4AFDU;ETC;Ja;21Shares Toncoin Staking ETP (TONN) - USD ACC ETP/ETC
CH1300646267;A3EYCJ;AKTIE;Ja;BUNGE GLOBAL S.A. DL-,01
CH1315732250;A4AE1S;ETC;Ja;Xtrackers Galaxy Physical Bitcoin ETC Securities
CH1315732268;A4AE1T;ETC;Ja;Xtrackers Galaxy Physical Ethereum ETC Securities
CH1330780979;A40BDL;AKTIE;Nein;CURATIS HOLDING AG SF-,10
CH1335392721;A407X6;AKTIE;Nein;GALDERMA GRP AG Aktie
CH1357065999;A40H1E;AKTIE;Nein;Meyer Burger Technology Aktie
CH1385084384;A4AKM2;ETC;Ja;21Shares Solana Core Staking ETP/ETC
CH1398992755;A40VJN;AKTIE;Ja;MULTITUDE AG EO 1,85
CH1425684714;A41BKN;AKTIE;Nein;ARYZTA AG NAM. SF-,80
CH1429326825;A41BKT;AKTIE;Nein;SIEGFRIED HL NA SF 0,72
CH1431521033;A4A5WJ;ETC;Ja;21Shares Dogecoin ETP (DOGE) ETP/ETC
CNE1000000V6;A0M4VZ;AKTIE;Ja;LAUNCH TECH CO. H YC-,01
CNE100000114;A0M4V5;AKTIE;Ja;CMOC GROUP LTD. H YC-,20
CNE100000171;A0M4WA;AKTIE;Ja;SHANDONG WEIGAO H YC-,10
CNE1000001H3;A0M4WJ;AKTIE;Ja;LINGBAO GOLD GR. H YC-,20
CNE1000001N1;A0M4WP;AKTIE;Ja;SHANDONG MOLONG PETR. H
CNE1000001Q4;A0M4WR;AKTIE;Ja;CHINA CITIC BANK H YC 1
CNE1000001S0;A0M4WT;AKTIE;Ja;AIR CHINA LTD. H YC 1
CNE1000001T8;A0M4WU;AKTIE;Ja;ALUMINUM CORP. CHINA YC 1
CNE1000001V4;A0M4WV;AKTIE;Ja;ANGANG STEEL CO. H YC 1
CNE1000001W2;A0M4WW;AKTIE;Ja;ANHUI CONCH CEMENT H YC1
CNE1000001X0;A0M4WX;AKTIE;Ja;ANHUI EXPRESSWAY CO-H-YC1
CNE1000001Y8;A0M4WY;AKTIE;Ja;AVICHINA IND.+TECH. H YC1
CNE1000001Z5;A0M4WZ;AKTIE;Ja;BANK OF CHINA LTD H YC 1
CNE100000205;A0M4W0;AKTIE;Ja;BK O.COMMUNICATIONS H YC1
CNE100000213;A0M4W1;AKTIE;Ja;BAOYE GRP H YC 1
CNE100000221;A0M4W2;AKTIE;Ja;BEIJING C.INTL AIR.-H-YC1
CNE100000247;A0M4W4;AKTIE;Ja;BEIJING JINGKEL. H YC 1
CNE100000296;A0M4W9;AKTIE;Ja;BYD CO. LTD H YC 1
CNE1000002C2;A0M4XB;AKTIE;Ja;CHENGDU SIWI SCI.+T.H YC1
CNE1000002D0;A0M4XC;AKTIE;Ja;CHINA BLUECHEMICAL H YC 1
CNE1000002F5;A0M4XD;AKTIE;Nein;CHINA CMNCTS CONSTR.H YC1
CNE1000002G3;A0M4XE;AKTIE;Ja;CHINA CMNCTS SRVCS H YC 1
CNE1000002H1;A0M4XF;AKTIE;Ja;CHINA CONSTR. BANK H YC 1
CNE1000002J7;A0M4XG;AKTIE;Ja;COSCO SHIP.HLDG.CO.H YC 1
CNE1000002K5;A0M4XH;AKTIE;Ja;CHINA EASTERN AIRL. H YC1
CNE1000002L3;A0M4XJ;AKTIE;Ja;CHINA LIFE INS. H YC 1
CNE1000002M1;A0M4XK;AKTIE;Ja;CHINA MERCHANTS BK H YC 1
CNE1000002N9;A0M4XL;AKTIE;Ja;CHINA NATL BUIL. M. H YC1
CNE1000002P4;A0M4XM;AKTIE;Ja;CHINA OILFIELD SVCS H YC1
CNE1000002Q2;A0M4XN;AKTIE;Ja;CHINA PETRO.+ CHEM. H YC1
CNE1000002R0;A0M4XP;AKTIE;Ja;CHINA SHENHUA EN. H YC 1
CNE1000002S8;A0M4XQ;AKTIE;Ja;COSCO SHIP.ENER.TRAN.CO.H
CNE1000002T6;A0M4XR;AKTIE;Ja;CHINA STHN AIRL.CO. H YC1
CNE1000002V2;A0M4XS;AKTIE;Nein;CHINA TELECOM H YC 1
CNE1000002W0;A0M4XT;AKTIE;Ja;CHONGQING IRON+STEEL HYC1
CNE1000002Y6;A0M4XV;AKTIE;Ja;LIAONING PORT H YC 1
CNE1000002Z3;A0M4XW;AKTIE;Ja;DATANG INTL POW.GE.-H-YC1
CNE100000304;A0M4XX;AKTIE;Ja;DONGFANG ELECTRIC-H- YC 1
CNE100000312;A0M4XY;AKTIE;Ja;DONGFENG MOTOR GRP H YC 1
CNE100000320;A0M4XZ;AKTIE;Ja;FIRST TRACTOR CO. H YC1
CNE100000338;A0M4X0;AKTIE;Ja;GREAT WALL MOTOR H YC 1
CNE100000353;A0M4X2;AKTIE;Ja;HISENSE HOME APP.GR.H YC1
CNE100000379;A0M4X4;AKTIE;Ja;GUANGSHEN RAILWAY H YC 1
CNE100000395;A0M4X6;AKTIE;Ja;CSSC OFF.+MAR.ENG.GR.HYC1
CNE1000003D8;A0M4X9;AKTIE;Ja;HUADIAN POWER INTL H YC 1
CNE1000003G1;A0M4YB;AKTIE;Ja;IND.+COMM.BK CHINA H YC 1
CNE1000003K3;A0M4YE;AKTIE;Ja;JIANGXI COPPER CO. -H-YC1
CNE1000003R8;A0M4YL;AKTIE;Ja;MAANSHAN IRON STEEL H YC1
CNE1000003T4;A0M4YN;AKTIE;Ja;NANJING PANDA ELEC. H YC1
CNE1000003W8;A0M4YQ;AKTIE;Ja;PETROCHINA CO. LTD H YC 1
CNE1000003X6;A0M4YR;AKTIE;Ja;PING AN INS.C.CHINA H YC1
CNE1000003Y4;A0M4YS;AKTIE;Ja;QINGLING MOTORS CO. H YC1
CNE100000411;A0M4YV;AKTIE;Ja;SHANDONG XINHUA PHA.H YC1
CNE100000437;A0M4YX;AKTIE;Ja;SHANGHAI ELECT.GRP H YC 1
CNE100000478;A0M4Y1;AKTIE;Ja;SHENZHEN EXPRESSWAY H YC1
CNE1000004C8;A0M4Y5;AKTIE;Ja;SINOPEC SHANGHAI H YC 1
CNE1000004D6;A0M4Y6;AKTIE;Ja;SINOPEC OILF. SERV. YC 1
CNE1000004F1;A0M4Y7;AKTIE;Ja;SINOTRANS LTD H YC 1
CNE1000004G9;A0M4Y8;AKTIE;Ja;TIANJIN CAP. H YC 1
CNE1000004J3;A0M4ZA;AKTIE;Ja;TRAVELSKY TECHNOLOGY HYC1
CNE1000004K1;A0M4ZB;AKTIE;Ja;TSINGTAO BREWERY H YC 1
CNE1000004L9;A0M4ZC;AKTIE;Ja;WEICHAI POWER CO. H YC 1
CNE1000004Q8;A0M4ZG;AKTIE;Ja;YANKUANG ENERGY GR.H YC 1
CNE1000004R6;A0M4ZH;AKTIE;Ja;ZHAOJIN MINING IND.H YC 1
CNE1000004S4;A0M4ZJ;AKTIE;Ja;ZHEJIANG EXPRESSWAY H YC1
CNE1000004X4;A0M4ZN;AKTIE;Ja;ZHUZHOU CRRC TIME.E.H YC1
CNE1000004Y2;A0M4ZP;AKTIE;Ja;ZTE CORP. H YC 1
CNE100000502;A0M4ZR;AKTIE;Ja;ZIJIN MINING GRP H YC-,10
CNE100000510;A0M4ZS;AKTIE;Ja;SHANGHAI FU. MIC.H YC-,10
CNE100000528;A0M4ZT;AKTIE;Ja;CHINA COAL ENERGY H YC 1
CNE100000536;A0M4ZU;AKTIE;Ja;COSCO SHIPPING DEV.H YC 1
CNE100000569;A0M4ZW;AKTIE;Ja;GUANGZHOU R+F PR. H CONS.
CNE100000593;A0M4ZZ;AKTIE;Ja;PICC PROPERTY+CASU. H YC1
CNE1000005B7;A0M4Z0;AKTIE;Nein;YANTAI N.ANDRE JU.H YC 1
CNE1000006Z4;A0M276;AKTIE;Ja;HUANENG PWR INTL H YC 1
CNE1000007G2;A0M236;AKTIE;Ja;XINJIANG XINX.MNG H YC-25
CNE1000007Z2;A0M8JF;AKTIE;Ja;CHINA RAILWAY GRP H YC 1
CNE100000981;A0NEWB;AKTIE;Nein;CHINA RAILWAY CONS.H YC 1
CNE1000009Q7;A0NHPX;AKTIE;Ja;CHINA PACIFIC IN.GR.H YC1
CNE100000BG0;A0Q8DQ;AKTIE;Nein;CRRC CORP. LTD. H YC 1
CNE100000F20;A0X91F;AKTIE;Ja;BBMG CORP. H YC 1
CNE100000FN7;A0N99U;AKTIE;Ja;SINOPHARM GRP CO. H YC 1
CNE100000HD4;A0YFUR;AKTIE;Ja;CHIN.LONGYUAN PWR G.H YC1
CNE100000HF9;A0YE04;AKTIE;Ja;CHINA MINSHENG BK. H YC 1
CNE100000PP1;A1C0QD;AKTIE;Ja;GOLDWIND SCIE.+TECHNO. H
CNE100000Q35;A1C2W3;AKTIE;Ja;GUANGZHOU AUTO.GRP H YC 1
CNE100000Q43;A1C024;AKTIE;Ja;AGRICULT.BNK OF CN H YC 1
CNE100000TW9;A1C6F8;AKTIE;Ja;CN.SUNTIEN GR.ENRGY H YC1
CNE100000X44;A1H417;AKTIE;Ja;CHONGQING RURAL COMM. H
CNE100000X69;A1C4U1;AKTIE;Ja;CN.DATANG CRP.RENEW.PWR H
CNE100000X85;A1H39A;AKTIE;Ja;ZOOMLION HEA.I.S.+T.H YC1
CNE1000012B3;A1JAWQ;AKTIE;Ja;SHANGHAI PHARM.HLDG H YC1
CNE100001336;A1JRGS;AKTIE;Ja;BEIJ.JINGNENG CL.ERG.HYC1
CNE1000016V2;A1JLVC;AKTIE;Ja;CITIC SECURITIES H YC 1
CNE100001922;A1JQV6;AKTIE;Ja;NEW CN LIFE INSUR.H YC1
CNE100001M79;A1J68D;AKTIE;Ja;SHANG.FOS.PHARM.GR.H YC 1
CNE100001NV2;A1T97T;AKTIE;Ja;SINOPEC ENG.(GRP) H YC 1
CNE100001QS1;A1W929;AKTIE;Ja;CHINA CIND.ASS.MGMT H YC1
CNE100001SG2;A115GL;AKTIE;Ja;QINGDAO PORT INTL H YC 1
CNE100001SV1;A116C9;AKTIE;Ja;BEIJING UR.C.D.+DEV.GRP H
CNE100001T80;A12FS9;AKTIE;Ja;CGN POWER CO.LTD H YC 1
CNE100001TJ4;A12GNY;AKTIE;Ja;BAIC MOTOR CORP.LTD H YC1
CNE100001TR7;A14QXM;AKTIE;Ja;FUYAO GLASS IND.GP -H-YC1
CNE100001ZT0;A14VAD;AKTIE;Ja;LEGEND HLDGS CORP. H YC 1
CNE1000021L3;A14XHK;AKTIE;Ja;CHINA RAIL.SIG.+COM.C.YC1
CNE100002342;A142F0;AKTIE;Ja;CHINA REINSU.GROUP.H YC 1
CNE100002359;A14213;AKTIE;Ja;CHINA INT.CAP.CORP.H YC 1
CNE100002375;A144CV;AKTIE;Ja;FLAT GLASS GROUP H YC-,25
CNE1000023G9;A2QQ7M;AKTIE;Ja;XINTE ENERGY CO. CL.H YC1
CNE1000029W3;A2ARY5;AKTIE;Ja;POSTAL SAVINGS BANK H YC1
CNE100002FK9;A2DPT0;AKTIE;Ja;GUOTAI HAITONG SEC.H YC1
CNE100002QY7;A2DXZ6;AKTIE;Ja;ZHONGAN ONL.P+C INS. YC1
CNE1000031C1;A2JM2W;AKTIE;Ja;HAIER SMART HOME CO.D YC1
CNE1000031W9;A2N6UN;AKTIE;Ja;GANFENG LITHIUM GRP.H HD1
CNE1000036N7;A2N6V5;AKTIE;Ja;SHAND.GOLD MNG LTD H HD 1
CNE100003F01;A2PGFW;AKTIE;Ja;CANSINO BIOLOGICS H YC 1
CNE100003F19;A2PAJG;AKTIE;Ja;WUXI APPTEC H 02359 YC1
CNE100003PG4;A2PV00;AKTIE;Ja;PHARMARON BEIJING H YC1
CNE100003YB7;A2P728;AKTIE;Ja;CHINA BOHAI BANK CO. HD1
CNE1000040M1;A2QALD;AKTIE;Ja;HANGZHOU TIGERMED CO. H 1
CNE100004272;A2QB2T;AKTIE;Ja;NONGFU SPRING CO. H YC 1
CNE1000048G6;A2QGM4;AKTIE;Ja;REMEGEN CO. LTD YC 1
CNE1000048K8;A2QHT7;AKTIE;Ja;HAIER SMART HOME CO.H YC1
CNE100004JD2;A3CS7H;AKTIE;Ja;ZYLOX-TONBRDG.MED.TECH.H1
CNE1000055Y4;A3DCLB;AKTIE;Ja;JL MAG RARE-EARTH H YC1
CNE1000057N3;A3DHJA;AKTIE;Ja;HUAXIN CEMENT CO. H YC 1
CNE100005D27;A3DTJ9;AKTIE;Ja;BIOCYTOGEN PHARMA. H YC1
CNE100005F09;A3DQVD;AKTIE;Ja;TIANQI LITHIUM H YC 1
CNE100006M58;A40NY5;AKTIE;Ja;MIDEA GROUP CO. LTD H YC1
CNE100006V65;A3E4ZN;AKTIE;Ja;CHINA TOWER CORP. H YC 1
CNE100006WS8;A418NB;AKTIE;Nein;CONT.AMPEREX TECH. A HD 1
CS0008418869;887834;AKTIE;Ja;PHIL.MORR.CR NAM. KC 1000
CY0106002112;A142QE;AKTIE;Ja;ATALAYA MNG COPPER EO-,09
CY0200352116;A3D38W;AKTIE;Ja;FRONTLINE PLC DL 1
CY0200751713;A3E2ZV;AKTIE;Ja;THEON INTERN.PLC CY1
CZ0005112300;887832;AKTIE;Ja;CEZ AS INH. KC 100
CZ0008019106;888040;AKTIE;Ja;KOMERCNI BANKA INH. KC100
CZ0008040318;A2AHZ4;AKTIE;Ja;MONETA MONEY BANK KC 20
CZ0009000121;A143XZ;AKTIE;Ja;KOFOLA CESKOSLOVE. KC 50
CZ0009008942;A2QDWT;AKTIE;Ja;COLT CZ GROUP SE KC-,10
CZ1008000310;A410GL;AKTIE;Ja;DOOSAN SKODA POWER KC 50
DE0001218063;121806;AKTIE;Ja;HELIAD AG NA O.N.
DE0001262152;126215;AKTIE;Ja;B+S BANKSYSTEME AG O.N.
DE0001619997;161999;FONDS;Ja;MEAG Nachhaltigkeit
DE0001644565;164456;AKTIE;Ja;ERLEBNIS AKADEMIE AG
DE0002605037;260503;FONDS;Nein;Selection Rendite Plus I
DE0002605557;260555;AKTIE;Ja;BAVARIA INDS GRP O.N.
DE0002635265;263526;ETF;Ja;iShares Pfandbriefe UCITS ETF (DE)
DE0002635273;263527;ETF;Ja;iShares DivDAX® UCITS ETF (DE)
DE0002635281;263528;ETF;Ja;iShares EURO STOXX Select Dividend 30 UCITS ETF (DE)
DE0002635299;263529;ETF;Ja;iShares STOXX Europe Select Dividend 30 UCITS ETF (DE)
DE0002635307;263530;ETF;Ja;iShares STOXX Europe 600 UCITS ETF (DE)
DE0004156302;415630;FONDS;Nein;Generali AktivMix Ertrag
DE0005009740;500974;AKTIE;Ja;AHLERS AG NA O.N.
DE0005019004;501900;AKTIE;Ja;AGROB IMMOB.AG ST
DE0005019038;501903;AKTIE;Ja;AGROB IMMOB.AG VZO
DE0005089031;508903;AKTIE;Ja;UTD.INTERNET AG NA
DE0005093108;509310;AKTIE;Ja;AMADEUS FIRE AG
DE0005102008;510200;AKTIE;Ja;BASLER AG O.N.
DE0005103006;510300;AKTIE;Ja;ADTRAN NETW.SE INH O.N.
DE0005104400;510440;AKTIE;Ja;ATOSS SOFTWARE SE INH O.N
DE0005104806;510480;AKTIE;Ja;SYZYGY AG O.N.
DE0005110001;511000;AKTIE;Ja;ALL FOR ONE GROUP NA O.N.
DE0005117493;511749;FONDS;Nein;Inovesta Classic
DE0005117519;511751;FONDS;Nein;Inovesta Opportunity
DE0005118806;511880;AKTIE;Ja;11 88 0 SOLUTIONS AG
DE0005120802;512080;AKTIE;Ja;RUBEAN O.N.
DE0005137004;513700;AKTIE;Ja;Q.BEYOND AG NA O.N.
DE0005140008;514000;AKTIE;Ja;DEUTSCHE BANK AG NA O.N.
DE0005146807;514680;AKTIE;Ja;DELTICOM AG NA O.N.
DE0005152003;515200;FONDS;Nein;HSBC Euro Credit Non-Financial Bond AC
DE0005152375;515237;FONDS;Nein;DWS Europe Dynamic
DE0005152409;515240;FONDS;Nein;DWS German Small/Mid Cap LD
DE0005152441;515244;FONDS;Ja;DWS Global Growth LD
DE0005152466;515246;FONDS;Ja;DWS SDG Global Equities LD
DE0005152482;515248;FONDS;Nein;DWS Smart Industrial Technologies LD
DE0005152706;515270;FONDS;Nein;Deka-MegaTrends - CF EUR DIS Fonds
DE0005156004;515600;AKTIE;Ja;GIGASET AG O.N.
DE0005156236;515623;AKTIE;Ja;SCHWEIZER ELECTR. NA O.N.
DE0005157101;515710;AKTIE;Ja;DR. HOENLE AG O.N.
DE0005158703;515870;AKTIE;Ja;BECHTLE AG O.N.
DE0005167902;516790;AKTIE;Ja;3U HOLDING AG
DE0005176903;517690;AKTIE;Ja;SURTECO GROUP SE INH O.N.
DE0005178008;517800;AKTIE;Ja;SOFTING AG O.N.
DE0005181606;518160;AKTIE;Ja;WENG FINE ART AG NA O.N.
DE0005190003;519000;AKTIE;Ja;BAY.MOTOREN WERKE AG ST
DE0005190037;519003;AKTIE;Ja;BAY.MOTOREN WERKE VZO
DE0005194005;519400;AKTIE;Ja;BAYWA AG NA O.N.
DE0005194062;519406;AKTIE;Ja;BAYWA AG VINK.NA. O.N.
DE0005199905;519990;AKTIE;Ja;LUDW.BECK A.RATHAUSECK
DE0005200000;520000;AKTIE;Ja;BEIERSDORF AG O.N.
DE0005201602;520160;AKTIE;Ja;BERENTZEN-GRP.AG
DE0005202303;520230;AKTIE;Ja;QUIRIN PRIVATBK O.N.
DE0005203947;520394;AKTIE;Ja;BRAIN BIOTEC NA O.N.
DE0005209589;520958;AKTIE;Ja;ARTEC TECHNOLOGIES O.N.
DE0005214506;521450;AKTIE;Ja;ADCAPITAL AG
DE0005216907;521690;AKTIE;Ja;TRADEGATE AG O.N.
DE0005218309;521830;AKTIE;Ja;MOBOTIX AG O.N.
DE0005220008;522000;AKTIE;Ja;ENBW ENERGIE BAD.-WUE. ON
DE0005220909;522090;AKTIE;Ja;NEXUS AG O.N.
DE0005221303;522130;AKTIE;Ja;BERL.EFFEKTENGES.AG O.N.
DE0005227201;522720;AKTIE;Ja;BIOTEST AG ST O.N.
DE0005227235;522723;AKTIE;Ja;BIOTEST AG VZ O.N.
DE0005228779;522877;AKTIE;Ja;ORBIS SE INH O.N.
DE0005229504;522950;AKTIE;Ja;BIJOU BRIGITTE O.N.
DE0005232805;523280;AKTIE;Ja;BERTRANDT AG O.N.
DE0005261606;526160;AKTIE;Ja;BREMER LAGERH. VNA O.N.
DE0005297204;529720;AKTIE;Ja;HOMAG GROUP AG
DE0005313506;531350;AKTIE;Ja;ENERGIEKONTOR O.N.
DE0005313704;531370;AKTIE;Ja;CARL ZEISS MEDITEC AG
DE0005315121;531512;FONDS;Nein;RSI International UI
DE0005316962;531696;FONDS;Nein;R + P UNIVERSAL-FONDS
DE0005316988;531698;FONDS;Nein;Degussa Aktien Universal-Fonds
DE0005317127;531712;FONDS;Nein;Sarasin-FairInvest-Universal-Fonds I
DE0005317317;531731;FONDS;Nein;HannoverscheBasisInvest
DE0005317325;531732;FONDS;Nein;HannoverscheMediumInvest
DE0005317333;531733;FONDS;Nein;HannoverscheMaxInvest
DE0005317705;531770;FONDS;Nein;Generali Geldmarkt Euro
DE0005318406;531840;FONDS;Nein;DWS ESG Stiftungsfonds LD
DE0005320303;532030;FONDS;Nein;Acatis Asia Pacific Plus Fonds
DE0005320329;532032;FONDS;Nein;UBS (D) Konzeptfonds Europe Plus
DE0005321004;532100;FONDS;Nein;Monega Short Track SGB
DE0005321020;532102;FONDS;Nein;Monega ARIAD Innovation
DE0005321038;532103;FONDS;Nein;Monega Germany
DE0005321053;532105;FONDS;Nein;Monega Euroland
DE0005321061;532106;FONDS;Nein;Monega Euro-Bond
DE0005321079;532107;FONDS;Nein;Monega Chance
DE0005321087;532108;FONDS;Nein;Monega Ertrag
DE0005322218;532221;FONDS;Nein;C-QUADRAT ACTIVE ETF Selection
DE0005324297;532429;FONDS;Nein;Apo Piano INKA
DE0005324305;532430;FONDS;Nein;Apo Mezzo INKA
DE0005324313;532431;FONDS;Nein;Apo Forte INKA
DE0005326144;532614;FONDS;Nein;LBBW RentaMax R
DE0005326334;532633;FONDS;Nein;W&W Dachfonds GlobalPlus
DE0005326482;532648;FONDS;Nein;LBBW Rohstoffe & Ressourcen
DE0005403901;540390;AKTIE;Ja;CEWE STIFT.KGAA O.N.
DE0005405104;540510;AKTIE;Ja;INNOTEC TSS AG
DE0005407100;540710;AKTIE;Ja;CENIT AG O.N.
DE0005407407;540740;AKTIE;Ja;CEOTRONICS AG O.N.
DE0005408686;540868;AKTIE;Ja;OEKOWORLD AG VZNA O.N.
DE0005419105;541910;AKTIE;Ja;CANCOM SE O.N.
DE0005439004;543900;AKTIE;Ja;CONTINENTAL AG O.N.
DE0005470306;547030;AKTIE;Ja;CTS EVENTIM KGAA
DE0005470405;547040;AKTIE;Ja;LANXESS AG
DE0005479307;547930;AKTIE;Ja;VARENGOLD BANK AG
DE0005489561;548956;AKTIE;Ja;UNITED LABELS O.N.
DE0005491666;549166;AKTIE;Ja;ENDOR AG
DE0005492276;549227;AKTIE;Ja;GIEAG IMMOB.AG
DE0005492938;549293;AKTIE;Ja;MASTERFLEX O.N.
DE0005493092;549309;AKTIE;Ja;BORUSSIA DORTMUND
DE0005493365;549336;AKTIE;Ja;HYPOPORT SE NA O.N.
DE0005495626;549562;AKTIE;Ja;GERATHERM O.N.
DE0005498901;549890;AKTIE;Ja;DATA MODUL AG O.N.
DE0005533400;553340;AKTIE;Ja;DT.GRUNDST.AUKT.AG
DE0005545503;554550;AKTIE;Ja;1+1 AG INH O.N.
DE0005550602;555060;AKTIE;Ja;DRAEGERWERK ST.A.O.N.
DE0005550636;555063;AKTIE;Ja;DRAEGERWERK VZO O.N.
DE0005552004;555200;AKTIE;Ja;DEUTSCHE POST AG NA O.N.
DE0005557508;555750;AKTIE;Ja;DT.TELEKOM AG NA
DE0005558696;555869;AKTIE;Ja;PARAGON KGAA INH O.N.
DE0005561674;556167;FONDS;Nein;La Française Systematic ETF Dachfonds (P)
DE0005565204;556520;AKTIE;Ja;DUERR AG O.N.
DE0005570808;557080;AKTIE;Ja;UMWELTBANK AG O.N.
DE0005580005;558000;AKTIE;Ja;DIERIG HOLDING AG O.N.
DE0005649503;564950;AKTIE;Ja;EDEL SE+CO.KGAA INH O.N.
DE0005658009;565800;AKTIE;Ja;EISEN- U.HUETTENWERKE
DE0005659700;565970;AKTIE;Ja;ECKERT+ZIEGLER INH O.N.
DE0005660104;566010;AKTIE;Ja;EUWAX AG O.N.
DE0005664809;566480;AKTIE;Ja;EVOTEC SE INH O.N.
DE0005677108;567710;AKTIE;Ja;ELMOS SEMICOND. INH O.N.
DE0005706535;570653;AKTIE;Ja;EUROKAI KGAA VZO
DE0005753149;575314;AKTIE;Ja;FUNKWERK O.N.
DE0005754402;575440;AKTIE;Ja;LS TELCOM AG
DE0005759807;575980;AKTIE;Ja;INIT INNOVATION O.N.
DE0005760029;576002;AKTIE;Ja;ABO ENERGY INH O.N.
DE0005765507;576550;AKTIE;Ja;SINO AG
DE0005767909;576790;AKTIE;Ja;FERNHEIZ.NEUKOELLN O.N.
DE0005772206;577220;AKTIE;Ja;FIELMANN GROUP AG O.N.
DE0005773303;577330;AKTIE;Ja;FRAPORT AG FFM.AIRPORT
DE0005774103;577410;AKTIE;Ja;FORTEC ELEKTRO. O.N.
DE0005775803;577580;AKTIE;Ja;FORIS AG
DE0005785604;578560;AKTIE;Ja;FRESENIUS SE+CO.KGAA O.N.
DE0005785802;578580;AKTIE;Ja;FRESEN.MED.CARE AG INH ON
DE0005800601;580060;AKTIE;Ja;GFT TECHNOLOGIES SE
DE0005810055;581005;AKTIE;Ja;DEUTSCHE BOERSE NA O.N.
DE0005850903;585090;AKTIE;Ja;GBK BETEILIG.AG O.N.
DE0005854343;585434;AKTIE;Ja;ECOTEL COMMUNICATION AG
DE0005855183;585518;AKTIE;Ja;MS INDUSTRIE AG
DE0005874846;587484;AKTIE;Ja;INTICA SYSTEMS INH O.N.
DE0005878003;587800;AKTIE;Ja;DMG MORI AG O.N.
DE0005895403;589540;AKTIE;Ja;GRAMMER AG O.N.
DE0005909006;590900;AKTIE;Ja;BILFINGER SE O.N.
DE0005932735;593273;AKTIE;Ja;YOC AG O.N.
DE0005933923;593392;ETF;Ja;iShares MDAX® UCITS ETF (DE) EUR (Acc)
DE0005933931;593393;ETF;Ja;iShares Core DAX® UCITS ETF (DE) EUR (Acc)
DE0005933949;593394;ETF;Ja;iShares STOXX Europe 50 UCITS ETF (DE)
DE0005933956;593395;ETF;Ja;iShares Core EURO STOXX 50 UCITS ETF (DE)
DE0005933964;593396;ETF;Ja;iShares SLI UCITS ETF (DE)
DE0005933972;593397;ETF;Ja;iShares TecDAX® UCITS ETF (DE) EUR (Acc)
DE0005933980;593398;ETF;Ja;iShares STOXX Europe Large 200 UCITS ETF (DE)
DE0005933998;593399;ETF;Ja;iShares STOXX Europe Mid 200 UCITS ETF (DE)
DE0005936124;593612;AKTIE;Ja;OHB SE O.N.
DE0006004500;600450;AKTIE;Ja;HYRICAN INFO.SYSTEME AG
DE0006042708;604270;AKTIE;Ja;HAWESKO HOLDING INH O.N.
DE0006044001;604400;AKTIE;Ja;MATERNUS-KLI.AG O.N.
DE0006047004;604700;AKTIE;Ja;HEIDELBERG MATERIALS O.N.
DE0006048408;604840;AKTIE;Ja;HENKEL AG+CO.KGAA ST O.N.
DE0006048432;604843;AKTIE;Ja;HENKEL AG+CO.KGAA VZO
DE0006052830;605283;AKTIE;Ja;MASCH.BERT.HER. O.N. VZO
DE0006061104;606110;AKTIE;Ja;HMS BERGBAU AG
DE0006062144;606214;AKTIE;Ja;COVESTRO AG O.N.
DE0006069008;606900;AKTIE;Ja;FROSTA AG AKT. O.N.
DE0006070006;607000;AKTIE;Ja;HOCHTIEF AG
DE0006083405;608340;AKTIE;Ja;HORNBACH HOLD.ST O.N.
DE0006097108;609710;AKTIE;Ja;INFAS HLDG AG O.N.
DE0006200108;620010;AKTIE;Ja;INDUS HOLDING AG
DE0006201106;620110;AKTIE;Ja;FRIWO AG O.N.
DE0006201403;620140;AKTIE;Ja;PEH WERTPAPIER AG
DE0006202005;620200;AKTIE;Ja;SALZGITTER AG O.N.
DE0006204589;620458;AKTIE;Ja;MVISE AG O.N.
DE0006208408;620840;AKTIE;Ja;KAP AG INH O.N.
DE0006214687;621468;AKTIE;Ja;MUELLER-LILA LOG. INH ON
DE0006219934;621993;AKTIE;Ja;JUNGHEINRICH AG O.N.VZO
DE0006223407;622340;AKTIE;Ja;PROCREDIT HLDG AG NA EO 5
DE0006231004;623100;AKTIE;Ja;INFINEON TECH.AG NA O.N.
DE0006286560;628656;AKTIE;Ja;OVB HOLDING AG
DE0006289309;628930;ETF;Ja;iShares EURO STOXX Banks 30-15 UCITS ETF (DE)
DE0006289382;628938;ETF;Ja;iShares Dow Jones Global Titans 50 UCITS ETF (DE)
DE0006289390;628939;ETF;Ja;iShares Dow Jones Industrial Average UCITS ETF (DE)
DE0006289465;628946;ETF;Ja;iShares eb.rexx® Government Germany UCITS ETF (DE)
DE0006289473;628947;ETF;Ja;iShares eb.rexx® Government Germany 1.5-2.5yr UCITS ETF (DE) EUR (Dist)
DE0006289481;628948;ETF;Ja;iShares eb.rexx® Government Germany 2.5-5.5yr UCITS ETF (DE)
DE0006289499;628949;ETF;Ja;iShares eb.rexx® Government Germany 5.5-10.5yr UCITS ETF (DE)
DE0006292006;629200;AKTIE;Ja;KSB SE+CO.KGAA ST O.N.
DE0006292030;629203;AKTIE;Ja;KSB SE+CO.KGAA VZO O.N.
DE0006305006;630500;AKTIE;Ja;DEUTZ AG O.N.
DE0006335003;633500;AKTIE;Ja;KRONES AG O.N.
DE0006450000;645000;AKTIE;Ja;LPKF LASER+ELECTR.INH ON
DE0006452907;645290;AKTIE;Ja;NEMETSCHEK SE O.N.
DE0006458003;645800;AKTIE;Ja;LECHWERKE AG
DE0006464506;646450;AKTIE;Ja;LEIFHEIT AG O.N.
DE0006553464;655346;AKTIE;Ja;MAINOVA AG O.N.
DE0006569403;656940;AKTIE;Ja;ALBIS LEASING AG O.N.
DE0006569908;656990;AKTIE;Ja;MLP SE INH. O.N.
DE0006577109;657710;AKTIE;Ja;NANOREPRO AG
DE0006578008;657800;AKTIE;Ja;KHD HUMBOLDT WEDAG O.N.
DE0006580806;658080;AKTIE;Ja;MENSCH UND MASCH.O.N.
DE0006595101;659510;AKTIE;Ja;MEDICLIN AG
DE0006599905;659990;AKTIE;Ja;MERCK KGAA O.N.
DE0006602006;660200;AKTIE;Ja;GEA GROUP AG
DE0006618309;661830;AKTIE;Ja;CHAPTERS GROUP INH O.N.
DE0006627201;662720;AKTIE;Ja;MUEHLBAUER HOLD.AG O.N.
DE0006636590;663659;FONDS;Nein;PSM Growth UI
DE0006766504;676650;AKTIE;Ja;AURUBIS AG
DE0006775505;677550;AKTIE;Ja;NORDWEST HANDEL AG
DE0006780265;678026;FONDS;Nein;Warburg - Zukunft - Strategiefonds
DE0006791825;679182;FONDS;Nein;LEADING CITIES INVEST
DE0006916604;691660;AKTIE;Ja;PFEIFFER VACUUM TECH.O.N.
DE0006942808;694280;AKTIE;Ja;SCHERZER U. CO. AG O.N.
DE0006968001;696800;AKTIE;Ja;PWO AG INH O.N.
DE0006969603;696960;AKTIE;Ja;PUMA SE
DE0007008906;700890;AKTIE;Ja;REALTECH AG O.N.
DE0007010803;701080;AKTIE;Ja;RATIONAL AG
DE0007013609;701360;FONDS;Nein;MultiManager Fonds 3
DE0007030009;703000;AKTIE;Ja;RHEINMETALL AG
DE0007037129;703712;AKTIE;Ja;RWE AG INH O.N.
DE0007042301;704230;AKTIE;Ja;RHOEN-KLINIKUM O.N.
DE0007045148;704514;FONDS;Nein;ODDO BHF WerteFonds - D
DE0007045437;704543;FONDS;Nein;ODDO BHF Algo Sustainable Leaders - CRW-EUR
DE0007074007;707400;AKTIE;Ja;KWS SAAT KGAA INH O.N.
DE0007100000;710000;AKTIE;Ja;MERCEDES-BENZ GRP NA O.N.
DE0007164600;716460;AKTIE;Ja;SAP SE O.N.
DE0007165607;716560;AKTIE;Ja;SARTORIUS AG O.N.
DE0007165631;716563;AKTIE;Ja;SARTORIUS AG VZO O.N.
DE0007193500;719350;AKTIE;Ja;KOENIG + BAUER AG ST O.N.
DE0007201907;720190;AKTIE;Ja;FIRST SENSOR AG O.N.
DE0007203705;720370;AKTIE;Ja;SNP SCHNEID.-NEUREIT.O.N.
DE0007229007;722900;AKTIE;Ja;SCHLOSS WACHENHEIM AG O.N
DE0007231326;723132;AKTIE;Ja;SIXT SE ST O.N.
DE0007231334;723133;AKTIE;Ja;SIXT SE VZO O.N.
DE0007235301;723530;AKTIE;Ja;SGL CARBON SE O.N.
DE0007236101;723610;AKTIE;Ja;SIEMENS AG NA O.N.
DE0007248643;724864;FONDS;Nein;ACC Alpha select AMI
DE0007248700;724870;FONDS;Nein;Ampega Responsibility Fonds
DE0007257503;725750;AKTIE;Ja;CECONOMY AG INH O.N.
DE0007274136;727413;AKTIE;Ja;STO SE+CO.KGAA VZO O.N.
DE0007276503;727650;AKTIE;Ja;SECUNET SECURITY AG O.N.
DE0007297004;729700;AKTIE;Ja;SUEDZUCKER AG O.N.
DE0007314007;731400;AKTIE;Ja;HEIDELBERG.DRUCKMA.O.N.
DE0007318008;731800;AKTIE;Ja;STINAG STUTTGART INVEST
DE0007346603;734660;AKTIE;Ja;SUEDWSTDT.SALZWERKE
DE0007446007;744600;AKTIE;Ja;TAKKT AG O.N.
DE0007448508;744850;AKTIE;Ja;IVU TRAFFIC TECHN.AG O.N.
DE0007461006;746100;AKTIE;Ja;PVA TEPLA AG O.N.
DE0007474041;747404;AKTIE;Ja;PAUL HARTMANN AG NA O.N.
DE0007480204;748020;AKTIE;Ja;DEUTSCHE EUROSHOP NA O.N.
DE0007493991;749399;AKTIE;Ja;STROEER SE + CO. KGAA
DE0007500001;750000;AKTIE;Ja;THYSSENKRUPP AG O.N.
DE0007501009;750100;AKTIE;Ja;TTL BET.GRDBES.AG INH ON
DE0007504508;750450;AKTIE;Ja;TURBON AG O.N.
DE0007507501;750750;AKTIE;Ja;WASHTEC AG O.N.
DE0007551509;755150;AKTIE;Ja;UZIN UTZ SE O.N.
DE0007560781;756078;FONDS;Nein;Monega BestInvest Europa
DE0007560849;756084;FONDS;Nein;Monega FairInvest Aktien
DE0007568578;756857;AKTIE;Ja;SFC ENERGY AG
DE0007657231;765723;AKTIE;Ja;VILLEROY + BOCH AG VZ
DE0007664005;766400;AKTIE;Ja;VOLKSWAGEN AG ST O.N.
DE0007664039;766403;AKTIE;Ja;VOLKSWAGEN AG VZO O.N.
DE0007667107;766710;AKTIE;Ja;VOSSLOH AG O.N.
DE0007760001;776000;AKTIE;Ja;GELSENWASSER AG
DE0007775207;777520;AKTIE;Ja;WESTAG AG INH ST O.N.
DE0007775231;777523;AKTIE;Ja;WESTAG AG INH VZO O.N.
DE0007830572;783057;AKTIE;Ja;DALDRUP+SOEHNE AG
DE0007846867;784686;AKTIE;Ja;VISCOM SE O.N.
DE0007856023;785602;AKTIE;Ja;ELRINGKLINGER AG NA O.N.
DE0008019001;801900;AKTIE;Ja;DT.PFANDBRIEFBK AG
DE0008041005;804100;AKTIE;Ja;DT.EFF.U.WECH.-BET.G.O.N.
DE0008051004;805100;AKTIE;Ja;WUESTENROT+WUERTT.AG O.N.
DE0008055021;805502;AKTIE;Ja;DT.REAL ESTATE AG O.N.
DE0008131350;813135;AKTIE;Ja;MEDONDO HLDG AG INH O.N.
DE0008148206;814820;AKTIE;Ja;MERKUR PRIV.BK INH O.N.
DE0008232125;823212;AKTIE;Ja;LUFTHANSA AG VNA O.N.
DE0008303504;830350;AKTIE;Ja;TAG IMMOBILIEN AG
DE0008402215;840221;AKTIE;Ja;HANNOVER RUECK SE NA O.N.
DE0008404005;840400;AKTIE;Ja;ALLIANZ SE NA O.N.
DE0008430026;843002;AKTIE;Ja;MUENCH.RUECKVERS.VNA O.N.
DE0008435967;843596;AKTIE;Ja;NUERNBERGER BET.AG VNA
DE0008470469;847046;FONDS;Nein;Invesco Global Dynamik Fonds - Thesaurierende Anteilklasse
DE0008470477;847047;FONDS;Nein;Invesco Umwelt- und Nachhaltigkeits-Fonds - Thesaurierende Anteilklasse
DE0008471004;847100;FONDS;Nein;Fondra A
DE0008471012;847101;FONDS;Ja;Fondak A EUR
DE0008471020;847102;FONDS;Nein;Fondis A (EUR)
DE0008471038;847103;FONDS;Nein;Allianz Adifonds A (EUR)
DE0008471061;847106;FONDS;Nein;Allianz Adiverba A (EUR)
DE0008471087;847108;FONDS;Nein;Plusfonds A EUR
DE0008471095;847109;FONDS;Nein;Gothaer Euro-Rent
DE0008471228;847122;FONDS;Nein;Nürnberger Euroland A
DE0008471301;847130;FONDS;Nein;DWS Balance Portfolio E
DE0008471327;847132;FONDS;Nein;AXA INVESTMENTFONDS - AXA Renten Euro
DE0008471376;847137;FONDS;Nein;AXA INVESTMENTFONDS - AXA Welt
DE0008471400;847140;FONDS;Nein;Allianz Rentenfonds A EUR
DE0008471467;847146;FONDS;Nein;Allianz Global Equity Dividend A EUR
DE0008471608;847160;FONDS;Nein;AL Trust Aktien Deutschland - EUR DIS Fonds
DE0008471913;847191;FONDS;Nein;Allianz Mobil-Fonds A EUR
DE0008471921;847192;FONDS;Nein;Allianz Flexi Rentenfonds A EUR
DE0008472440;847244;FONDS;Nein;VPV-RENT AMUNDI - A (D)
DE0008472895;847289;FONDS;Nein;Amundi BKK Rent EUR Distributing Annually
DE0008473414;847341;FONDS;Nein;SEB Total Return Bond Fund
DE0008473471;847347;FONDS;Nein;SEB Aktienfonds
DE0008474008;847400;FONDS;Ja;DWS ESG Investa LD
DE0008474024;847402;FONDS;Ja;DWS Akkumula LC
DE0008474032;847403;FONDS;Nein;DWS Eurozone Bonds Flexible LD
DE0008474057;847405;FONDS;Nein;Basler-Aktienfonds DWS
DE0008474065;847406;FONDS;Nein;Basler-Rentenfonds DWS
DE0008474123;847412;FONDS;Nein;DWS Global Natural Resources Equity Typ O
DE0008474149;847414;FONDS;Nein;DWS Artificial Intelligence ND
DE0008474156;847415;FONDS;Nein;DWS European Opportunities LD
DE0008474198;847419;FONDS;Nein;DWS Balance
DE0008474214;847421;FONDS;Nein;DWS Global Communications ND
DE0008474230;847423;FONDS;Nein;DWS Euro Flexizins NC
DE0008474263;847426;FONDS;Nein;DWS ESG Convertibles LD
DE0008474289;847428;FONDS;Nein;DWS German Equities Typ O
DE0008474297;847429;FONDS;Nein;Basler-International DWS
DE0008474313;847431;FONDS;Nein;SEB Zinsglobal
DE0008474388;847438;FONDS;Nein;SEB Europafonds
DE0008475005;847500;FONDS;Nein;Concentra A €
DE0008475013;847501;FONDS;Nein;Allianz Thesaurus AT EUR
DE0008475021;847502;FONDS;Nein;Industria A EUR
DE0008475039;847503;FONDS;Nein;Allianz US Large Cap Growth A EUR
DE0008475047;847504;FONDS;Nein;Allianz Euro Rentenfonds A EUR
DE0008475054;847505;FONDS;Nein;Allianz Internationaler Rentenfonds A EUR
DE0008475062;847506;FONDS;Nein;Allianz Vermögensbildung Deutschland A EUR
DE0008475070;847507;FONDS;Ja;Allianz Interglobal A EUR
DE0008475096;847509;FONDS;Nein;Allianz Rohstofffonds A EUR
DE0008475112;847511;FONDS;Nein;Allianz Fonds Japan A EUR
DE0008475120;847512;FONDS;Nein;Allianz Informationstechnologie A EUR
DE0008476011;847601;FONDS;Nein;Allianz Fonds Schweiz A EUR
DE0008476037;847603;FONDS;Nein;Allianz Europazins A EUR
DE0008476250;847625;FONDS;Ja;Kapital Plus A EUR
DE0008476508;847650;FONDS;Nein;DWS Global Small/Mid Cap
DE0008476516;847651;FONDS;Nein;DWS Euro Bond Fund LD
DE0008476524;847652;FONDS;Ja;DWS Vermögensbildungsfonds I LD
DE0008476532;847653;FONDS;Nein;DWS Covered Bond Fund LD
DE0008478058;847805;FONDS;Nein;ODDO BHF Sustainable German Equities DR-EUR
DE0008478116;847811;FONDS;Nein;FMM-Fonds - C
DE0008479015;847901;FONDS;Nein;HANSArenta
DE0008479023;847902;FONDS;Nein;HANSAsecur
DE0008479080;847908;FONDS;Nein;HANSAinternational Class A
DE0008479098;847909;FONDS;Nein;HANSAzins
DE0008479155;847915;FONDS;Nein;HANSAeuropa Class A
DE0008480468;848046;FONDS;Nein;VPV-SPEZIAL AMUNDI - A (D)
DE0008480682;848068;FONDS;Nein;LBBW Rentenfonds Euro
DE0008481052;848105;FONDS;Nein;Ampega Rendite Rentenfonds
DE0008481078;848107;FONDS;Nein;Ampega Unternehmensanleihenfonds
DE0008481086;848108;FONDS;Nein;Ampega Global Rentenfonds
DE0008481144;848114;FONDS;Nein;Ampega Reserve Rentenfonds
DE0008481763;848176;FONDS;Nein;Allianz Nebenwerte Deutschland A EUR
DE0008481813;848181;FONDS;Nein;Allianz Vermögensbildung Europa A EUR
DE0008481821;848182;FONDS;Nein;Allianz Wachstum Europa A EUR
DE0008481862;848186;FONDS;Ja;Allianz Biotechnologie A EUR
DE0008483736;848373;FONDS;Nein;FIDUKA-UNIVERSAL-FONDS I
DE0008483983;848398;FONDS;Nein;Merck Finck Stiftungsfonds UI
DE0008484072;848407;FONDS;Nein;Nomura Asia Pacific Fonds
DE0008484361;848436;FONDS;Nein;Nomura Real Return Fonds Class R / EUR
DE0008484429;848442;FONDS;Nein;Nomura Asian Bonds Fonds Class R / EUR
DE0008484502;848450;FONDS;Nein;W&W Internationaler Rentenfonds
DE0008484650;848465;FONDS;Nein;LBBW Aktien Deutschland
DE0008484957;848495;FONDS;Nein;SELECTION GLOBAL CONVERTIBLES (C)
DE0008486465;848646;FONDS;Nein;Albatros Fonds
DE0008486655;848665;FONDS;Nein;DWS Concept GS&P Food LD
DE0008488206;848820;FONDS;Nein;UBS (D) Aktienfonds-Special I Deutschland
DE0008488214;848821;FONDS;Nein;UBS (D) Equity Fund - Global Opportunity
DE0008489808;848980;FONDS;Nein;HSBC German Equity AC
DE0008490673;849067;FONDS;Nein;DEGUSSA BANK-UNIVERSAL-RENTENFONDS
DE0008490723;849072;FONDS;Nein;morgen Aktien Global UI
DE0008490822;849082;FONDS;Nein;DWS Qi LowVol Europe NC
DE0008490848;849084;FONDS;Nein;DWS Eurovesta
DE0008490897;849089;FONDS;Ja;DWS US Growth
DE0008490954;849095;FONDS;Nein;DWS Nomura Japan Growth LCH (P)
DE0008490962;849096;FONDS;Ja;DWS Deutschland LC
DE0008490988;849098;FONDS;Nein;DWS Global Hybrid Bond Fund LD
DE0008491432;849143;FONDS;Nein;HWG-FONDS
DE0008491549;849154;FONDS;Nein;BW-RENTA-UNIVERSAL-FONDS
DE0008492356;849235;FONDS;Nein;Noris-Fonds
DE0008493370;849337;FONDS;Nein;DWS-Merkur-Fonds 1
DE0009751651;975165;FONDS;Nein;UBS (D) Equity Fund - Smaller German Companies
DE0009752220;975222;FONDS;Nein;Metzler European Equities Sustainability A
DE0009752238;975223;FONDS;Nein;Metzler Geman Smaller Companies Sustainability A
DE0009752253;975225;FONDS;Nein;Metzler Global Growth Sustainability
DE0009752303;975230;FONDS;Nein;AMUNDI GERMAN EQUITY - A (C)
DE0009754119;975411;FONDS;Nein;MEAG ProInvest
DE0009754333;975433;FONDS;Nein;MEAG EuroInvest
DE0009756825;975682;FONDS;Nein;HSBC Sector Rotation AC
DE0009757443;975744;FONDS;Nein;MEAG EuroRent
DE0009757450;975745;FONDS;Nein;MEAG EuroBalance
DE0009757468;975746;FONDS;Nein;MEAG EuroKapital
DE0009757484;975748;FONDS;Nein;MEAG EuroFlex
DE0009761684;976168;FONDS;Nein;Metzler Euro Renten Defensiv
DE0009763201;976320;FONDS;Nein;La Française Systematic European Equities (R)
DE0009763235;976323;FONDS;Nein;La Française Systematic Multi Asset Allocation (R)
DE0009763276;976327;FONDS;Nein;La Française Systematic Global Listed Real Estate (R)
DE0009763300;976330;FONDS;Nein;RWS-Aktienfonds
DE0009763334;976333;FONDS;Nein;RWS-DYNAMIK A
DE0009763375;976337;FONDS;Nein;RWS-ERTRAG A
DE0009765289;976528;FONDS;Nein;G&W- ORDO - STIFTUNGSFONDS
DE0009765305;976530;FONDS;Nein;Warburg - Multi-Asset - Select-Fonds
DE0009765370;976537;FONDS;Nein;Warburg - Classic Vermögensmanagement Fonds
DE0009765396;976539;FONDS;Nein;Warburg - Defensiv-Fonds
DE0009765446;976544;FONDS;Nein;G&W-HDAX -TRENDFONDS
DE0009766204;976620;FONDS;Nein;HANSAaccura
DE0009766212;976621;FONDS;Nein;HANSAdefensive
DE0009766238;976623;FONDS;Nein;HANSAertrag
DE0009766832;976683;FONDS;Nein;LBBW Geldmarktfonds R
DE0009766881;976688;FONDS;Nein;LBBW Multi Global R
DE0009766915;976691;FONDS;Nein;Konzept privat
DE0009766964;976696;FONDS;Nein;LBBW Renten Euro Flex
DE0009769208;976920;FONDS;Nein;SEB EuroCompanies
DE0009769240;976924;FONDS;Nein;SEB GenerationPlus
DE0009769638;976963;FONDS;Nein;Convest 21 VL A (EUR)
DE0009769703;976970;FONDS;Nein;DWS Internationale Renten Typ O NC
DE0009769729;976972;FONDS;Nein;DWS Top Europe LD
DE0009769760;976976;FONDS;Nein;DWS ESG Top Asien LC
DE0009769794;976979;FONDS;Ja;DWS ESG Top World
DE0009769802;976980;FONDS;Nein;Löwen-Aktienfonds
DE0009769851;976985;FONDS;Nein;DWS Health Care Typ O NC
DE0009769869;976986;FONDS;Ja;DWS Aktien Strategie Deutschland LC
DE0009769885;976988;FONDS;Nein;DWS Vorsorge AS (Dynamik)
DE0009769893;976989;FONDS;Nein;DWS Vorsorge AS (Flex)
DE0009769901;976990;FONDS;Ja;Gottlieb Daimler Aktienfonds DWS
DE0009769919;976991;FONDS;Nein;DWS Financials Typ O ND
DE0009769976;976997;FONDS;Nein;DWS Biotech LC
DE0009769992;976999;FONDS;Nein;LEA-Fonds DWS
DE0009770206;977020;FONDS;Nein;ODDO BHF Money Market - CR-EUR
DE0009771964;977196;FONDS;Nein;LBBW Exportstrategie Deutschland
DE0009772582;977258;FONDS;Nein;Siemens Euroinvest Aktien
DE0009772590;977259;FONDS;Nein;Siemens Euroinvest Renten
DE0009772624;977262;FONDS;Nein;Siemens Weltinvest Aktien
DE0009772632;977263;FONDS;Nein;Siemens EuroCash
DE0009772657;977265;FONDS;Nein;Siemens Global Growth
DE0009772988;977298;FONDS;Nein;ODDO BHF Algo Global - CRw-EUR
DE0009773010;977301;FONDS;Nein;DWS Global Emerging Markets Equities ND
DE0009775643;977564;FONDS;Nein;AXA INVESTMENTFONDS - AXA Europa
DE0009777003;977700;FONDS;Nein;DWS Concept DJE Globale Aktien
DE0009778563;977856;FONDS;Nein;DWS Qi Eurozone Equity RC
DE0009779611;977961;FONDS;Nein;First Private Euro Dividenden STAUFER A
DE0009779884;977988;FONDS;Ja;AMUNDI AKTIEN ROHSTOFFE - A (C)
DE0009780221;978022;FONDS;Nein;LBBW Aktien Europa
DE0009780411;978041;FONDS;Nein;LBBW Dividenden Strategie Euroland R
DE0009780478;978047;FONDS;Nein;W&W Euroland-Renditefonds
DE0009780486;978048;FONDS;Nein;W&W Europa-Fonds
DE0009780494;978049;FONDS;Nein;W&W Global-Fonds
DE0009780569;978056;FONDS;Nein;W&W Quality Select Aktien Europa
DE0009781633;978163;FONDS;Nein;TBF GLOBAL VALUE EUR R
DE0009781740;978174;FONDS;Nein;ACATIS AKTIEN GLOBAL FONDS A
DE0009781989;978198;FONDS;Nein;TBF EUROPEAN OPPORTUNITIES EUR R
DE0009781997;978199;FONDS;Nein;TBF GLOBAL INCOME EUR I
DE0009782730;978273;FONDS;Nein;MEAG EuroErtrag
DE0009782763;978276;FONDS;Nein;MEAG GlobalBalance DF
DE0009782789;978278;FONDS;Nein;MEAG GlobalChance DF
DE0009784736;978473;FONDS;Nein;Warburg - Renten Plus-Fonds
DE0009785303;978530;FONDS;Nein;AMUNDI INTERNETAKTIEN (C)
DE0009787069;978706;FONDS;Nein;PremiumStars Wachstum AT EUR
DE0009787077;978707;FONDS;Nein;PremiumStars Chance AT EUR
DE0009788026;978802;FONDS;Nein;DWS Qi Extra Bond Total Return SD
DE0009789438;978943;FONDS;Nein;AXA DACHFONDS - AXA Defensiv Invest A
DE0009789446;978944;FONDS;Nein;AXA DACHFONDS - AXA Wachstum Invest A
DE0009789453;978945;FONDS;Nein;AXA DACHFONDS - AXA Chance Invest A
DE0009789727;978972;FONDS;Nein;ALL-IN-ONE
DE0009789842;978984;FONDS;Nein;Allianz Wachstum Euroland A (EUR)
DE0009790758;979075;FONDS;Nein;WM AKTIEN GLOBAL UI-FONDS B
DE0009790766;979076;FONDS;Nein;HP&P Euro Select UI Fonds A
DE0009790865;979086;FONDS;Nein;FIVV-MIC-Mandat-Offensiv
DE0009792002;979200;FONDS;Nein;AMUNDI ETHIK PLUS - A (C)
DE0009792176;979217;FONDS;Nein;NORDASIA.COM (C)
DE0009792283;979228;FONDS;Nein;Aramea Hippokrat
DE0009795831;979583;FONDS;Nein;First Private Europa Aktien ULM A
DE0009797258;979725;FONDS;Nein;Allianz Strategiefonds Balance A EUR
DE0009797266;979726;FONDS;Nein;Allianz Strategiefonds Wachstum A EUR
DE0009797274;979727;FONDS;Nein;Allianz Strategiefonds Wachstum Plus A EUR
DE0009797415;979741;FONDS;Nein;Allianz Rentenfonds P EUR
DE0009797548;979754;FONDS;Nein;VermögensManagement Stars of Multi Asset A
DE0009797555;979755;FONDS;Nein;Concentra P (EUR)
DE0009797639;979763;FONDS;Nein;Allianz Strategiefonds Wachstum A2 EUR
DE0009797670;979767;FONDS;Nein;Allianz Euro Rentenfonds AT EUR
DE0009797688;979768;FONDS;Nein;Allianz Interglobal AT EUR
DE0009797704;979770;FONDS;Nein;Deutsche Postbank Europafonds Renten
DE0009797712;979771;FONDS;Nein;Deutsche Postbank Europafonds Plus
DE0009797720;979772;FONDS;Nein;Deutsche Postbank Europafonds Aktien
DE0009797753;979775;FONDS;Nein;Deutsche Postbank Global Player
DE0009797779;979777;FONDS;Nein;Deutsche Postbank Best Invest Wachstum
DE0009799536;979953;FONDS;Nein;GR Noah
DE0009799718;979971;FONDS;Nein;HANSAbalance
DE0009799742;979974;FONDS;Nein;HANSAcentro
DE0009799759;979975;FONDS;Nein;HANSAdynamic
DE0009807008;980700;FONDS;Ja;grundbesitz europa RC
DE0009807016;980701;FONDS;Ja;hausInvest
DE0009807057;980705;FONDS;Ja;grundbesitz global RC
DE0009807081;980708;FONDS;Nein;grundbesitz Fokus Deutschland RC
DE0009809566;980956;FONDS;Nein;Deka-ImmobilienEuropa - EUR DIS Fonds
DE0009817718;981771;FONDS;Nein;HI Topselect W
DE0009817726;981772;FONDS;Nein;HI Topselect D
DE0009847343;984734;FONDS;Ja;terrAssisi Aktien I AMI
DE0009848010;984801;FONDS;Nein;DWS Top Portfolio Offensiv LC
DE0009848036;984803;FONDS;Nein;E.ON Aktienfonds DWS
DE0009848077;984807;FONDS;Nein;DWS ESG Dynamic Opportunities FC
DE0009848119;984811;FONDS;Ja;DWS Top Dividende LD
DE0009848473;984847;FONDS;Nein;JRS-INTERNATIONAL-UNIVERSAL-FONDS
DE000A0B7JB7;A0B7JB;FONDS;Nein;BfS Nachhaltigkeitsfonds Ertrag
DE000A0B9N37;A0B9N3;AKTIE;Ja;JDC GROUP AG O.N.
DE000A0BL849;A0BL84;AKTIE;Ja;FAMICORD AG
DE000A0BLTJ4;A0BLTJ;FONDS;Nein;Universal-Shareconcept-BC I
DE000A0D6554;A0D655;AKTIE;Ja;NORDEX SE O.N.
DE000A0D8Q07;A0D8Q0;ETF;Ja;iShares EURO STOXX UCITS ETF (DE)
DE000A0D8Q23;A0D8Q2;ETF;Ja;iShares ATX UCITS ETF (DE)
DE000A0D8Q31;A0D8Q3;ETF;Ja;iShares eb.rexx® Government Germany 10.5+yr UCITS ETF (DE)
DE000A0D8Q49;A0D8Q4;ETF;Ja;iShares Dow Jones U.S. Select Dividend UCITS ETF (DE)
DE000A0D8QZ7;A0D8QZ;ETF;Ja;iShares STOXX Europe Small 200 UCITS ETF (DE)
DE000A0D95Q0;A0D95Q;FONDS;Nein;ODDO BHF Polaris Moderate - DRW-EUR
DE000A0D95Y4;A0D95Y;FONDS;Nein;FondsSecure Systematik
DE000A0D9PG7;A0D9PG;FONDS;Nein;TBF GLOBAL TECHNOLOGY USD R
DE000A0D9PT0;A0D9PT;AKTIE;Ja;MTU AERO ENGINES NA O.N.
DE000A0DJ6J9;A0DJ6J;AKTIE;Ja;SMA SOLAR TECHNOL.AG
DE000A0DNAY5;A0DNAY;AKTIE;Ja;BET-AT-HOME.COM AG O.N.
DE000A0DNVT1;A0DNVT;FONDS;Nein;CT Welt Portfolio AMI
DE000A0DPRE6;A0DPRE;AKTIE;Ja;ALLANE SE INH O.N.
DE000A0EAWB2;A0EAWB;FONDS;Nein;Dynamic Europe Balance
DE000A0ETBQ4;A0ETBQ;AKTIE;Ja;MBB SE O.N.
DE000A0F5G98;A0F5G9;FONDS;Nein;C-QUADRAT ARTS Total Return Global AMI P (a)
DE000A0F5HA3;A0F5HA;FONDS;Nein;IPAM RentenWachstum
DE000A0F5UE8;A0F5UE;ETF;Ja;iShares Dow Jones China Offshore 50 UCITS ETF (DE)
DE000A0F5UF5;A0F5UF;ETF;Ja;iShares NASDAQ-100® UCITS ETF (DE)
DE000A0F5UG3;A0F5UG;ETF;Ja;iShares Dow Jones Eurozone Sustainability Screened UCITS ETF (DE)
DE000A0F5UH1;A0F5UH;ETF;Ja;iShares STOXX Global Select Dividend 100 UCITS ETF (DE)
DE000A0F5UJ7;A0F5UJ;ETF;Ja;iShares STOXX Europe 600 Banks UCITS ETF (DE)
DE000A0F5UK5;A0F5UK;ETF;Ja;iShares STOXX Europe 600 Basic Resources UCITS ETF (DE)
DE000A0H0728;A0H072;ETF;Ja;iShares Diversified Commodity Swap UCITS ETF (DE)
DE000A0H0744;A0H074;ETF;Ja;iShares Dow Jones Asia Pacific Select Dividend 50 UCITS ETF (DE)
DE000A0H0785;A0H078;ETF;Ja;iShares Euro Government Bond Capped 1.5-10.5yr UCITS ETF (DE)
DE000A0H08D2;A0H08D;ETF;Ja;iShares Nikkei 225® UCITS ETF (DE)
DE000A0H08E0;A0H08E;ETF;Ja;iShares STOXX Europe 600 Chemicals UCITS ETF (DE)
DE000A0H08F7;A0H08F;ETF;Ja;iShares STOXX Europe 600 Construction & Materials UCITS ETF (DE)
DE000A0H08G5;A0H08G;ETF;Ja;iShares STOXX Europe 600 Financial Services UCITS ETF (DE)
DE000A0H08H3;A0H08H;ETF;Ja;iShares STOXX Europe 600 Food & Beverage UCITS ETF (DE)
DE000A0H08J9;A0H08J;ETF;Ja;iShares STOXX Europe 600 Industrial Goods & Services UCITS ETF (DE)
DE000A0H08K7;A0H08K;ETF;Ja;iShares STOXX Europe 600 Insurance UCITS ETF (DE)
DE000A0H08L5;A0H08L;ETF;Ja;iShares STOXX Europe 600 Media UCITS ETF (DE)
DE000A0H08M3;A0H08M;ETF;Ja;iShares STOXX Europe 600 Oil & Gas UCITS ETF (DE)
DE000A0H08N1;A0H08N;ETF;Ja;iShares STOXX Europe 600 Personal & Household Goods UCITS ETF (DE)
DE000A0H08P6;A0H08P;ETF;Ja;iShares STOXX Europe 600 Retail UCITS ETF (DE)
DE000A0H08Q4;A0H08Q;ETF;Ja;iShares STOXX Europe 600 Technology UCITS ETF (DE)
DE000A0H08R2;A0H08R;ETF;Ja;iShares STOXX Europe 600 Telecommunications UCITS ETF (DE)
DE000A0H08S0;A0H08S;ETF;Ja;iShares STOXX Europe 600 Travel & Leisure UCITS ETF (DE)
DE000A0H08U6;A0H08U;FONDS;Nein;LOYS Global MH
DE000A0H52F5;A0H52F;AKTIE;Ja;MVV ENERGIE AG NA O.N.
DE000A0HF4N6;A0HF4N;FONDS;Nein;Börsebius TopSelect
DE000A0HGQS8;A0HGQS;AKTIE;Ja;PLANOPTIK AG INH O.N.
DE000A0HL8N9;A0HL8N;AKTIE;Ja;2G ENERGY AG
DE000A0HN5C6;A0HN5C;AKTIE;Ja;DEUTSCHE WOHNEN SE INH
DE000A0J3UE9;A0J3UE;FONDS;Nein;PSM Value Strategy UI
DE000A0J3UF6;A0J3UF;FONDS;Nein;Earth Exploration Fund UI (EUR R)
DE000A0JBPG2;A0JBPG;AKTIE;Ja;PNE AG NA O.N.
DE000A0JC8S7;A0JC8S;AKTIE;Ja;DATAGROUP SE INH. O.N.
DE000A0JDBC7;A0JDBC;AKTIE;Ja;LIMES SCHLOSSKLINIK. O.N.
DE000A0JDCK8;A0JDCK;FONDS;Nein;HSBC Discountstrukturen AC
DE000A0JELE0;A0JELE;FONDS;Nein;Pfau-StrategieDepot UI
DE000A0JELL5;A0JELL;FONDS;Nein;FIVV-MIC-Mandat-China
DE000A0JJTG7;A0JJTG;AKTIE;Ja;GATEWAY R.EST.AG O.N.
DE000A0JL9W6;A0JL9W;AKTIE;Ja;VERBIO SE INH O.N.
DE000A0JM2M1;A0JM2M;AKTIE;Ja;BLUE CAP O.N.
DE000A0JQ5U3;A0JQ5U;AKTIE;Ja;MANZ AG
DE000A0KEXM6;A0KEXM;FONDS;Nein;Siemens Balanced
DE000A0KEYM4;A0KEYM;FONDS;Ja;LBBW Global Warming R
DE000A0KEYR3;A0KEYR;FONDS;Nein;LBBW Dividenden Strategie Small & MidCaps I
DE000A0KFKB3;A0KFKB;AKTIE;Ja;ACCENTRO R.EST.AG O.N.
DE000A0KFRT0;A0KFRT;FONDS;Nein;First Private Aktien Global A
DE000A0KFTH1;A0KFTH;FONDS;Nein;First Private Wealth B
DE000A0KFUX6;A0KFUX;FONDS;Nein;First Private Wealth A
DE000A0KPPR7;A0KPPR;AKTIE;Ja;NABALTEC AG INH.
DE000A0LBKW6;A0LBKW;AKTIE;Ja;ACONNIC AG INH O.N.
DE000A0LD6E6;A0LD6E;AKTIE;Ja;GERRESHEIMER AG
DE000A0LERX3;A0LERX;FONDS;Nein;quantumX Global UI
DE000A0LR4P1;A0LR4P;AKTIE;Ja;HWA AG INH.O.N.
DE000A0LR936;A0LR93;AKTIE;Ja;STEICO SE
DE000A0LR9G9;A0LR9G;AKTIE;Ja;EXASOL AG NA O.N.
DE000A0M03V5;A0M03V;FONDS;Nein;PRIVATE BANKING VERMOEGENSPORTFOLIO NACHHALTIG 50 AK 2 (D)
DE000A0M03Y9;A0M03Y;FONDS;Nein;PRIVATE BANKING VERMOEGENSPORTFOLIO NACHHALTIG 70 AK 1 (D)
DE000A0M03Z6;A0M03Z;FONDS;Nein;PRIVATE BANKING VERMOEGENSPORTFOLIO NACHHALTIG 70 AK 2 (D)
DE000A0M1UL3;A0M1UL;FONDS;Nein;Schmitz & Partner Global Defensiv - C
DE000A0M2JB5;A0M2JB;FONDS;Nein;IAC-Aktien Global P
DE000A0M2JC3;A0M2JC;FONDS;Nein;TOP-Investors Global
DE000A0M2JF6;A0M2JF;FONDS;Nein;Aramea Balanced Convertible A
DE000A0M49S4;A0M49S;FONDS;Nein;FIMAX Vermögensverwaltungsfonds UI
DE000A0M6DN4;A0M6DN;FONDS;Nein;UNIKAT Premium Select Fonds P
DE000A0M6W69;A0M6W6;FONDS;Nein;DWS Qi European Equity SC
DE000A0M7WN2;A0M7WN;FONDS;Nein;R+P Rendite Plus UI
DE000A0M7WP7;A0M7WP;FONDS;Nein;RW Portfolio Strategie UI
DE000A0M8HD2;A0M8HD;FONDS;Ja;Frankfurter Aktienfonds für Stiftungen - T
DE000A0M93V6;A0M93V;AKTIE;Ja;ADV.BLOCKCHAIN AG INH ON
DE000A0M9995;A0M999;FONDS;Nein;CONVERTIBLE GLOBAL DIVERSIFIED UI
DE000A0MJRL5;A0MJRL;FONDS;Nein;Fondak P (EUR)
DE000A0MKQH3;A0MKQH;FONDS;Nein;La Française Systematic ETF Dachfonds (W)
DE000A0MKQK7;A0MKQK;FONDS;Nein;La Française Systematic ETF Portfolio Global
DE000A0MMTQ4;A0MMTQ;FONDS;Nein;HSBC Rendite Substanz AC
DE000A0MQR01;A0MQR0;FONDS;Nein;Sarasin-FairInvest-Universal-Fonds A
DE000A0MRAC3;A0MRAC;FONDS;Nein;Fondspicker Global UI
DE000A0MS7D8;A0MS7D;FONDS;Nein;Degussa Bank Portfolio Privat Aktiv
DE000A0MS7F3;A0MS7F;FONDS;Nein;WI Selekt C
DE000A0MSN11;A0MSN1;AKTIE;Ja;NYNOMIC AG INH O.N.
DE000A0MU8J9;A0MU8J;FONDS;Nein;LBBW Rohstoffe 1 I
DE000A0MUQ30;A0MUQ3;FONDS;Nein;Ampega Balanced 3
DE000A0MUW08;A0MUW0;FONDS;Nein;MULTI-LEADERS-FUND NEXT GENERATION
DE000A0MVLS8;A0MVLS;AKTIE;Ja;ENVITEC BIOGAS O.N.
DE000A0MVZQ2;A0MVZQ;FONDS;Nein;RIV Rationalinvest Vermögensverwalterfonds
DE000A0MY0U9;A0MY0U;FONDS;Nein;Metzler Wertsicherungsfonds 93 A
DE000A0MYG12;A0MYG1;FONDS;Nein;Leonardo UI G
DE000A0MYGU8;A0MYGU;FONDS;Nein;Vermögensmanagement - Fonds Universal A
DE000A0MYQ28;A0MYQ2;FONDS;Nein;Siemens Qualität & Dividende Europa
DE000A0MYQX1;A0MYQX;FONDS;Nein;Siemens Euroinvest Corporates
DE000A0MZ317;A0MZ31;FONDS;Nein;SIGAVEST Vermögensverwaltungsfonds UI A
DE000A0MZ4B0;A0MZ4B;AKTIE;Ja;DELIGNIT AG INH.O.N.
DE000A0N4N52;A0N4N5;AKTIE;Ja;NFON AG INH O.N.
DE000A0NA4G7;A0NA4G;FONDS;Nein;HSBC Strategie Dynamik AC
DE000A0NAUG6;A0NAUG;FONDS;Nein;LBBW Rohstoffe 1 R
DE000A0NAUL6;A0NAUL;FONDS;Nein;LBBW Dividenden Strategie Euroland RT
DE000A0NAUP7;A0NAUP;FONDS;Ja;LBBW Nachhaltigkeit Aktien R
DE000A0NEBC7;A0NEBC;FONDS;Nein;AHF Global Select
DE000A0NEBD5;A0NEBD;FONDS;Nein;GSP Aktiv Portfolio UI
DE000A0NEKK1;A0NEKK;FONDS;Nein;HANSAgold USD-Klasse A
DE000A0NEKQ8;A0NEKQ;FONDS;Nein;Aramea Rendite Plus A
DE000A0NFZG4;A0NFZG;FONDS;Nein;MasterFonds-VV Wachstum
DE000A0NFZQ3;A0NFZQ;FONDS;Nein;Varios Flex Fonds UI A
DE000A0NJGR3;A0NJGR;FONDS;Nein;DBC Opportunity
DE000A0Q2SD8;A0Q2SD;FONDS;Nein;Earth Gold Fund UI (EUR R)
DE000A0Q4R02;A0Q4R0;ETF;Ja;iShares STOXX Europe 600 Utilities UCITS ETF (DE)
DE000A0Q4R28;A0Q4R2;ETF;Ja;iShares STOXX Europe 600 Automobiles & Parts UCITS ETF (DE)
DE000A0Q4R36;A0Q4R3;ETF;Ja;iShares STOXX Europe 600 Health Care UCITS ETF (DE)
DE000A0Q4R44;A0Q4R4;ETF;Ja;iShares STOXX Europe 600 Real Estate UCITS ETF (DE)
DE000A0Q4R69;A0Q4R6;ETF;Ja;iShares DAX® ESG UCITS ETF (DE)
DE000A0Q4RZ9;A0Q4RZ;ETF;Ja;iShares eb.rexx® Government Germany 0-1yr UCITS ETF (DE) EUR (Dist)
DE000A0Q8A07;A0Q8A0;FONDS;Nein;CONCEPT Aurelia Global
DE000A0Q8HP2;A0Q8HP;FONDS;Nein;Zantke Euro Corporate Bonds AMI
DE000A0RA4Q2;A0RA4Q;FONDS;Nein;Stiftungsfonds Westfalen T
DE000A0RAD67;A0RAD6;FONDS;Nein;HSBC Multi Markets Select MD
DE000A0RC5G8;A0RC5G;FONDS;Nein;Berenberg Aktien Global Plus R D
DE000A0RFJ25;A0RFJ2;FONDS;Nein;MEAG FairReturn
DE000A0RHE28;A0RHE2;FONDS;Nein;Warburg - D - Fonds - Small&Midcaps Deutschland
DE000A0RHG75;A0RHG7;FONDS;Nein;HANSAgold EUR-Klasse A
DE000A0RHHC8;A0RHHC;FONDS;Nein;TBF SMART POWER EUR R
DE000A0RKXE5;A0RKXE;FONDS;Nein;P & S Renditefonds T
DE000A0RKY78;A0RKY7;FONDS;Nein;Vermögensverwaltung Global Dynamic
DE000A0RLE89;A0RLE8;FONDS;Nein;LAM-EURO-CORPORATES-UNIVERSAL
DE000A0S8488;A0S848;AKTIE;Ja;HAMBURG.HAFEN LOG.A-SP NA
DE000A0S9QZ8;A0S9QZ;AKTIE;Ja;STOCK3 AG NA O.N.
DE000A0S9R37;A0S9R3;AKTIE;Ja;OTRS AG IA O.N.
DE000A0SMU87;A0SMU8;AKTIE;Ja;NORTHERN DATA AG INH O.N.
DE000A0STSQ8;A0STSQ;AKTIE;Ja;M1 KLINIKEN AG O.N.
DE000A0V9LA7;A0V9LA;AKTIE;Ja;DATRON AG INH.O.N.
DE000A0WMPJ6;A0WMPJ;AKTIE;Ja;AIXTRON SE NA O.N.
DE000A0WMPN8;A0WMPN;AKTIE;Ja;CPU SOFTWAREHOUSE
DE000A0X7541;A0X754;FONDS;Ja;ACATIS VALUE EVENT FONDS A
DE000A0X7582;A0X758;FONDS;Nein;ACATIS IfK Value Renten A
DE000A0X7590;A0X759;FONDS;Nein;ZinsPlus Fonds UI
DE000A0X97K7;A0X97K;FONDS;Nein;LBBW Nachhaltigkeit Renten R
DE000A0XFSF0;A0XFSF;AKTIE;Ja;DEMIRE DT.MTS.RE AG
DE000A0XYG76;A0XYG7;AKTIE;Ja;DT.ROHSTOFF AG NA O.N.
DE000A0XYGA7;A0XYGA;AKTIE;Ja;TECHNOTRANS SE NA O.N.
DE000A0XYHT5;A0XYHT;AKTIE;Ja;IBU-TEC ADV.MATER. INH.ON
DE000A0YAX56;A0YAX5;FONDS;Nein;Zantke Euro High Yield AMI
DE000A0YAX80;A0YAX8;FONDS;Nein;Value Intelligence Fonds AMI
DE000A0YCBQ8;A0YCBQ;FONDS;Nein;ODDO BHF Money Market - DR-EUR
DE000A0YEQY6;A0YEQY;FONDS;Nein;pro aurum ValueFlex
DE000A0YFQ92;A0YFQ9;FONDS;Nein;BKC Treuhand Portfolio I
DE000A0YJMH9;A0YJMH;FONDS;Nein;TOP Defensiv Plus
DE000A0YJMJ5;A0YJMJ;FONDS;Nein;C-QUADRAT ARTS TRF A (EUR)
DE000A0YJMN7;A0YJMN;FONDS;Nein;C-QUADRAT ARTS TRF T (EUR)
DE000A0Z1JH9;A0Z1JH;AKTIE;Ja;PSI SOFTWARE SE NA O.N.
DE000A0Z23Q5;A0Z23Q;AKTIE;Ja;ADESSO SE INH O.N.
DE000A0Z2ZZ5;A0Z2ZZ;AKTIE;Ja;FREENET AG NA O.N.
DE000A1110J4;A1110J;FONDS;Nein;BRW Balanced Return Plus V
DE000A111ZF1;A111ZF;FONDS;Ja;Dirk Müller Premium Aktien
DE000A1144B0;A1144B;FONDS;Nein;LBBW Dividenden Strategie Small & MidCaps R
DE000A1145J0;A1145J;FONDS;Nein;nova Steady HealthCare - P
DE000A117YJ3;A117YJ;FONDS;Nein;Apo Medical Balance
DE000A11Q059;A11Q05;AKTIE;Ja;ELUMEO SE
DE000A11QVV0;A11QVV;AKTIE;Ja;HEIDELBERG PHARMA AG O.N.
DE000A11QW68;A11QW6;AKTIE;Ja;7C SOLARPARKEN AG O.N.
DE000A12BRH7;A12BRH;FONDS;Nein;Tresides Core Holdings US AMI
DE000A12DM80;A12DM8;AKTIE;Ja;SCOUT24 SE NA O.N.
DE000A12UK08;A12UK0;AKTIE;Ja;MOUNTAIN ALLIANCE NA O.N.
DE000A12UK57;A12UK5;AKTIE;Ja;U.C.A. AG O.N.
DE000A12UP29;A12UP2;AKTIE;Ja;LAIQON AG INH O.N.
DE000A12UP37;A12UP3;AKTIE;Ja;NORCOM INF.TECHN. INH ON
DE000A12UPJ7;A12UPJ;AKTIE;Ja;PAL NEXT AG INH O.N.
DE000A13SUL5;A13SUL;AKTIE;Ja;DEFAMA AG
DE000A13SX22;A13SX2;AKTIE;Ja;HELLA GMBH+CO. KGAA O.N.
DE000A141W00;A141W0;FONDS;Nein;ODDO BHF Algo Global - DRw-EUR
DE000A14KRD3;A14KRD;AKTIE;Ja;DT.KONSUM REIT-AG
DE000A14N860;A14N86;FONDS;Nein;PECULIUM GLOBAL SELECT
DE000A14N9A9;A14N9A;FONDS;Nein;global online retail
DE000A14N9B7;A14N9B;FONDS;Nein;Vermögenspooling Fonds Nr. 1
DE000A14N9C5;A14N9C;FONDS;Nein;Vermögenspooling Fonds Nr. 2
DE000A14N9D3;A14N9D;FONDS;Nein;Vermögenspooling Fonds Nr. 3
DE000A14UWX0;A14UWX;FONDS;Nein;Aramea Global Convertible A
DE000A14XPB4;A14XPB;FONDS;Nein;Siemens Qualität & Dividende USA
DE000A14XPF5;A14XPF;FONDS;Nein;Siemens Diversified Growth
DE000A161077;A16107;AKTIE;Ja;ERNST RUSS AG NA O.N.
DE000A161309;A16130;AKTIE;Ja;KST BETEILIGUNGS AG NA
DE000A161408;A16140;AKTIE;Ja;HELLOFRESH SE INH O.N.
DE000A161N30;A161N3;AKTIE;Ja;GRENKE AG NA O.N.
DE000A161NR7;A161NR;AKTIE;Ja;THE NAGA GROUP AG NA O.N.
DE000A1681X5;A1681X;AKTIE;Ja;SINGULUS TECHNOL. EO 1
DE000A168205;A16820;AKTIE;Ja;SHAREHOLD.VAL.BET.NA O.N.
DE000A1A60A2;A1A60A;AKTIE;Ja;PLANETHOME INV. INH ST ON
DE000A1A6V48;A1A6V4;AKTIE;Ja;KPS AG NA O.N.
DE000A1A6WE6;A1A6WE;AKTIE;Ja;DOCCHECK AG NA O.N.
DE000A1C0TA1;A1C0TA;FONDS;Nein;HSBC Strategie Substanz AD
DE000A1C4D48;A1C4D4;FONDS;Nein;Wagner & Florack PIC Fund AMI
DE000A1C4DW1;A1C4DW;FONDS;Nein;Mayerhofer Strategie AMI
DE000A1C5D13;A1C5D1;FONDS;Nein;ACATIS  VALUE EVENT FONDS B
DE000A1CRQD6;A1CRQD;AKTIE;Ja;BHB BRAUHLD.BAY.MIT.AG
DE000A1CS5F8;A1CS5F;FONDS;Nein;World Market Fund R
DE000A1DAHH0;A1DAHH;AKTIE;Ja;BRENNTAG SE NA O.N.
DE000A1E0HR8;A1E0HR;ETC;Ja;Xtrackers Physical Gold ETC (EUR) - USD ACC
DE000A1E0HS6;A1E0HS;ETC;Ja;Xtrackers Physical Silver ETC (EUR) - USD ACC
DE000A1EK0G3;A1EK0G;ETC;Ja;Xtrackers Physical Gold EUR Hedged ETC - ACC H
DE000A1EK0H1;A1EK0H;ETC;Ja;Xtrackers Physical Platinum EUR Hedged ETC
DE000A1EK0J7;A1EK0J;ETC;Ja;Xtrackers Physical Silver EUR Hedged ETC - ACC H
DE000A1EMG56;A1EMG5;AKTIE;Ja;SPORTTOTAL AG INH. O.N.
DE000A1EMHE0;A1EMHE;AKTIE;Ja;TONKENS AGRAR AG
DE000A1EWVY8;A1EWVY;AKTIE;Ja;FORMYCON AG
DE000A1EWWW0;A1EWWW;AKTIE;Ja;ADIDAS AG NA O.N.
DE000A1EWXA4;A1EWXA;AKTIE;Ja;CLEARVISE AG INH O.N.
DE000A1H44E3;A1H44E;FONDS;Nein;Apus Capital Revalue Fonds R
DE000A1H44U9;A1H44U;FONDS;Nein;HANSAsmart Select E (Class-A)
DE000A1H72F1;A1H72F;FONDS;Ja;ACATIS Datini Valueflex Fonds B
DE000A1H72N5;A1H72N;FONDS;Nein;Lloyd Fonds - ASSETS Defensive Opportunities I
DE000A1H8BV3;A1H8BV;AKTIE;Ja;NORMA GROUP SE NA O.N.
DE000A1J9BC9;A1J9BC;FONDS;Nein;sentix Fonds Aktien Deutschland
DE000A1J9FJ5;A1J9FJ;FONDS;Ja;avesco Sustainable Hidden Champions Equity - R
DE000A1JGB05;A1JGB0;FONDS;Nein;HanseMerkur Strategie chancenreich
DE000A1JGB21;A1JGB2;FONDS;Nein;HanseMerkur Strategie ausgewogen
DE000A1JGBX4;A1JGBX;FONDS;Nein;ACATIS Global Value Total Return
DE000A1JRP97;A1JRP9;FONDS;Nein;Rücklagenfonds A
DE000A1JSXE3;A1JSXE;FONDS;Nein;Bachelier UI
DE000A1JUU46;A1JUU4;FONDS;Nein;CHOM CAPITAL Active Return Europe UI R
DE000A1JUV78;A1JUV7;FONDS;Nein;TBF GLOBAL INCOME EUR R
DE000A1JUVL8;A1JUVL;FONDS;Nein;Steyler Fair Invest Equities
DE000A1K0201;A1K020;AKTIE;Ja;GESCO SE NA O.N.
DE000A1K0235;A1K023;AKTIE;Ja;SUSS MICROTEC SE NA O.N.
DE000A1K0375;A1K037;AKTIE;Ja;ARTNET AG NA O.N.
DE000A1ML7J1;A1ML7J;AKTIE;Ja;VONOVIA SE NA O.N.
DE000A1MMCC8;A1MMCC;AKTIE;Ja;MEDIOS AG O.N.
DE000A1MME74;A1MME7;AKTIE;Ja;NETFONDS AG VNA O.N.
DE000A1MMEV4;A1MMEV;AKTIE;Ja;THE PAYM.GR.HLDG KG NA ON
DE000A1PG508;A1PG50;AKTIE;Ja;FAST FIN 24 HLDG INH O.N.
DE000A1PHBB5;A1PHBB;AKTIE;Ja;R. STAHL AG NA O.N.
DE000A1PHFF7;A1PHFF;AKTIE;Ja;HUGO BOSS AG NA O.N.
DE000A1T6KX0;A1T6KX;FONDS;Nein;Metzler Wertsicherungsfonds 96 B
DE000A1T73W9;A1T73W;FONDS;Nein;ACATIS VALUE EVENT FONDS C
DE000A1T7561;A1T756;FONDS;Ja;WI Global Challenges Index-Fonds
DE000A1T75N3;A1T75N;FONDS;Nein;BRW Balanced Return V EUR
DE000A1TNMM9;A1TNMM;AKTIE;Ja;CENTROTHERM INTL O.N.
DE000A1TNNN5;A1TNNN;AKTIE;Ja;A.S.CREATION TAPETEN NA
DE000A1TNU68;A1TNU6;AKTIE;Ja;STS GROUP AG O.N.
DE000A1TNUT7;A1TNUT;AKTIE;Ja;DT.BETEILIG.AG NA O.N.
DE000A1TNV91;A1TNV9;AKTIE;Ja;BITCOIN GROUP SE O.N.
DE000A1TNWJ4;A1TNWJ;AKTIE;Ja;MPC MUENCH.PET.CAP.
DE000A1W1PH8;A1W1PH;FONDS;Nein;Paladin ONE F
DE000A1W2BT1;A1W2BT;FONDS;Nein;AIRC BEST OF U.S. USD
DE000A1W2BV7;A1W2BV;FONDS;Nein;AIRC BEST OF U.S. EUR
DE000A1W2CK8;A1W2CK;FONDS;Ja;GLS Bank Aktienfonds A
DE000A1W8960;A1W896;FONDS;Nein;S4A Pure Equity Germany
DE000A1W9A28;A1W9A2;FONDS;Nein;ProfitlichSchmidlin Fonds UI R
DE000A1W9A77;A1W9A7;FONDS;Nein;Prisma Aktiv UI R
DE000A1W9AD2;A1W9AD;FONDS;Nein;apo TopSelect Balance A
DE000A1W9BL3;A1W9BL;FONDS;Nein;AMUNDI MULTI MANAGER BEST SELECT - A (D)
DE000A1WZ2J4;A1WZ2J;FONDS;Nein;Lloyd Fonds - Global Multi Asset Sustainable R
DE000A1WZ3Z8;A1WZ3Z;FONDS;Nein;Sauren Dynamic Absolute Return Klasse D
DE000A1X3WX6;A1X3WX;AKTIE;Ja;ERWE IMMOB. AG INH O.N.
DE000A1X3XX4;A1X3XX;AKTIE;Ja;BRANICKS GROUP AG NA O.N.
DE000A1X3YY0;A1X3YY;AKTIE;Ja;BASTEI LUEBBE AG O.N.
DE000A1XDX38;A1XDX3;FONDS;Nein;Lupus alpha CLO High Quality Invest A
DE000A1XDX79;A1XDX7;FONDS;Nein;Lupus alpha Dividend Champions R
DE000A1YC913;A1YC91;AKTIE;Ja;FCR IMMOBILIEN AG NA O.N.
DE000A1YC996;A1YC99;AKTIE;Ja;THE SOCIAL CHAIN AG NA ON
DE000A254203;A25420;AKTIE;Ja;META WOLF AG INH O.N.
DE000A254211;A25421;AKTIE;Ja;INTERSHOP COMM. INH O.N.
DE000A254W52;A254W5;AKTIE;Ja;PYRAMID AG
DE000A255F11;A255F1;AKTIE;Ja;FR.VORWERK GRP SE INH ON
DE000A255G02;A255G0;AKTIE;Ja;ENAPTER AG INH O.N.
DE000A27Z304;A27Z30;ETC;Ja;ETC Group Physical Bitcoin
DE000A288904;A28890;AKTIE;Ja;COMPUGROUP MED. NA O.N.
DE000A289B07;A289B0;AKTIE;Ja;ARZNEIWERK AG VIDA INH ON
DE000A289V03;A289V0;AKTIE;Ja;MPH HEALTH CARE INH O.N
DE000A28M8D0;A28M8D;ETC;Ja;VanEck Bitcoin ETP/ETC
DE000A2AA1Q5;A2AA1Q;AKTIE;Ja;INTL SCHOOL AUGS.AG NA ON
DE000A2AA204;A2AA20;AKTIE;Ja;DF DT.FORFAIT AG NA O.N.
DE000A2AAA75;A2AAA7;AKTIE;Ja;SEVEN PRINCIPLES AG O.N.
DE000A2AAE22;A2AAE2;AKTIE;Ja;SBF AG
DE000A2AMN84;A2AMN8;FONDS;Nein;sentix Risk Return -M- R
DE000A2AQ952;A2AQ95;FONDS;Ja;SOLIT Wertefonds R
DE000A2ATBG9;A2ATBG;FONDS;Nein;Perspektive OVID Equity R
DE000A2ATC31;A2ATC3;FONDS;Nein;Swiss Life REF (DE) European Real Estate Living and Working
DE000A2BPK34;A2BPK3;AKTIE;Ja;NET DIGITAL AG INH O.N.
DE000A2BPP88;A2BPP8;AKTIE;Ja;BETA SYST.SOFTW. INH.O.N.
DE000A2DA588;A2DA58;AKTIE;Ja;MAX AUTOMATION SE NA O.N.
DE000A2DAM03;A2DAM0;AKTIE;Ja;AUMANN AG INH O.N.
DE000A2DR2L2;A2DR2L;FONDS;Nein;ACATIS AI Global Equities A
DE000A2DR2T5;A2DR2T;FONDS;Nein;BFS Nachhaltigkeitsfonds Aktien I B
DE000A2DTM69;A2DTM6;FONDS;Nein;Der Zukunftsfonds
DE000A2DTNA1;A2DTNA;FONDS;Ja;GLS Bank Klimafonds A
DE000A2DTNG8;A2DTNG;FONDS;Nein;OLB Invest Dynamik
DE000A2DTNH6;A2DTNH;FONDS;Nein;Paladin ONE R
DE000A2E4K43;A2E4K4;AKTIE;Ja;DELIVERY HERO SE NA O.N.
DE000A2E4LE9;A2E4LE;AKTIE;Ja;VOLTABOX AG INH. O.N.
DE000A2E4MK4;A2E4MK;AKTIE;Ja;NORATIS AG INH. O.N.
DE000A2E4SV8;A2E4SV;AKTIE;Ja;CYAN AG INH O.N.
DE000A2E4T77;A2E4T7;AKTIE;Ja;H+R KGAA INH. O.N.
DE000A2G8X31;A2G8X3;AKTIE;Ja;SERVICEWARE SE INH O.N.
DE000A2G8ZX8;A2G8ZX;AKTIE;Ja;PYRUM INNOV.AG NA O.N.
DE000A2G9M17;A2G9M1;AKTIE;Ja;CAPSENSIXX AG INH O.N.
DE000A2GS5D8;A2GS5D;AKTIE;Ja;DERMAPHARM HLDG INH O.N.
DE000A2GS609;A2GS60;AKTIE;Ja;SMARTBROKER HLDG INH O.N.
DE000A2GS625;A2GS62;AKTIE;Ja;CR ENERGY AG INH O.N.
DE000A2GS633;A2GS63;AKTIE;Ja;ALLGEIER SE NA O.N.
DE000A2GSU42;A2GSU4;AKTIE;Ja;BROCKHAUS TECHN. NA O.N.
DE000A2H5YB2;A2H5YB;FONDS;Nein;FUNDament Total Return - P
DE000A2H5ZF0;A2H5ZF;FONDS;Nein;AMUNDI CPR DEFENSIV
DE000A2H5ZG8;A2H5ZG;FONDS;Nein;AMUNDI CPR AKTIV
DE000A2H7N24;A2H7N2;FONDS;Ja;The Digital Leaders Fund R
DE000A2H7PA8;A2H7PA;FONDS;Nein;BRW Balanced Return Plus Direct
DE000A2JJ1J2;A2JJ1J;FONDS;Nein;RIV Zusatzversorgung
DE000A2LQ1G5;A2LQ1G;AKTIE;Ja;COINIX GMBH+CO.KGAA O.N.
DE000A2LQ2D0;A2LQ2D;AKTIE;Ja;029 GROUP SE INH O.N.
DE000A2LQ884;A2LQ88;AKTIE;Ja;AUTO1 GROUP SE INH O.N.
DE000A2N4H07;A2N4H0;AKTIE;Ja;WESTWING GROUP INH. O.N.
DE000A2N8127;A2N812;FONDS;Ja;BIT Global Technology Leaders - R-I EUR ACC
DE000A2N8143;A2N814;FONDS;Nein;BIT Global Technology Leaders - R-III EUR ACC
DE000A2N82J8;A2N82J;FONDS;Nein;Effecten-Spiegel Aktien-Fonds
DE000A2NB601;A2NB60;AKTIE;Ja;JENOPTIK AG NA O.N.
DE000A2NB650;A2NB65;AKTIE;Ja;MUTARES KGAA NA O.N.
DE000A2NB7S2;A2NB7S;AKTIE;Nein;TRAUMHAUS AG INH O.N.
DE000A2NBX80;A2NBX8;AKTIE;Ja;INSTONE REAL EST.GRP O.N.
DE000A2P0U90;A2P0U9;FONDS;Nein;HanseMerkur Strategie ausgewogen Nachhaltigkeit
DE000A2P0UL0;A2P0UL;FONDS;Nein;HMT Euro Aktien Seasonal R
DE000A2P4HL9;A2P4HL;AKTIE;Ja;123FAHRSCHULE SE INH O.N.
DE000A2P4LJ5;A2P4LJ;AKTIE;Ja;PHARMASGP HOLDING SE O.N.
DE000A2P8UA6;A2P8UA;FONDS;Nein;AMUNDI ETHIK PLUS - A -D (D)
DE000A2PB598;A2PB59;FONDS;Nein;Lloyd Fonds - European Hidden Champions R
DE000A2PB655;A2PB65;FONDS;Nein;ACATIS QILIN Marco Polo Asien Fonds A
DE000A2PB6K9;A2PB6K;FONDS;Nein;CHOM CAPITAL PURE Sust. - Small Cap Europe UI R
DE000A2PB6R4;A2PB6R;FONDS;Nein;ART Transformer Equities R
DE000A2PE1E0;A2PE1E;FONDS;Nein;Immobilien Werte Deutschland A
DE000A2PMW94;A2PMW9;FONDS;Nein;Antecedo Defensive Growth R
DE000A2PMXF8;A2PMXF;FONDS;Nein;Lloyd Fonds - Green Dividend World R
DE000A2PND96;A2PND9;FONDS;Ja;LBBW Mobilität der Zukunft R
DE000A2PS196;A2PS19;FONDS;Nein;HMT Euro Aktien VolControl R
DE000A2PS3H3;A2PS3H;FONDS;Nein;HMT Euro Aktien Protect ESG R
DE000A2PS3K7;A2PS3K;FONDS;Nein;HMT Wertsicherung 94 ESG R
DE000A2QCXL5;A2QCXL;FONDS;Nein;HMT Aktien Bessere Welt R
DE000A2QCXX0;A2QCXX;FONDS;Nein;TimmInvest Europa Plus Fonds
DE000A2QDNX9;A2QDNX;AKTIE;Ja;CCS ABWICKLUNGS AG INH ON
DE000A2QDR59;A2QDR5;FONDS;Ja;GG Wasserstoff R
DE000A2QDRW2;A2QDRW;FONDS;Ja;BIT Global Leaders R - I
DE000A2QEFA1;A2QEFA;AKTIE;Ja;PLATFORM GRP AG INH O.N.
DE000A2QK5J1;A2QK5J;FONDS;Nein;EM Digital Leaders R
DE000A2QP323;A2QP32;ETF;Ja;iShares TecDAX® UCITS ETF (DE) EUR (Dist)
DE000A2QP331;A2QP33;ETF;Ja;iShares Core DAX® UCITS ETF (DE) EUR (Dist)
DE000A2QP349;A2QP34;ETF;Ja;iShares MDAX® UCITS ETF (DE) EUR (Dist)
DE000A2QP372;A2QP37;ETF;Ja;iShares EURO STOXX Banks 30-15 UCITS ETF (DE) - ACC ETF
DE000A2QP380;A2QP38;ETF;Ja;iShares EURO STOXX Select Dividend 30 UCITS ETF (DE) - ACC ETF
DE000A2QP398;A2QP39;ETF;Ja;iShares STOXX Europe 600 Technology UCITS ETF (DE) - EUR ACC ETF
DE000A2QP4A8;A2QP4A;ETF;Ja;iShares STOXX Europe 600 Automobiles & Parts UCITS ETF (DE) EUR (Acc)
DE000A2QP4B6;A2QP4B;ETF;Ja;iShares STOXX Europe 600 UCITS ETF (DE) EUR (Acc)
DE000A2QSF56;A2QSF5;FONDS;Nein;Aquantum Active Range - R EUR ACC Fonds
DE000A2T0VS9;A2T0VS;ETC;Ja;Xtrackers IE Physical Silver ETC Securities
DE000A2T0VT7;A2T0VT;ETC;Ja;Xtrackers IE Physical Platinum ETC Securities - USD DIS
DE000A2T0VU5;A2T0VU;ETC;Ja;Xtrackers IE Physical Gold ETC Securities - USD ACC ETF
DE000A2T5DZ1;A2T5DZ;ETC;Ja;Xtrackers IE Physical Gold EUR Hedged ETC Securities - ACC H
DE000A2TR919;A2TR91;AKTIE;Ja;SPIELVGG UNTERHACH. NA ON
DE000A2UDH55;A2UDH5;ETC;Ja;Xtrackers IE Physical Silver EUR Hedged ETC Securities - ACC H
DE000A2UDH63;A2UDH6;ETC;Ja;Xtrackers IE Physical Platinum EUR Hedged ETC Securities - ACC H
DE000A2YN355;A2YN35;AKTIE;Ja;CIRCUS SE INH O.N.
DE000A2YN504;A2YN50;AKTIE;Ja;KNAUS AG INH O.N.
DE000A2YN702;A2YN70;AKTIE;Ja;UMT UTD MOB.TECHN. O.N.
DE000A2YN777;A2YN77;AKTIE;Ja;PFERDEWETTEN.DE AG NA ON
DE000A2YN900;A2YN90;AKTIE;Ja;TEAMVIEWER SE INH O.N.
DE000A2YNT30;A2YNT3;AKTIE;Ja;ALZCHEM GROUP AG INH O.N.
DE000A2YPDD0;A2YPDD;AKTIE;Ja;VIB VERMOEGEN NA O.N.
DE000A31C305;A31C30;AKTIE;Ja;MYNARIC AG NA O.N.
DE000A31C3Y4;A31C3Y;AKTIE;Ja;ALTECH ADV.MAT. NA O.N.
DE000A32VN59;A32VN5;AKTIE;Ja;SOLUTIANCE AG NA O.N.
DE000A35JR33;A35JR3;AKTIE;Ja;LUEBKE KELBER AG NA O.N.
DE000A35JS40;A35JS4;AKTIE;Ja;CLIQ DIGITAL AG NA O.N.
DE000A35JS99;A35JS9;AKTIE;Ja;TICK TRADING SOFTW. NA ON
DE000A37FT41;A37FT4;AKTIE;Ja;EPIGENOMICS AG NA O.N.
DE000A37FTW0;A37FTW;AKTIE;Ja;ALEXANDERWERK AG INH O.N.
DE000A37FUP2;A37FUP;AKTIE;Ja;CANNOVUM CANNABIS INH ON
DE000A3C35W0;A3C35W;AKTIE;Nein;DARWIN AG INH O.N.
DE000A3CM708;A3CM70;AKTIE;Ja;SDM SE INH O.N.
DE000A3CMGM5;A3CMGM;AKTIE;Ja;APONTIS PHARM. AG INH ON
DE000A3CMGN3;A3CMGN;AKTIE;Ja;HGEARS AG INH O.N.
DE000A3CN9R8;A3CN9R;AKTIE;Ja;TOKENTUS INVESTMENT AG
DE000A3CNGM3;A3CNGM;FONDS;Ja;BIT Global Crypto Leaders R-I
DE000A3CNK42;A3CNK4;AKTIE;Ja;ABOUT YOU HOLDING SE
DE000A3CQ7F4;A3CQ7F;AKTIE;Ja;BIKE24 HLDG O.N.
DE000A3CRRN9;A3CRRN;AKTIE;Ja;CHERRY SE O.N.
DE000A3CSAE2;A3CSAE;AKTIE;Ja;MISTER SPEX SE INH O.N.
DE000A3DD6W5;A3DD6W;AKTIE;Ja;EV DIGITAL INVEST INH.AKT
DE000A3DRAE2;A3DRAE;AKTIE;Ja;SMT SCHARF AG NA O.N.
DE000A3DSV01;A3DSV0;AKTIE;Ja;CANTOURAGE GROUP SE O.N.
DE000A3DW408;A3DW40;AKTIE;Ja;DN DT.NACHHALT. NA O.N.
DE000A3E00M1;A3E00M;AKTIE;Ja;IONOS GROUP SE NA O.N.
DE000A3E5A34;A3E5A3;AKTIE;Ja;PARTEC AG NA O.N.
DE000A3E5A59;A3E5A5;AKTIE;Ja;SYNBIOTIC SE NA O.N.
DE000A3E5C08;A3E5C0;AKTIE;Ja;CO.DON AG INH. O.N.
DE000A3E5C24;A3E5C2;AKTIE;Ja;MHP HOTEL AG INH O.N.
DE000A3E5C40;A3E5C4;AKTIE;Ja;4SC AG INH. O.N.
DE000A3E5CP0;A3E5CP;AKTIE;Ja;SIMONA AG O.N.
DE000A3E5D56;A3E5D5;AKTIE;Ja;FUCHS SE NA ST O.N.
DE000A3E5D64;A3E5D6;AKTIE;Ja;FUCHS SE VZO NA O.N.
DE000A3E5E55;A3E5E5;AKTIE;Ja;RINGMETALL SE NA O.N.
DE000A3E5ED2;A3E5ED;AKTIE;Ja;VEGANZ GROUP AG INH. O.N.
DE000A3E5EG5;A3E5EG;AKTIE;Ja;PAION AG INH O.N.
DE000A3ENQ51;A3ENQ5;AKTIE;Ja;SCHOTT PHARMA INH O.N.
DE000A3EX3G0;A3EX3G;AKTIE;Ja;GORE GERM.OFF.R.E. NA ON
DE000A3EYLC7;A3EYLC;AKTIE;Ja;MWB FAIRTRADE WPHDL.NA ON
DE000A3G3ZD0;A3G3ZD;ETC;Ja;DDA Crypto Select 10 ETP/ETC
DE000A3G3ZL3;A3G3ZL;ETC;Ja;ETC Group MSCI Digital Assets Select 20 ETP
DE000A3G90G9;A3G90G;ETC;Ja;Bitwise Ethereum Staking ETP/ETC
DE000A3G9SE0;A3G9SE;ETC;Ja;DDA Bitcoin Macro ETP/ETC
DE000A3GK2N1;A3GK2N;ETC;Ja;DDA Physical Bitcoin ETP/ETC
DE000A3GMKD7;A3GMKD;ETC;Ja;ETC Group Physical Ethereum
DE000A3GN5J9;A3GN5J;ETC;Ja;ETC Group Physical Litecoin
DE000A3GPSP7;A3GPSP;ETC;Ja;VanEck Ethereum ETP/ETC
DE000A3GSUC5;A3GSUC;ETC;Ja;VanEck Polkadot ETP/ETC
DE000A3GSUD3;A3GSUD;ETC;Ja;VanEck Solana ETP/ETC
DE000A3GSUE1;A3GSUE;ETC;Ja;VanEck TRON ETP/ETC
DE000A3GTML1;A3GTML;ETC;Ja;DDA Physical Ethereum ETP/ETC
DE000A3GV1T7;A3GV1T;ETC;Ja;VanEck Avalanche ETP/ETC
DE000A3GV1U5;A3GV1U;ETC;Ja;VanEck Polygon ETP/ETC
DE000A3GVKY4;A3GVKY;ETC;Ja;ETC Group Physical Cardano
DE000A3GVKZ1;A3GVKZ;ETC;Ja;ETC Group Physical Solana
DE000A3GWEU3;A3GWEU;ETC;Ja;VanEck Crypto Leaders ETP/ETC
DE000A3GWNE8;A3GWNE;ETC;Ja;VanEck Algorand ETP/ETC
DE000A3GXNT4;A3GXNT;ETC;Ja;VanEck Smart Contract Leaders ETP/ETC
DE000A3GXNV0;A3GXNV;ETC;Ja;VanEck Chainlink ETP/ETC
DE000A3GYNB0;A3GYNB;ETC;Ja;ETC Group Physical XRP
DE000A3H2101;A3H210;AKTIE;Ja;AAP IMPLANTATE AG O.N.
DE000A3H2135;A3H213;AKTIE;Ja;BINECT AG INH O.N.
DE000A3H2200;A3H220;AKTIE;Ja;NAGARRO SE NA O.N.
DE000A3H2333;A3H233;AKTIE;Ja;HAMBORNER REIT AG NA O.N.
DE000A3H3L44;A3H3L4;AKTIE;Ja;2INVEST AG NA O.N.
DE000A3MQC96;A3MQC9;AKTIE;Ja;FINCHAIN CAPITAL PARTNERS
DE000A3MQR65;A3MQR6;AKTIE;Nein;VIROMED MEDICAL INH O.N.
DE000A3MQR99;A3MQR9;AKTIE;Ja;GBS SOFTWARE AG INH O.N.
DE000A4096T1;A4096T;AKTIE;Ja;PRO DV AG INH O.N.
DE000A40AEG0;A40AEG;AKTIE;Ja;PENTIXAPHARM HLDG NA O.N.
DE000A40ESG2;A40ESG;AKTIE;Ja;MEDIGENE AG NA O.N.
DE000A40ESU3;A40ESU;AKTIE;Ja;EINHELL GERMANY VZO O.N.
DE000A40ET13;A40ET1;AKTIE;Ja;AUDIUS SE NA O.N.
DE000A40KXC8;A40KXC;AKTIE;Ja;GOING PUBLIC MEDIA NA ON
DE000A40KXL9;A40KXL;AKTIE;Ja;GROUNDS R.EST. NA O.N.
DE000A40KY00;A40KY0;AKTIE;Ja;EIGENH.UNION 1898 INH ON
DE000A40KY26;A40KY2;AKTIE;Ja;COVESTRO AG O.N. Z.VERK.
DE000A40KYB8;A40KYB;AKTIE;Ja;COREO AG INH O.N.
DE000A40QVM8;A40QVM;AKTIE;Nein;INNOSCRIPTA SE INH O.N.
DE000A4AER62;A4AER6;ETC;Ja;Bitwise Core Bitcoin ETP/ETC
DE000A4BGGE4;A4BGGE;AKTIE;Ja;BIOXXMED AG INH O.N.
DE000A4BGGM7;A4BGGM;AKTIE;Ja;BIOFRONTERA AG NA O.N.
DE000ANTE026;ANTE02;FONDS;Nein;antea Strategie II
DE000ANTE1A3;ANTE1A;FONDS;Nein;antea - R
DE000BASF111;BASF11;AKTIE;Ja;BASF SE NA O.N.
DE000BAY0017;BAY001;AKTIE;Ja;BAYER AG NA O.N.
DE000BEAU7Y1;BEAU7Y;AKTIE;Ja;DOUGLAS AG INH O.N.
DE000BGAG981;BGAG98;AKTIE;Ja;BIO-GATE AG O.N.
DE000CBK1001;CBK100;AKTIE;Ja;COMMERZBANK AG
DE000DK0ECU8;DK0ECU;FONDS;Nein;Deka-GlobalChampions - CF EUR DIS Fonds
DE000DK2CDS0;DK2CDS;FONDS;Nein;Deka-DividendenStrategie - CF EUR DIS Fonds
DE000DNA10X3;DNA10X;FONDS;Ja;10XDNA - Disruptive Technologies - R
DE000DTR0CK8;DTR0CK;AKTIE;Ja;DAIMLER TRUCK HLDG NA ON
DE000DWS08N1;DWS08N;FONDS;Nein;DWS TRC Deutschland
DE000DWS08P6;DWS08P;FONDS;Nein;DWS Systematic Global Equity - EUR DIS Fonds
DE000DWS08X0;DWS08X;FONDS;Nein;Bethmann Nachhaltigkeit Ausgewogen A
DE000DWS0D27;DWS0D2;FONDS;Nein;DWS Aktien Schweiz CHF LC
DE000DWS0PC1;DWS0PC;FONDS;Nein;Weltportfolio Stabilität LC
DE000DWS0PD9;DWS0PD;FONDS;Nein;Weltportfolio Dynamik LC
DE000DWS0RW5;DWS0RW;FONDS;Nein;Gothaer Comfort Ertrag
DE000DWS0RX3;DWS0RX;FONDS;Nein;Gothaer Comfort Balance
DE000DWS0RZ8;DWS0RZ;FONDS;Nein;DWS Dynamik LC
DE000DWS0TS9;DWS0TS;FONDS;Nein;FOS Strategie-Fonds Nr. 1
DE000DWS0UY5;DWS0UY;FONDS;Nein;Capital Growth Fund
DE000DWS0W32;DWS0W3;FONDS;Nein;DWS Sachwerte
DE000DWS0XF8;DWS0XF;FONDS;Nein;FOS Rendite und Nachhaltigkeit A
DE000DWS1007;DWS100;AKTIE;Ja;DWS GROUP GMBH+CO.KGAA ON
DE000DWS17J0;DWS17J;FONDS;Nein;DWS ESG Dynamic Opportunities LC
DE000DWS1UR7;DWS1UR;FONDS;Nein;DWS Defensiv LC
DE000DWS2XX7;DWS2XX;FONDS;Nein;DWS ESG Dynamic Opportunities LD
DE000EASY306;EASY30;FONDS;Nein;easyfolio 30
DE000EASY504;EASY50;FONDS;Nein;easyfolio 50
DE000EASY702;EASY70;FONDS;Nein;easyfolio 70
DE000ENAG999;ENAG99;AKTIE;Ja;E.ON SE NA O.N.
DE000ENER6Y0;ENER6Y;AKTIE;Ja;SIEMENS ENERGY AG NA O.N.
DE000ETF7011;ETF701;ETF;Ja;Amundi Multi-Asset Portfolio UCITS ETF Dist
DE000ETF7029;ETF702;ETF;Ja;Amundi Multi-Asset Portfolio Defensive UCITS ETF Dist
DE000ETF7037;ETF703;ETF;Ja;Amundi Multi-Asset Portfolio Offensive UCITS ETF Dist
DE000ETF9033;ETF903;ETF;Ja;Amundi DivDax II UCITS ETF Dist
DE000ETF9074;ETF907;ETF;Ja;Amundi MDAX ESG II UCITS ETF - Dist (D)
DE000ETF9082;ETF908;ETF;Ja;Amundi TecDAX UCITS ETF Dist
DE000ETF9090;ETF909;ETF;Ja;Amundi DAX 50 ESG II UCITS ETF - Dist (D)
DE000ETF9603;ETF960;ETF;Ja;Amundi STOXX Europe 600 ESG II UCITS ETF - Dist (D)
DE000ETFL011;ETFL01;ETF;Nein;Deka DAX® UCITS ETF
DE000ETFL029;ETFL02;ETF;Nein;Deka EURO STOXX 50® UCITS ETF
DE000ETFL037;ETFL03;ETF;Nein;Deka STOXX® Europe Strong Growth 20 UCITS ETF
DE000ETFL045;ETFL04;ETF;Nein;Deka STOXX® Europe Strong Value 20 UCITS ETF
DE000ETFL052;ETFL05;ETF;Nein;Deka STOXX® Europe Strong Style Composite 40 UCITS ETF
DE000ETFL060;ETFL06;ETF;Nein;Deka DAX® (ausschüttend) UCITS ETF
DE000ETFL078;ETFL07;ETF;Nein;Deka EURO STOXX® Select Dividend 30 UCITS ETF
DE000ETFL094;ETFL09;ETF;Nein;Deka MSCI USA LC UCITS ETF
DE000ETFL110;ETFL11;ETF;Nein;Deka iBoxx EUR Liquid Sovereign Diversified 1-10 UCITS ETF
DE000ETFL128;ETFL12;ETF;Nein;Deka iBoxx EUR Liquid Sovereign Diversified 1-3 UCITS ETF
DE000ETFL136;ETFL13;ETF;Nein;Deka iBoxx EUR Liquid Sovereign Diversified 3-5 UCITS ETF
DE000ETFL144;ETFL14;ETF;Nein;Deka iBoxx EUR Liquid Sovereign Diversified 5-7 UCITS ETF
DE000ETFL151;ETFL15;ETF;Nein;Deka iBoxx EUR Liquid Sovereign Diversified 7-10 UCITS ETF
DE000ETFL169;ETFL16;ETF;Nein;Deka iBoxx EUR Liquid Sovereign Diversified 10+ UCITS ETF
DE000ETFL177;ETFL17;ETF;Nein;Deka Deutsche Börse EUROGOV® Germany UCITS ETF
DE000ETFL185;ETFL18;ETF;Nein;Deka Deutsche Börse EUROGOV® Germany 1-3 UCITS ETF
DE000ETFL193;ETFL19;ETF;Nein;Deka Deutsche Börse EUROGOV® Germany 3-5 UCITS ETF
DE000ETFL201;ETFL20;ETF;Nein;Deka Deutsche Börse EUROGOV® Germany 5-10 UCITS ETF
DE000ETFL219;ETFL21;ETF;Nein;Deka Deutsche Börse EUROGOV® Germany 10+ UCITS ETF
DE000ETFL227;ETFL22;ETF;Ja;Deka Deutsche Börse EUROGOV® Germany Money Market UCITS ETF
DE000ETFL235;ETFL23;ETF;Nein;Deka DAXplus® Maximum Dividend UCITS ETF
DE000ETFL250;ETFL25;ETF;Nein;Deka STOXX Europe 50® UCITS ETF
DE000ETFL268;ETFL26;ETF;Nein;Deka MSCI USA UCITS ETF
DE000ETFL276;ETFL27;ETF;Nein;Deka MSCI USA MC UCITS ETF
DE000ETFL284;ETFL28;ETF;Nein;Deka MSCI Europe UCITS ETF
DE000ETFL292;ETFL29;ETF;Nein;Deka MSCI Europe MC UCITS ETF
DE000ETFL300;ETFL30;ETF;Nein;Deka MSCI Japan UCITS ETF
DE000ETFL318;ETFL31;ETF;Nein;Deka MSCI Japan Climate Change ESG UCITS ETF
DE000ETFL326;ETFL32;ETF;Nein;Deka MSCI China ex A Shares UCITS ETF
DE000ETFL342;ETFL34;ETF;Nein;Deka MSCI Emerging Markets UCITS ETF
DE000ETFL359;ETFL35;ETF;Nein;Deka iBoxx EUR Liquid Ger. Covered Diversified UCITS ETF
DE000ETFL375;ETFL37;ETF;Nein;Deka iBoxx EUR Liquid Corporates Diversified UCITS ETF
DE000ETFL383;ETFL38;ETF;Nein;Deka iBoxx EUR Liquid Non-Financials Diversified UCITS ETF
DE000ETFL433;ETFL43;ETF;Nein;Deka DAX® ex Financials 30 UCITS ETF
DE000ETFL441;ETFL44;ETF;Nein;Deka MDAX® UCITS ETF
DE000ETFL466;ETFL46;ETF;Nein;Deka EURO STOXX 50® ESG UCITS ETF
DE000ETFL474;ETFL47;ETF;Ja;Deka Oekom Euro Nachhaltigkeit UCITS ETF
DE000ETFL482;ETFL48;ETF;Nein;Deka EURO iSTOXX ex Fin Dividend+ UCITS ETF
DE000ETFL490;ETFL49;ETF;Nein;Deka Eurozone Rendite Plus 1-10 UCITS ETF
DE000ETFL508;ETFL50;ETF;Nein;Deka MSCI World UCITS ETF
DE000ETFL524;ETFL52;ETF;Nein;Deka US Treasury 7-10 UCITS ETF
DE000ETFL532;ETFL53;ETF;Nein;Deka Euro Corporates 0-3 Liquid UCITS ETF
DE000ETFL540;ETFL54;ETF;Nein;Deka MSCI Germany Climate Change ESG UCITS ETF
DE000ETFL557;ETFL55;ETF;Nein;Deka MSCI EMU Climate Change ESG UCITS ETF
DE000ETFL565;ETFL56;ETF;Nein;Deka MSCI Europe Climate Change ESG UCITS ETF
DE000ETFL573;ETFL57;ETF;Nein;Deka MSCI USA Climate Change ESG UCITS ETF
DE000ETFL581;ETFL58;ETF;Nein;Deka MSCI World Climate Change ESG UCITS ETF
DE000EVNK013;EVNK01;AKTIE;Ja;EVONIK INDUSTRIES NA O.N.
DE000EWG2LD7;EWG2LD;ETC;Nein;EUWAX Gold II ETC
DE000FPH9000;FPH900;AKTIE;Ja;FRANCOTYP-POSTALIA HLDG
DE000FTG1111;FTG111;AKTIE;Ja;FLATEXDEGIRO AG NA O.N.
DE000HAG0005;HAG000;AKTIE;Ja;HENSOLDT AG INH O.N.
DE000HLAG475;HLAG47;AKTIE;Ja;HAPAG-LLOYD AG NA O.N.
DE000JST4000;JST400;AKTIE;Ja;JOST WERKE SE INH. O.N.
DE000KBX1006;KBX100;AKTIE;Ja;KNORR-BREMSE AG INH O.N.
DE000KC01000;KC0100;AKTIE;Ja;KLOECKNER + CO SE NA O.N.
DE000KGX8881;KGX888;AKTIE;Ja;KION GROUP AG
DE000KSAG888;KSAG88;AKTIE;Ja;K+S AG NA O.N.
DE000LEG1110;LEG111;AKTIE;Ja;LEG IMMOBILIEN SE NA O.N.
DE000LS1LUS9;LS1LUS;AKTIE;Ja;LANG + SCHWARZ AG NA O.N.
DE000NCA0001;NCA000;AKTIE;Ja;THYSSENKRUPP NUCERA O.N.
DE000PAG9113;PAG911;AKTIE;Ja;DR.ING.H.C.F.PORSCHE VZO
DE000PAH0038;PAH003;AKTIE;Ja;PORSCHE AUTOM.HLDG VZO
DE000PAT1AG3;PAT1AG;AKTIE;Ja;PATRIZIA SE NA O.N.
DE000PFSE212;PFSE21;AKTIE;Nein;PFISTERER HLDG SE INH ON
DE000PSM7770;PSM777;AKTIE;Ja;PROSIEBENSAT.1 NA O.N.
DE000RENK730;RENK73;AKTIE;Ja;RENK GROUP AG INH O.N.
DE000SAFH001;SAFH00;AKTIE;Ja;SAF-HOLLAND SE INH EO 1
DE000SHA0019;SHA001;AKTIE;Ja;SCHAEFFLER AG INH. O.N.
DE000SHL1006;SHL100;AKTIE;Ja;SIEMENS HEALTH.AG NA O.N.
DE000SPG1003;SPG100;AKTIE;Ja;SPRINGER NATURE INH O.N.
DE000STAB1L8;STAB1L;AKTIE;Ja;STABILUS SE INH. O.N.
DE000STRA555;STRA55;AKTIE;Ja;STRATEC SE NA O.N.
DE000SYM9999;SYM999;AKTIE;Ja;SYMRISE AG INH. O.N.
DE000TLX1005;TLX100;AKTIE;Ja;TALANX AG NA O.N.
DE000TRAT0N7;TRAT0N;AKTIE;Ja;TRATON SE INH O.N.
DE000TUAG505;TUAG50;AKTIE;Ja;TUI AG NA O.N.
DE000UNSE026;UNSE02;AKTIE;Ja;UNIPER SE NA O.N.
DE000WACK012;WACK01;AKTIE;Ja;WACKER NEUSON SE NA O.N.
DE000WAF3001;WAF300;AKTIE;Ja;SILTRONIC AG NA O.N.
DE000WCH8881;WCH888;AKTIE;Ja;WACKER CHEMIE O.N.
DE000WNDL300;WNDL30;AKTIE;Ja;NAKIKI SE INH O.N.
DE000ZAL1111;ZAL111;AKTIE;Ja;ZALANDO SE
DE000ZEAL241;ZEAL24;AKTIE;Ja;ZEAL NETWORK SE NA O.N.
DK0010181676;854095;AKTIE;Ja;CARLSBERG A/S NAM. A DK20
DK0010181759;861061;AKTIE;Ja;CARLSBERG A/S NAM. B DK20
DK0010201102;890262;AKTIE;Ja;KOBENH.LUFTHAV.NAM. DK100
DK0010218429;871970;AKTIE;Ja;BANG+OLUFSEN NAM. DK 5
DK0010234467;860885;AKTIE;Ja;FLSMIDTH+CO.AS NAM.B DK20
DK0010244425;861929;AKTIE;Ja;A.P.MOELL.-M.NAM A DK1000
DK0010244508;861837;AKTIE;Ja;A.P.MOELL.-M.NAM B DK1000
DK0010253921;882803;AKTIE;Ja;SCHOUW A/S DK 10
DK0010263722;925542;AKTIE;Ja;AGF A/S NAM.
DK0010267129;939166;AKTIE;Ja;RTX A/S NAM DK 5
DK0010272202;565131;AKTIE;Ja;GENMAB AS DK 1
DK0010272632;854734;AKTIE;Ja;GN STORE NORD A/S NAM.DK1
DK0010274414;850857;AKTIE;Ja;DANSKE BK NAM. DK 10
DK0010274844;A0BLGA;AKTIE;Ja;SOLAR AS B DK 100
DK0010287663;861226;AKTIE;Ja;NKT A/S NAM. DK 20
DK0010307958;A0DKMP;AKTIE;Ja;JYSKE BK A/S NAM. DK 10
DK0015250344;886785;AKTIE;Nein;ALM. BRAND A/S NAM. DK 1
DK0015998017;917165;AKTIE;Ja;BAVARIAN NOR NAM. DK 10
DK0016262058;A0B729;FONDS;Nein;Jyske Invest Stable Strategy EUR
DK0016262132;A0B73A;FONDS;Nein;Jyske Invest Balanced Strategy EUR
DK0060030286;A0JDT8;AKTIE;Ja;CBRAIN AS DK -,25
DK0060036564;A0HDE3;AKTIE;Ja;SPAR NORD BANK NAM. DK 10
DK0060055861;A0MS80;AKTIE;Ja;CHEMOMETEC AS DK 1
DK0060079531;A0MRDY;AKTIE;Ja;DSV AKTIER DK 1
DK0060083210;A0MQ8K;AKTIE;Ja;DAMPSKIBSS. NORDEN DK 1
DK0060094928;A0NBLH;AKTIE;Ja;ORSTED A/S DK 10
DK0060252690;A1C6JV;AKTIE;Ja;PANDORA A/S DK 1
DK0060257814;A0YJW7;AKTIE;Ja;ZEALAND PHARMA A/S DK 1
DK0060336014;A1JP9Y;AKTIE;Ja;NOVONESIS A/S NAM. B DK 2
DK0060448595;A1KAGC;AKTIE;Ja;COLOPLAST NAM. B DK 1
DK0060497295;A1W023;AKTIE;Ja;MATAS A/S DK 2,50
DK0060542181;A1XE8F;AKTIE;Nein;ISS AS DK 1
DK0060634707;A14R8E;AKTIE;Ja;ROYAL UNIBREW NAM. DK 2
DK0060636678;A14S5W;AKTIE;Ja;TRYG AS NAM. DK 5
DK0060655629;A140P3;AKTIE;Ja;DFDS A/S INDEHAV. DK 20
DK0060696300;A2AD2Q;AKTIE;Ja;SCAND.TOBACCO GROUP DK 1
DK0060700516;A2AD7T;AKTIE;Ja;PER AARSLEFF HLD NA B DK2
DK0060726743;A2AH1J;AKTIE;Ja;TIVOLI AS NAM. B DK 10
DK0060738599;A2AKB9;AKTIE;Ja;DEMANT AS A DK 0,2
DK0060854669;A2DSNH;AKTIE;Ja;RINGK.LANDBOBK DK 1
DK0060907293;A2GSX8;AKTIE;Ja;NILFIS HLDG A/S DK 20
DK0060946788;A2JAHY;AKTIE;Ja;AMBU A/S NAM. B DK -,50
DK0060952919;A2JM5M;AKTIE;Ja;NETCOMPANY GROUP DK1
DK0061141215;A2PLD8;AKTIE;Ja;NTG NORDIC TR.GR.NAM.DK20
DK0061273125;A2P7NB;AKTIE;Ja;SHAPE ROBOTICS A/S DK-,10
DK0061277894;A2P2PY;AKTIE;Ja;DET OSTASIAT.K.NAM. DK 35
DK0061412772;A2QG5D;AKTIE;Ja;CADELER A/S DK 1
DK0061537206;A3CQX2;AKTIE;Ja;TROPHY GAMES DEV. DK-,020
DK0061539921;A3CMNS;AKTIE;Ja;VESTAS WIND SYS. DK -,20
DK0061540341;A3CS32;AKTIE;Ja;GREEN HYDRO. SYS. DK -,01
DK0061549052;A3CRX0;AKTIE;Ja;MAPSPEOPLE A/S DK-,02
DK0061686714;A3DHB1;AKTIE;Ja;BRDR. A+O JOH. B DK 1
DK0061802139;A3DHX9;AKTIE;Ja;ALK-ABELLO AS DK -,50
DK0061804697;A3DMBU;AKTIE;Ja;H. LUNDBECK A/S SER.A DK1
DK0061804770;A3DMBV;AKTIE;Ja;H. LUNDBECK A/S SER.B DK1
DK0062266474;A3D9NV;AKTIE;Ja;GUBRA APS DK 1
DK0062498333;A3EU6F;AKTIE;Ja;NOVO-NORDISK AS B DK 0,1
DK0062502894;A3EYNB;AKTIE;Ja;STRATEGIC PARTNERS DK 150
DK0063855168;A41BEB;AKTIE;Ja;ROCKWOOL A/S NAM. B DK 1
EE3100021635;A2JNCS;AKTIE;Ja;TALLINNA SADAM AS EO1
EE3100102203;A3DQGJ;AKTIE;Ja;AS LHV GROUP EO -,10
ES0105025003;A116WC;AKTIE;Ja;MERLIN PPTYS SOCIMI EO 1
ES0105027009;A117Q0;AKTIE;Ja;C.D.DIS.INT.LOG.HD.EO-,20
ES0105029005;A14MDC;AKTIE;Ja;FACEPHI BIOMETRIA EO-,04
ES0105043006;A14SCM;AKTIE;Ja;NATURHOUSE HEALTH EO-,05
ES0105046009;A12D3A;AKTIE;Ja;AENA SME S.A. EO 10
ES0105065009;A14SE5;AKTIE;Ja;TALGO S.A. EO -,301
ES0105066007;A14RZD;AKTIE;Ja;CELLNEX TELECOM SA EO-,25
ES0105079000;A14WGE;AKTIE;Ja;GRENERGY RENOVALBL.EO-,15
ES0105122024;A2JSF7;AKTIE;Ja;METROVACESA S.A. EO 7,2
ES0105130001;A2AHZ3;AKTIE;Ja;GLOBAL DOM.ACCESS EO-,125
ES0105223004;A2DNEE;AKTIE;Ja;GESTAMP AUTOMOCION EO-,50
ES0105229001;A2DLP6;AKTIE;Ja;PROSEGUR CASH 144A EO-,02
ES0105251005;A2DNJB;AKTIE;Ja;NEINOR HOMES SA EO 6,38
ES0105287009;A2DXN6;AKTIE;Ja;AEDAS HOMES S.A. EO 1
ES0105375002;A2N7CV;AKTIE;Ja;AMREST HOLDINGS SE EO-,1
ES0105513008;A2QFYY;AKTIE;Ja;SOLTEC POWER HOLD. EO-,25
ES0105517025;A3DXTC;AKTIE;Ja;ENERGIA IN.Y DES. EO 0,25
ES0105546008;A3CNQZ;AKTIE;Ja;LINEA DIRECTA A. EO-,04
ES0105548004;A3CM95;AKTIE;Ja;ECOENER S.A. EO -,32
ES0105563003;A3CS39;AKTIE;Ja;CORPORACION A.E.R. EO 1
ES0105589008;A3CT9Q;AKTIE;Ja;ENDURANCE MOTIVE EO -,02
ES0105611000;A3DE96;AKTIE;Ja;SINGULAR PEOPLE S EO-,1
ES0105630315;A0J2ML;AKTIE;Ja;CIE AUTOMOTIVE INH.EO-,25
ES0105634002;A3DGQ9;AKTIE;Ja;ENERSIDE ENERGY EO -,01
ES0105777017;A40AE4;AKTIE;Ja;PUIG BRANDS EO-,06
ES0105836003;A40UWN;AKTIE;Ja;INMOCEMENTO SA
ES0105848008;A40UUC;AKTIE;Ja;COX ABG GROUP S.A. O.N.
ES0109067019;A1CXN0;AKTIE;Ja;AMADEUS IT GRP SA EO 0,01
ES0109260531;870369;AKTIE;Ja;AMPER SA NOM. EO 0,05
ES0109427734;A0EAK5;AKTIE;Ja;ATRESMED.C.D.M.D.C.EO-,75
ES0112501012;914506;AKTIE;Ja;EBRO FOODS NOM. EO -,60
ES0113211835;875773;AKTIE;Ja;BCO BIL.VIZ.ARG.NOM.EO-49
ES0113679I37;A0MW33;AKTIE;Ja;BANKINTER NOM. EO -,30
ES0113860A34;A0MRD4;AKTIE;Ja;BCO DE SABADELL A EO-,125
ES0113900J37;858872;AKTIE;Ja;BCO SANTANDER N.EO0,5
ES0114820113;A0H1NM;AKTIE;Ja;VOCENTO
ES0116870314;853598;AKTIE;Ja;NATURGY ENERGY INH. EO 1
ES0116920333;A0J36C;AKTIE;Ja;GRUPO CATALANA NOM.EO-,30
ES0118594417;873570;AKTIE;Ja;INDRA SISTEMAS INH.EO 0,2
ES0119037010;A0MNAP;AKTIE;Ja;CLINICA BAVIERA SA EO-,10
ES0121975009;A2DFYS;AKTIE;Ja;CONSTR.AUX.FERR. INH.
ES0122060314;883790;AKTIE;Ja;FOMENT.CON.CONTR.INH.EO 1
ES0124244E34;A0LCRN;AKTIE;Ja;MAPFRE S.A. NOM. EO -,10
ES0125140A14;A0YBXV;AKTIE;Ja;ERCROS SA INH. EO 0,30
ES0125220311;865629;AKTIE;Ja;ACCIONA SA INH. EO 1
ES0126775008;A411HZ;AKTIE;Nein;DISTRIB.INTL DE A.EO 10
ES0127797019;A0Q249;AKTIE;Ja;EDP RENOVAVEIS EO 5
ES0129743318;A0Q6GA;AKTIE;Ja;ELECNOR INH. EO-,10
ES0130625512;A0MQWE;AKTIE;Ja;ENCE ENERGIA+CELUL.EO-,90
ES0130670112;871028;AKTIE;Ja;ENDESA INH. EO 1,20
ES0130960018;662211;AKTIE;Ja;ENAGAS INH. EO 1,50
ES0132105018;A0B7GP;AKTIE;Ja;ACERINOX SA NOM. EO -,25
ES0132945017;861378;AKTIE;Ja;TUBACEX INH. EO 0,45
ES0134950F36;A0MKAC;AKTIE;Ja;FAES FARMA INH. EO-,10
ES0136463017;A0HNCA;AKTIE;Ja;AUDAX RENOVABLES EO 0,10
ES0137650018;A0MZNB;AKTIE;Ja;FLUIDRA S.A. INH. EO 1
ES0139140174;A2ANXU;AKTIE;Ja;INMOBIL.COL.SOC.EO 2,50
ES0140609019;A0MZR4;AKTIE;Ja;CAIXABANK S.A. EO
ES0142090317;882667;AKTIE;Ja;OBRASCON INH. EO 0,25
ES0144580Y14;A0M46B;AKTIE;Ja;IBERDROLA INH. EO -,75
ES0148396007;A11873;AKTIE;Ja;INDITEX INH. EO 0,03
ES0152768612;A0LBGE;AKTIE;Ja;AIRTIF.INTEL.STR. EO-,09
ES0157097017;A0MU8Y;AKTIE;Ja;ALMIRALL S.A. EO -,12
ES0157261019;A0M0GQ;AKTIE;Ja;LABORATORIOS FARMACEUT.
ES0161560018;853615;AKTIE;Ja;MINOR HOTELS EUR.+AM. EO2
ES0165359029;A140EW;AKTIE;Ja;LABORATORIO REIG J.EO 0,5
ES0165386014;A0MU98;AKTIE;Ja;SOLARIA ENERGIA Y M.EO-01
ES0167050915;A0CBA2;AKTIE;Ja;ACS,ACT.CO.SER.INH.EO-,50
ES0167733015;A2ACV2;AKTIE;Ja;ORYZON GENOMICS SA EO-,05
ES0169501022;A2P9YT;AKTIE;Ja;PHARMA MAR S.A. EO -,60
ES0170884417;A0JEEH;AKTIE;Ja;PRIM SA INH. EO-,25
ES0171996087;A2ABUQ;AKTIE;Ja;GRIFOLS SA INH. A EO-,25
ES0171996095;A2ABZN;AKTIE;Ja;GRIFOLS SA PREF. B EO-,05
ES0173093024;A2ANA3;AKTIE;Ja;REDEIA CORPO EO-,50
ES0173516115;876845;AKTIE;Ja;REPSOL S.A. INH. EO 1
ES0175438003;A1J0XW;AKTIE;Ja;PROSEGUR NOM. EO -,06
ES0176252718;901347;AKTIE;Ja;MELIA HOTELS INTL EO -,20
ES0177542018;A1H6AJ;AKTIE;Ja;INTERN.CONS.AIRL.GR.
ES0178165017;A0J3MX;AKTIE;Ja;TECNICAS REUNIDAS EO -,10
ES0178430E18;850775;AKTIE;Ja;TELEFONICA INH. EO 1
ES0180850416;A0M2MR;AKTIE;Ja;TUBOS REUNIDOS A EO -,02
ES0180907000;A1W97N;AKTIE;Ja;UNICAJA BANCO NOM.EO 0,25
ES0180918015;A0X9FH;AKTIE;Ja;GRUPO EMPRES. SAN JOSE
ES0182870214;853624;AKTIE;Ja;SACYR S.A. INH. EO 1
ES0183746314;873772;AKTIE;Ja;VIDRALA SA INH. EO 1,02
ES0184262212;872335;AKTIE;Ja;VISCOFAN SA INH. EO 0,70
FI0009000202;884884;AKTIE;Ja;KESKO B
FI0009000251;870557;AKTIE;Ja;LINDEX GROUP ABP EO 2
FI0009000277;870798;AKTIE;Ja;TIETOEVRY OYJ
FI0009000400;871059;AKTIE;Ja;FISKARS OY A
FI0009000459;870740;AKTIE;Ja;HUHTAMAEKI OYJ
FI0009000665;876917;AKTIE;Ja;METSAE BOARD OYJ B EO1,70
FI0009000681;870737;AKTIE;Ja;NOKIA OYJ EO-,06
FI0009002422;885421;AKTIE;Ja;OUTOKUMPU OYJ A
FI0009002943;899738;AKTIE;Ja;RAISIO OYJ V
FI0009003727;881050;AKTIE;Ja;WAERTSILAE
FI0009004824;893079;AKTIE;Ja;KEMIRA OY
FI0009005078;902564;AKTIE;Ja;PONSSE EO-,25
FI0009005318;895780;AKTIE;Ja;NOKIAN RENKAAT OYJ EO 0,2
FI0009005870;899827;AKTIE;Ja;KONECRANES OYJ O.N.
FI0009005953;870734;AKTIE;Ja;STORA ENSO OYJ A EO 1,70
FI0009005961;871004;AKTIE;Ja;STORA ENSO OYJ R EO 1,70
FI0009005987;881026;AKTIE;Ja;UPM KYMMENE CORP.
FI0009006308;912673;AKTIE;Ja;HKFOODS OYJ A
FI0009006407;916668;AKTIE;Ja;INCAP OYJ
FI0009007132;916660;AKTIE;Ja;FORTUM OYJ EO 3,40
FI0009007611;919961;AKTIE;Ja;STORA ENSO OYJ R (RE-REG)
FI0009007660;920479;AKTIE;Ja;MARIMEKKO OYJ
FI0009007694;922218;AKTIE;Ja;SANOMA OYJ
FI0009007884;615402;AKTIE;Ja;ELISA OYJ A O.N.
FI0009007983;928278;AKTIE;Ja;DIGIA OYJ EO-,10
FI0009008098;929183;AKTIE;Ja;DOVRE GROUP OYJ
FI0009009377;657298;AKTIE;Ja;CAPMAN OYJ
FI0009010854;898607;AKTIE;Ja;LASSILA + TIKANOJA EO-,50
FI0009010912;805985;AKTIE;Ja;REVENIO GROUP CORP. EO 15
FI0009013114;A0HHHL;AKTIE;Ja;ALMA MEDIA CORP. EO -,60
FI0009013296;A0D9U6;AKTIE;Ja;NESTE OYJ
FI0009013403;A0ET4X;AKTIE;Ja;KONE OYJ B O.N.
FI0009014351;A0J3P9;AKTIE;Ja;ORIOLA OYJ B
FI0009014377;A0J3QM;AKTIE;Ja;ORION CORP. B
FI0009014575;A0LBTW;AKTIE;Ja;METSO OYJ
FI0009800098;918629;AKTIE;Ja;AFARAK GROUP SE A
FI0009800643;906227;AKTIE;Ja;YIT OYJ
FI0009900401;898037;AKTIE;Ja;OLVI OY A EO 1
FI0009900682;897122;AKTIE;Ja;VAISALA OY A
FI4000029905;A1JR54;AKTIE;Ja;SCANFIL OYJ
FI4000043435;A1XFJ0;AKTIE;Ja;SIILI SOLUTIONS OYJ
FI4000049812;A110V9;AKTIE;Ja;VERKKOKAUPPA.COM OYJ
FI4000058870;A1W1T4;AKTIE;Ja;AKTIA BANK PLC A
FI4000074984;A1XA9J;AKTIE;Ja;VALMET OYJ
FI4000081138;A2AHZH;AKTIE;Ja;LEHTO GROUP OYJ
FI4000153580;A2DTKJ;AKTIE;Ja;TALENOM OYJ
FI4000197934;A2AH6M;AKTIE;Ja;TOKMANNI GROUP CORP
FI4000198031;A2AH7G;AKTIE;Ja;QT GROUP PLC EO-,10
FI4000206750;A2AJ82;AKTIE;Ja;KAMUX OYJ
FI4000251830;A2JD07;AKTIE;Ja;ADMICOM OYJ
FI4000251897;A2DS5E;AKTIE;Ja;REMEDY ENTERTAINMENT OYJ
FI4000251954;A3C8X1;AKTIE;Ja;NORRHYDRO GROUP OYJ EO 1
FI4000252127;A2H5F4;AKTIE;Ja;TERVEYSTALO OYJ
FI4000270350;A2H5U9;AKTIE;Ja;TITANIUM OYJ
FI4000283130;A2H5NP;AKTIE;Ja;GOFORE OYJ
FI4000292438;A2JG1R;AKTIE;Ja;ANORA GROUP OYJ
FI4000297767;A2N6F4;AKTIE;Ja;NORDEA BANK ABP
FI4000306733;A2PAFH;AKTIE;Ja;OMA SAASTOPANKKI OYJ
FI4000306873;A2JF1C;AKTIE;Ja;HARVIA OYJ
FI4000312251;A2JN4W;AKTIE;Ja;KOJAMO OYJ
FI4000330972;A2P5N7;AKTIE;Ja;NANOFORM FINLAND OYJ
FI4000369947;A2PFV6;AKTIE;Ja;CITYCON OYJ
FI4000410758;A2PZ0G;AKTIE;Ja;MUSTI GROUP OYJ
FI4000425848;A2P3Z9;AKTIE;Ja;MERIAURA GR. A
FI4000476783;A2QJRX;AKTIE;Ja;COMPONENTA CORP. O.N.
FI4000480454;A3C4QB;AKTIE;Ja;BIORETEC OY
FI4000490875;A2QR4M;AKTIE;Ja;NIGHTINGALE HEALTH EO 1
FI4000506811;A3CMUG;AKTIE;Ja;NEXSTIM OYJ
FI4000507124;A3CSVU;AKTIE;Ja;PUUILO OYJ EO 1
FI4000507595;A3CS01;AKTIE;Ja;SPINNOVA OYJ EO 1
FI4000507934;A3C88G;AKTIE;Ja;AIFORIA TECHNOLOGIES OYJ
FI4000511506;A3C4PU;AKTIE;Ja;MODULIGHT OY EO 1
FI4000511563;A3C4QC;AKTIE;Ja;ECOUP OYJ EO 1
FI4000512587;A3C86D;AKTIE;Ja;BETOLAR OYJ EO 1
FI4000512678;A3C7S5;AKTIE;Ja;LEMONSOFT EO 1
FI4000513015;A3C9BU;AKTIE;Ja;DIGITAL WORKFORCE SRV.EO1
FI4000513593;A3C9H1;AKTIE;Ja;KEMPOWER OYJ
FI4000517966;A416C9;AKTIE;Nein;GRK INFRA OYJ EO 1
FI4000519228;A3DQSE;AKTIE;Ja;WITHSECURE CORP.
FI4000519236;A3DQKY;AKTIE;Ja;F-SECURE OYJ
FI4000552500;A3EWDB;AKTIE;Ja;SAMPO OYJ A
FI4000552526;A3EWDL;AKTIE;Ja;MANDATUM OYJ
FI4000567029;A403WV;AKTIE;Ja;FINNAIR OYJ EO 85,-
FI4000570890;A40BGL;AKTIE;Ja;TECNOTREE OYJ
FI4000571013;A40G0F;AKTIE;Ja;HIAB B
FI4000571054;A40EG6;AKTIE;Ja;KALMAR OYJ B
FI4000577192;A40PU4;AKTIE;Ja;SOLAR FOODS OYJ O.N.
FI4000587340;A41BFU;AKTIE;Nein;GLASTON OYJ
FO0000000179;A1CVJD;AKTIE;Ja;BAKKAFROST P/F NAM. DK 1
FR0000030074;872529;AKTIE;Ja;MALT. FR.-BELGES
FR0000031023;850956;AKTIE;Ja;EL. STRASBG NOM. EO 10
FR0000031577;874929;AKTIE;Ja;VIRBAC SA EO 1,25
FR0000031775;852366;AKTIE;Ja;VICAT INH. EO 4
FR0000032526;870481;AKTIE;Ja;GUERBET SA INH. EO 1
FR0000032658;903714;AKTIE;Ja;SYNERGIE SE INH. EO 5
FR0000033003;873839;AKTIE;Ja;TOUAX INH. EO 8
FR0000033219;881381;AKTIE;Ja;ALTAREA S.C.A.
FR0000033243;854127;AKTIE;Ja;IMMOBIL.DASSAULT INH.
FR0000033599;906327;AKTIE;Ja;LEXIBOOK LING. 0,50
FR0000033904;875606;AKTIE;Ja;JACQUET METALS O.N.
FR0000035081;850999;AKTIE;Ja;ICADE S.A.
FR0000035164;882042;AKTIE;Ja;BENETEAU SA INH. EO-,10
FR0000035305;932700;AKTIE;Ja;BD MULTI MEDIA PORT.EO 2
FR0000035370;907048;AKTIE;Ja;BASTIDE,L.CONF.M.INH.
FR0000035784;907473;AKTIE;Ja;TRANS.EVERGR. INH. EO -,5
FR0000036816;854219;AKTIE;Ja;TOUR EIFFEL INH. EO 5
FR0000038242;910292;AKTIE;Ja;LUMIBIRD S.A. INH. EO 1
FR0000038606;868918;AKTIE;Ja;MANITOU B.F. SA INH. EO 1
FR0000039091;876736;AKTIE;Ja;ROBERTET SA INH. EO 2,50
FR0000039109;910933;AKTIE;Ja;SECHE ENVIRON. INH.EO-,20
FR0000039232;853927;AKTIE;Ja;AUREA SA INH. EO 1,20
FR0000039299;875558;AKTIE;Ja;BOLLORE INH. EO 0,16
FR0000039620;852488;AKTIE;Ja;MERSEN S.A. INH. EO 2
FR0000044448;676168;AKTIE;Ja;NEXANS INH. EO 1
FR0000044471;676646;AKTIE;Ja;RAMSAY GEN.D.S.INH.EO-,75
FR0000045072;982285;AKTIE;Ja;CREDIT AGRICOLE INH. EO 3
FR0000050049;876161;AKTIE;Ja;VIEL + CIE INH. EO 0,2
FR0000050353;877300;AKTIE;Ja;LISI SA INH. EO 0,40
FR0000050809;880013;AKTIE;Ja;SOPRA STERIA GRP INH.EO 1
FR0000051070;853155;AKTIE;Ja;MAUREL ET PROM INH.EO-,77
FR0000051393;882160;AKTIE;Ja;IDI SCA INH. EO 7,10
FR0000051807;889287;AKTIE;Ja;TELEPERFORMANCE INH.EO2,5
FR0000052292;886670;AKTIE;Ja;HERMES INTERNATIONAL O.N.
FR0000052680;889452;AKTIE;Ja;OENEO S.A. INH. EO 1
FR0000053027;893730;AKTIE;Ja;AKWEL S.A. INH. EO 0,8
FR0000053225;892790;AKTIE;Ja;METROPOLE TV INH. EO-,40
FR0000053324;905176;AKTIE;Ja;CIE DES ALPES (CDA)
FR0000053381;893619;AKTIE;Ja;DERICHEBOURG S.A. EO -,25
FR0000053506;895036;AKTIE;Ja;CEGEDIM SA EO 0,9528
FR0000054132;899672;AKTIE;Ja;DELFINGEN IND.INH.EO 1,53
FR0000054231;900218;AKTIE;Ja;HIGH CO. INH. EO-,50
FR0000054322;903571;AKTIE;Ja;CIBOX INTER. NOM. EO -,01
FR0000054470;901581;AKTIE;Ja;UBISOFT ENTMT IN.EO-,0775
FR0000054900;873608;AKTIE;Ja;TELEVIS. FSE 1 INH.EO 0,2
FR0000060071;885903;AKTIE;Ja;SAMSE SA INH. EO 1
FR0000060303;798307;AKTIE;Nein;COVIVIO HOTELS INH. EO 4
FR0000060618;878000;AKTIE;Ja;RALLYE SA INH. EO 3
FR0000060873;904974;AKTIE;Ja;MARIE BRIZ. W.+S.IN.EO1,4
FR0000061129;873532;AKTIE;Ja;BOIRON SA INH. EO 1
FR0000061244;876074;AKTIE;Ja;ALTHEORA S.A. INH EO 1
FR0000061459;908817;AKTIE;Ja;GER.PERRIER INH. EO 0,5
FR0000061608;882352;AKTIE;Ja;PISCINES DESJO.INH.EO
FR0000062234;662247;AKTIE;Ja;CIE DE L'ODET INH.EO 16
FR0000062671;912613;AKTIE;Ja;EXAIL TECHNOLOGIES EO 1
FR0000062796;913302;AKTIE;Ja;VRANKEN-POMM.MON.INH.EO15
FR0000062978;914207;AKTIE;Ja;DEKUPLE S.A.
FR0000063737;915268;AKTIE;Ja;AUBAY TECHNOL. INH.EO 0,5
FR0000063935;915165;AKTIE;Ja;BONDUELLE INH. EO 7
FR0000064271;915284;AKTIE;Ja;STEF S.A. INH. EO 1
FR0000064297;915169;AKTIE;Ja;INNELEC MULT.IMMINHEO1,53
FR0000064578;659094;AKTIE;Ja;COVIVIO INH. EO 3
FR0000064784;890719;AKTIE;Ja;PEUGEOT INVEST S.A. EO 1
FR0000065484;874052;AKTIE;Ja;LECTRA S.A. INH. EO 1
FR0000065864;813308;AKTIE;Ja;SOGECLAIR S.A. INH. EO 1
FR0000066441;798528;AKTIE;Ja;POUJOULAT S.A.
FR0000066607;792665;AKTIE;Ja;LACROIX GROUP S.A. INH.
FR0000066672;632297;AKTIE;Ja;GL EVENTS S.A. EO 4
FR0000066722;917556;AKTIE;Ja;GUILLEMOT CORP.INH.EO-,77
FR0000066755;923269;AKTIE;Ja;HAULOTTE GROUP INH.EO-,13
FR0000071946;918312;AKTIE;Ja;ALTEN SAEO 1,05
FR0000072373;925631;AKTIE;Ja;EGIDE S.A. INH. EO 2
FR0000072597;922593;AKTIE;Ja;IT LINK SA
FR0000073041;923268;AKTIE;Ja;PIERRE ET VACA.INH.EO-,01
FR0000073272;924781;AKTIE;Ja;SAFRAN INH. EO -,20
FR0000073298;923860;AKTIE;Ja;IPSOS S.A. INH. EO -,25
FR0000074072;931084;AKTIE;Ja;BIGBEN INTERACT.INH. EO 2
FR0000074148;928721;AKTIE;Ja;ASSYSTEM S.A. INH. EO 1
FR0000074254;929082;AKTIE;Ja;BOURSE DIRECT INH. EO-,25
FR0000074759;933769;AKTIE;Ja;FLEURY MICHON INH.EO 3,05
FR0000074783;932046;AKTIE;Ja;ARTMARKET.COM SA INH.EO 1
FR0000075442;810855;AKTIE;Ja;GROUPE LDLC SA IN.EO 0,18
FR0000075954;938526;AKTIE;Ja;RIBER S.A. INH. EO -,16
FR0000077919;578972;AKTIE;Ja;JCDECAUX SE
FR0000120073;850133;AKTIE;Ja;AIR LIQUIDE INH. EO 5,50
FR0000120107;865541;AKTIE;Ja;SAVENCIA S.A. INH. EO 1
FR0000120172;852362;AKTIE;Ja;CARREFOUR S.A. INH.EO 2,5
FR0000120271;850727;AKTIE;Ja;TOTALENERGIES SE EO 2,50
FR0000120321;853888;AKTIE;Ja;L OREAL INH. EO 0,2
FR0000120404;860206;AKTIE;Ja;ACCOR SA INH. EO 3
FR0000120503;858821;AKTIE;Ja;BOUYGUES SA INH. EO 1
FR0000120560;919272;AKTIE;Ja;QUADIENT SA INH. EO 1
FR0000120578;920657;AKTIE;Ja;SANOFI SA INHABER EO 2
FR0000120628;855705;AKTIE;Ja;AXA S.A. INH. EO 2,29
FR0000120644;851194;AKTIE;Ja;DANONE S.A. EO -,25
FR0000120669;851011;AKTIE;Ja;ESSO INH. EO 7,65
FR0000120693;853373;AKTIE;Ja;PERNOD RICARD O.N.
FR0000120859;851898;AKTIE;Ja;IMERYS SA INH. EO 2
FR0000120966;860804;AKTIE;Ja;SOCIETE BIC INH. EO 3,82
FR0000121014;853292;AKTIE;Ja;LVMH EO 0,3
FR0000121121;860642;AKTIE;Ja;EURAZEO SE
FR0000121147;867025;AKTIE;Ja;FORVIA SE INH EO 7
FR0000121204;850709;AKTIE;Ja;WENDEL SE INH. EO 4
FR0000121220;870935;AKTIE;Ja;SODEXO S.A. INH. EO 4
FR0000121329;850842;AKTIE;Ja;THALES S.A. EO 3
FR0000121485;851223;AKTIE;Ja;KERING S.A. INH. EO 4
FR0000121667;863195;AKTIE;Ja;ESSILORLUXO. INH. EO -,18
FR0000121691;938989;AKTIE;Ja;NRJ GROUP S.A. EO -,01
FR0000121709;862948;AKTIE;Ja;SEB SA INH. EO 1
FR0000121964;863272;AKTIE;Ja;KLEPIERRE S.A.INH.EO 1,40
FR0000121972;860180;AKTIE;Ja;SCHNEIDER ELEC. INH. EO 4
FR0000124141;501451;AKTIE;Ja;VEOLIA ENVIRONNE. EO 5
FR0000124414;869297;AKTIE;Ja;GASCOGNE S.A.INH. EO 2,50
FR0000124570;871780;AKTIE;Ja;OPMOBILITY S.A.INH.EO-,06
FR0000125007;872087;AKTIE;Ja;ST GOBAIN EO 4
FR0000125338;869858;AKTIE;Ja;CAPGEMINI SE INH. EO 8
FR0000125486;867475;AKTIE;Ja;VINCI S.A. INH. EO 2,50
FR0000127771;591068;AKTIE;Ja;VIVENDI SE INH. EO 0,55
FR0000130213;866786;AKTIE;Ja;LAGARDERE NOM. EO 6,10
FR0000130395;883206;AKTIE;Ja;REMY COINTREAU EO 1,60
FR0000130403;883123;AKTIE;Ja;CHRISTIAN DIOR INH. EO 2
FR0000130452;853452;AKTIE;Ja;EIFFAGE SA INH. EO 4
FR0000130577;859386;AKTIE;Ja;PUBLICIS GRP INH. EO 0,40
FR0000130692;901535;AKTIE;Ja;COMPAGNIE CHARGEU.EO 12,-
FR0000130809;873403;AKTIE;Ja;STE GENERALE INH. EO 1,25
FR0000131104;887771;AKTIE;Ja;BNP PARIBAS INH. EO 2
FR0000131757;892800;AKTIE;Ja;ERAMET SA INH. EO 3,05
FR0000131906;893113;AKTIE;Ja;RENAULT INH. EO 3,81
FR0000133308;906849;AKTIE;Ja;ORANGE INH. EO 4
FR0000170193;A0B9Q4;FONDS;Nein;AXA Aedificandi A Dis EUR
FR0000172041;A0B9Q3;FONDS;Nein;AXA Aedificandi A Acc EUR
FR0000185423;691196;AKTIE;Ja;DAMARTEX S.A. INH. EO 5
FR0000284689;939942;FONDS;Nein;COMGEST MONDE C
FR0000292278;577954;FONDS;Nein;MAGELLAN C
FR0004007813;934515;AKTIE;Ja;KAUFMAN+BROAD INH. EO-,26
FR0004016699;A0D8Z4;AKTIE;Ja;SMTPC EO 3,05
FR0004023208;A0LE61;AKTIE;Ja;BASSAC EO 1
FR0004024222;907907;AKTIE;Ja;INTERPARFUMS S.A.INH.EO 3
FR0004027068;907084;AKTIE;Ja;LANSON-BCC INH. EO 10
FR0004029411;940112;AKTIE;Ja;KEYRUS S.A. EO -,25
FR0004030708;936083;AKTIE;Ja;ENCRES DUBUIT INH. EO-,40
FR0004034072;533963;AKTIE;Ja;XILAM ANIMAT. INH. EO-,1
FR0004038263;A0J3D7;AKTIE;Ja;PARROT S.A. INH. EO-,1524
FR0004040608;924061;AKTIE;Ja;ABC ARBITRAGE POR.EO-,016
FR0004045847;A0LD7X;AKTIE;Ja;VOYAGEURS DU MONDE EO 1
FR0004050250;938282;AKTIE;Ja;NEURONES SA NOM. EO 0,40
FR0004053510;A0MRJ4;AKTIE;Ja;GENOWAY S.A. INH. EO-,60
FR0004056851;A0MVJZ;AKTIE;Ja;VALNEVA SE EO -,15
FR0004065605;A2N6VA;AKTIE;Ja;MEDINCELL S.A. EO-,01
FR0004125920;A143DP;AKTIE;Ja;AMUNDI S.A. EO 2,50
FR0004153930;A0M9ZU;AKTIE;Ja;ATON S.A. EO -,01
FR0004154060;927122;AKTIE;Ja;NETGEM S.A.
FR0004155000;927106;AKTIE;Ja;GROUPE SFPI S.A. INH.EO 1
FR0004156297;938367;AKTIE;Ja;LINEDATA SERVICES EO 1
FR0004159473;550812;AKTIE;Ja;HEXAOM S.A. EO -,18
FR0004163111;A0LGJ2;AKTIE;Ja;GENFIT S.A. EO -,25
FR0004170017;A0LD70;AKTIE;Ja;LNA SANTE SA EO 2
FR0004171346;A0JKUJ;AKTIE;Ja;NEXTEDIA S.A. EO -,10
FR0004174233;A0LD76;AKTIE;Ja;BILENDI EO-,80
FR0004180578;A0B585;AKTIE;Ja;SWORD GROUP SE EO 1
FR0004186856;A0LEWB;AKTIE;Ja;VETOQUINOL INH. EO 2,50
FR0004187367;A0HL4T;AKTIE;Ja;FREELANCE.COM EO -,08
FR0004188670;A1W7CM;AKTIE;Ja;TARKETT S.A. EO 20
FR0005175080;913048;AKTIE;Ja;TRANSGENE SA EO 0,30
FR0005691656;913141;AKTIE;Ja;TRIGANO SA INH. EO 4,2567
FR0006174348;A0M45W;AKTIE;Ja;BUREAU VERITAS SA EO -,12
FR0006864484;923069;AKTIE;Ja;LAURENT-PERR. INH.EO 3,80
FR0007008750;A1CW1R;FONDS;Nein;R-co - R-co Conviction Credit Euro C EUR
FR0007052782;626678;ETF;Ja;Amundi CAC 40 UCITS ETF Dist
FR0007054358;798328;ETF;Ja;Amundi EURO STOXX 50 II UCITS ETF Acc
FR0007056841;541779;ETF;Ja;Amundi Dow Jones Industrial Average UCITS ETF Dist
FR0007075494;787716;ETF;Ja;Amundi DJ Global Titans 50 UCITS ETF Dist
FR0010010827;A0BLNG;ETF;Ja;Amundi FTSE MIB UCITS ETF Dist
FR0010040865;A0BLMY;AKTIE;Ja;GECINA S.A. INH. EO 7,50
FR0010095596;A0HMXA;AKTIE;Ja;VALERIO TH AC.PORT.EO-,14
FR0010112524;A0DK2J;AKTIE;Ja;NEXITY EO 5
FR0010120402;A112C8;AKTIE;Ja;THERACLION SA EO -,05
FR0010131409;A14U3H;AKTIE;Ja;WALLIX GROUP EO -,10
FR0010134437;A1CW1S;FONDS;Nein;R-co - R-co Conviction Credit Euro D EUR
FR0010135103;A0DPW0;FONDS;Nein;Carmignac Patrimoine - A EUR Acc
FR0010148981;A0DP5W;FONDS;Nein;Carmignac Investissement - A EUR Acc
FR0010149161;A0DP52;FONDS;Nein;Carmignac Court Terme - A EUR Acc
FR0010149179;A0DP5Y;FONDS;Nein;Carmignac Long-Short European Equities - A EUR Acc
FR0010149203;A0ETJD;FONDS;Nein;Carmignac Profil Réactif 50 - A EUR Acc
FR0010149302;A0DPX3;FONDS;Nein;Carmignac Emergents - A EUR Acc
FR0010187898;A0YGML;FONDS;Nein;R-co - R-co Conviction Equity Value Euro C EUR
FR0010193052;A0ERJT;AKTIE;Ja;CATANA GROUP SA IN.EO 0,5
FR0010193979;A0E9TF;AKTIE;Ja;CBO TERRITORIA EO 1,32
FR0010202606;A0LE7Q;AKTIE;Ja;SIDETRADE EO 1
FR0010208488;A0ER6Q;AKTIE;Ja;ENGIE S.A. INH. EO 1
FR0010214064;A0HF10;AKTIE;Ja;GPE GR.PIZ.E. EO 5,354
FR0010220475;A0F7BK;AKTIE;Ja;ALSTOM S.A. INH. EO 7
FR0010221234;A0HGPT;AKTIE;Ja;EUTELSAT COMMS EO 1
FR0010241638;A0HFXW;AKTIE;Ja;MERCIALYS INH. EO 1
FR0010245514;A0ESMK;ETF;Ja;Amundi Japan TOPIX II UCITS ETF EUR Dist
FR0010259150;A0ESMG;AKTIE;Ja;IPSEN S.A. PORT. EO 1
FR0010261198;A0JDGC;ETF;Ja;Amundi MSCI Europe II UCITS ETF Acc
FR0010282822;A0JC1Z;AKTIE;Ja;VUSIONGROUP S.A. EO 2
FR0010291245;A1JTXZ;AKTIE;Ja;VERIMATRIX SA EO -,40
FR0010298620;A0JJWS;AKTIE;Ja;MEMSCAP ACT.NOUV. EO0,25
FR0010306142;A0PGS3;FONDS;Nein;Carmignac Patrimoine - E EUR Acc
FR0010307819;A0JKB2;AKTIE;Ja;LEGRAND S.A. INH. EO 4
FR0010312660;A0QYYN;FONDS;Nein;Carmignac Investissement - E EUR Acc
FR0010313486;A0JLYL;AKTIE;Ja;PRODWARE INH. EO-,65
FR0010313833;A0JLZ0;AKTIE;Ja;ARKEMA INH. EO10
FR0010315770;LYX0AG;ETF;Ja;Amundi MSCI World II UCITS ETF Dist
FR0010321828;A0LCNP;FONDS;Nein;Echiquier - Echiquier Major SRI Growth Europe A
FR0010331421;A0LCUJ;AKTIE;Ja;INNATE PHARMA EO -,05
FR0010340141;A0J2WM;AKTIE;Ja;AEROP.DE PARIS SA INH.EO3
FR0010341032;A0MLBG;AKTIE;Ja;FONCIERE INEA SA EO 14,39
FR0010342592;A0LC12;ETF;Ja;Amundi Nasdaq-100 Daily (2x) Leveraged UCITS ETF Acc
FR0010353888;A0LHLN;AKTIE;Ja;MGI DIGITAL GR.T.INH.EO 1
FR0010361683;LYX0BA;ETF;Ja;Amundi MSCI India II UCITS ETF EUR Acc
FR0010375766;LYX0BQ;ETF;Ja;Amundi MSCI India II UCITS ETF USD Acc
FR0010380626;A0LHB8;AKTIE;Ja;PROLOGUE S.A.INH.B EO-,01
FR0010386334;A0LE05;AKTIE;Ja;CLARIANE INH. EO -,01
FR0010397232;A12CFH;AKTIE;Ja;NOVACYT EO-,0667
FR0010405431;LYX0BF;ETF;Ja;Amundi MSCI Greece UCITS ETF Dist
FR0010411983;A0LGQX;AKTIE;Ja;SCOR SE EO 7,8769723
FR0010417345;A1JWB7;AKTIE;Ja;DBV TECHNOLOGIES EO -,10
FR0010424135;A0MNT8;ETF;Nein;Amundi EURO STOXX 50 Daily (-1x) Inverse UCITS ETF Acc
FR0010424143;A0MNT7;ETF;Nein;Amundi EURO STOXX 50 Daily (-2x) Inverse UCITS ETF Acc
FR0010424697;A0MKPQ;AKTIE;Ja;ENTREPARTICULIERS EO-,10
FR0010425595;A0MKPR;AKTIE;Ja;CELLECTIS NOM. EO-,05
FR0010428771;A0MJ2F;AKTIE;Ja;EAG.FOOT.GRP EO 1,52
FR0010429068;LYX0BX;ETF;Ja;Amundi MSCI Emerging Markets III UCITS ETF EUR Acc
FR0010434019;A0MK0S;FONDS;Nein;Echiquier - Echiquier Patrimoine A
FR0010435297;LYX0CV;ETF;Ja;Amundi MSCI Emerging Markets III UCITS ETF USD Acc
FR0010451203;A0MM7Q;AKTIE;Ja;REXEL S.A. INH. EO 5
FR0010468983;LYX0BZ;ETF;Ja;Amundi EURO STOXX 50 Daily (2x) Leveraged UCITS ETF Acc
FR0010478248;A0NEZJ;AKTIE;Ja;ATARI S.A. EO 0,01
FR0010481960;A0MVRB;AKTIE;Ja;ARGAN EO 2
FR0010485268;A0X8WD;AKTIE;Ja;FOUNTAINE PAJOT SA EO1.15
FR0010490920;A0MWCT;AKTIE;Ja;EUROPACORP S.A. EO-,34
FR0010505578;A0RMJC;FONDS;Nein;Edmond de Rothschild SICAV - Euro Sustainable Equity A-EUR
FR0010510800;LYX0B6;ETF;Ja;Amundi EUR Overnight Return UCITS ETF Acc
FR0010524777;LYX0CB;ETF;Ja;Amundi MSCI New Energy UCITS ETF Dist
FR0010527275;LYX0CA;ETF;Ja;Amundi MSCI Water UCITS ETF Dist
FR0010528059;A0Q665;AKTIE;Ja;STREAMWIDE SA EO 0,10
FR0010533075;A0M6L1;AKTIE;Ja;GETLINK EO -,40
FR0010541557;A1CW1E;FONDS;Nein;R-co - R-co Conviction Club C EUR
FR0010557264;A1CXBG;AKTIE;Ja;AB SCIENCE S.A. EO-,01
FR0010588079;A0QYPA;AKTIE;Ja;FREY EO 2,50
FR0010591362;LYX0C5;ETF;Nein;Amundi CAC 40 Daily (-1x) Inverse UCITS ETF Acc
FR0010611293;A1CYNM;FONDS;Nein;Echiquier - Echiquier ARTY SRI A
FR0010641449;A1CTQQ;AKTIE;Ja;AGROGENERATION INH.EO-,05
FR0010655704;A0REJP;ETF;Ja;Amundi ETF MSCI France UCITS ETF
FR0010655712;A0REJQ;ETF;Ja;Amundi ETF DAX UCITS ETF DR
FR0010655746;A0REJT;ETF;Ja;Amundi IBEX 35 UCITS ETF Acc
FR0010667147;A1XDS6;AKTIE;Ja;COFACE S.A. INH. EO 2
FR0010717090;A0RF42;ETF;Ja;Amundi ETF MSCI EMU High Dividend UCITS ETF - EUR
FR0010722819;A2JNET;AKTIE;Ja;KALRAY SA EO -,10
FR0010754200;A0RNWC;ETF;Ja;Amundi ETF Govies 0-6 Months Euro Investment Grade UCITS ETF DR
FR0010755611;A0X8ZS;ETF;Ja;Amundi ETF Leveraged MSCI USA Daily UCITS ETF - EUR
FR0010756114;A0RPV6;ETF;Ja;Amundi ETF MSCI World Ex EMU UCITS ETF
FR0010766667;A2JHN6;AKTIE;Ja;VENTE-UNIQUE.COM EO-,01
FR0010790980;A0X9QJ;ETF;Ja;Amundi ETF Stoxx Europe 50 UCITS ETF
FR0010812230;A1J4UX;AKTIE;Ja;SIRIUS MEDIA EO-,10
FR0010820274;A12CFW;AKTIE;Ja;REWORLD MEDIA EO -,02
FR0010821819;A0YF2V;ETF;Ja;Amundi MSCI Europe Ex EMU ESG Selection UCITS ETF Acc
FR0010828137;A0YFKD;AKTIE;Ja;CARMILA S.A.S.
FR0010858498;A14XAR;FONDS;Nein;LAZARD CONVERTIBLE GLOBAL -RC EUR-
FR0010869495;LYX0FV;ETF;Nein;Amundi ShortDAX Daily (-2x) Inverse UCITS ETF Acc
FR0010869578;LYX0FW;ETF;Nein;Amundi German Bund Daily (-2x) Inverse UCITS ETF Acc
FR0010907956;A1C017;AKTIE;Ja;CARMAT EO -,04
FR0010908533;A1C0JG;AKTIE;Ja;EDENRED EO 2
FR0010909531;A1J078;FONDS;Nein;R-co - R-co Thematic Silver Plus C EUR
FR0010929125;A1JWG9;AKTIE;Ja;ID LOGISTICS GROUP EO-,50
FR0010930644;A1C7AK;ETF;Ja;Amundi Global Hydrogen UCITS ETF - Acc
FR0011005933;A1H8G1;AKTIE;Ja;BIOSYNEX INH. EO-,10
FR0011023621;LYX0MB;ETF;Nein;Amundi Italy BTP Daily (-2x) Inverse UCITS ETF Acc
FR0011033083;A12CGC;AKTIE;Ja;MOULINVEST EO 1,20
FR0011038348;A1JFY3;AKTIE;Ja;KLARSEN EO -,20
FR0011040500;A1JBGJ;AKTIE;Ja;74SOFTWARE EO 2
FR0011049824;A1JCLB;AKTIE;Ja;MEDIAN TECHNOLOGIE.EO-,05
FR0011051598;A14WL9;AKTIE;Ja;AMOEBA EO -,02
FR0011052257;A1JBVH;AKTIE;Ja;GLOBAL BIOENERGIES EO-,05
FR0011053636;A1JG36;AKTIE;Ja;BLOCKCHAIN GRP SA EO-,04
FR0011184241;A1JTC2;AKTIE;Ja;ADOCIA SAS EO -,10
FR0011253624;A1J7LF;FONDS;Nein;R-co Valor C EUR
FR0011269083;A1J0KH;FONDS;Nein;Carmignac Sécurité - A EUR Ydis
FR0011269349;A1J0N1;FONDS;Nein;Carmignac Emergents - A EUR Ydis
FR0011269588;A1J0V1;FONDS;Nein;Carmignac Patrimoine - A EUR Ydis
FR0011271600;A1103M;AKTIE;Ja;FERMENTALG EO -,04
FR0011341205;A1J7EB;AKTIE;Ja;NANOBIOTIX INH. EO-,03
FR0011365907;A3CTPN;AKTIE;Ja;BOA CONCEPT SA EO 1,-
FR0011449602;A2PYHK;FONDS;Nein;Echiquier - Echiquier World Next Leaders A
FR0011464452;A1T9RS;AKTIE;Ja;SPINEGUARD EO -,05
FR0011466069;A1W7NS;AKTIE;Ja;EKINOPS SAS EO -,50
FR0011475078;LYX0NY;ETF;Ja;Amundi Japan TOPIX II UCITS ETF EUR Hedged Dist
FR0011476928;A1T95K;AKTIE;Ja;FNAC DARTY INH. EO 1
FR0011490648;A14NWZ;AKTIE;Ja;ECOSLOPS SA EO 1
FR0011550185;A1W4DP;ETF;Nein;BNP PARIBAS EASY FR - BNP PARIBAS EASY S&P 500 UCITS ETF EUR C CAPITALISATION
FR0011550193;A1W37K;ETF;Nein;BNP PARIBAS EASY FR - BNP PARIBAS EASY STOXX EUROPE 600 UCITS ETF EUR C CAPITALISATION
FR0011550672;A1W6FD;ETF;Nein;BNP PARIBAS EASY FR - BNP PARIBAS EASY STOXX EUROPE 600 UCITS ETF EUR CAPITALISATION ET/OU DISTRIBUTION
FR0011558246;A12FE0;FONDS;Nein;Echiquier - Echiquier Entrepreneurs A
FR0011606268;A2AGGN;FONDS;Nein;ODDO BHF Active Small Cap - CR-EUR
FR0011636083;A2DUMT;AKTIE;Ja;NEOLIFE EO -,10
FR0011648716;A1XA4J;AKTIE;Ja;CARBIOS SA EO -,70
FR0011648971;A1XAEB;AKTIE;Ja;QUANTUM GENOMICS EO -,04
FR0011660927;LYX0R5;ETF;Ja;Amundi MSCI World II UCITS ETF EUR Hedged Dist
FR0011716265;A1XEH4;AKTIE;Ja;CROSSJECT SA EO -,10
FR0011720911;LYX0SL;ETF;Ja;Amundi MSCI China A UCITS ETF Acc
FR0011726835;A1XEHR;AKTIE;Ja;GAZTRANSP.TECHNIG.EO-,01
FR0011742329;A1XFA8;AKTIE;Ja;MCPHY ENERGY S.A. EO 0,12
FR0011857234;LYX0R1;ETF;Ja;Amundi MDAX UCITS ETF Dist
FR0011884378;A117T7;AKTIE;Ja;LUCIBEL S.A. EO -,1882
FR0011950682;A116CB;AKTIE;Ja;SERGEFERRARI GROUP EO-,40
FR0011950732;A115FW;AKTIE;Ja;ELIOR GROUP SA EO -,01
FR0011981968;A116LR;AKTIE;Ja;WORLDLINE S.A. EO -,68
FR0011992700;A12AAH;AKTIE;Ja;ATEME EO-,14
FR0011995588;A1161Y;AKTIE;Ja;VOLTALIA INH. EO 5,70
FR0012127173;A14QXP;AKTIE;Ja;OSE IMMUNOTHERAPE.EO -,20
FR0012333284;A14UQC;AKTIE;Ja;ABIVAX SA EO -,01
FR0012399772;LYX0T9;ETF;Nein;Amundi EURO STOXX 50 II UCITS ETF GBP Hedged Acc
FR0012399806;LYX0R9;ETF;Ja;AMUNDI EURO STOXX 50 II UCITS ETF USD Hedged Acc
FR0012419307;A14NXK;AKTIE;Ja;PULLUP ENTERTAIN. EO 1,20
FR0012432516;A14M04;AKTIE;Ja;POXEL S.A. EO -,02
FR0012435121;A14M93;AKTIE;Ja;ELIS S.A. EO 1,-
FR0012532810;A3C5KU;AKTIE;Ja;WAGA ENERGY (PROM.)EO-,01
FR0012596468;A14SVV;AKTIE;Ja;SENSORION EO -,10
FR0012612646;A14QF9;AKTIE;Ja;GRP. PARTOUCHE INH.EO 20
FR0012613610;A2DQ77;AKTIE;Ja;PRODWAYS GROUP SA EO-,5
FR0012616852;A14QR9;AKTIE;Ja;ABIONYX PHARMA SA EO-,05
FR0012634822;A3C7A5;AKTIE;Ja;MAAT PHARMA S.A. EO-,1
FR0012739431;A14UTE;ETF;Nein;BNP PARIBAS EASY FR - BNP PARIBAS EASY EURO STOXX 50 UCITS ETF EUR C CAPITALISATION
FR0012740983;A14UTF;ETF;Nein;BNP PARIBAS EASY FR - BNP PARIBAS EASY EURO STOXX 50 UCITS ETF EUR CAPITALISATION ET/OU DISTRIBUTION
FR0012757854;A14UTB;AKTIE;Ja;SPIE S.A. EO 0,47
FR0012821916;A14V8U;AKTIE;Ja;HIPAY GROUP INH. EO 4,-
FR0012872141;A14XDG;AKTIE;Ja;JACQUES BOG. INH. EO-,07
FR0012882389;A14XZH;AKTIE;Ja;EQUASENS S.A.INH. EO 0,2
FR0013006558;A142R6;AKTIE;Ja;SRP GROUPE EO -,04
FR0013018124;A143G8;AKTIE;Ja;NICOX SA INH. EO 0,01
FR0013030152;A2AA65;AKTIE;Ja;FRANCAISE L'ENERGIE EO 1
FR0013041530;A14Z68;ETF;Nein;BNP PARIBAS EASY FR - BNP PARIBAS EASY S&P 500 UCITS ETF EUR H CAPITALISATION
FR0013143872;A2AGUC;AKTIE;Ja;WITBE EO -,53
FR0013153541;A2AKJL;AKTIE;Ja;MAISONS DU MONDE EO 3,24
FR0013154002;A2AJKS;AKTIE;Ja;SARTOR.STED.B. EO-,20
FR0013156007;A2AJ7M;AKTIE;Ja;KERLINK EO -,27
FR0013176526;A2ALDB;AKTIE;Ja;VALEO SE INH. EO 1
FR0013178712;A2AMCG;AKTIE;Ja;CERINNOV GROUP EO -,20
FR0013183985;A2ANGZ;AKTIE;Ja;GENSIGHT BIOLOG. EO -,025
FR0013185857;A2ASR9;AKTIE;Ja;ABEO S.A. EO -,75
FR0013214145;A2H5K5;AKTIE;Ja;SMCP S.A.S.(PROM.) EO-,10
FR0013227113;A2DKAC;AKTIE;Ja;SOITEC S.A. EO 2
FR0013230612;A2DMZM;AKTIE;Ja;TIKEHAU CAP. S.C.A. EO 12
FR0013230950;A40V1B;AKTIE;Nein;LIGHTON S.A. EO -,01
FR0013233012;A2DLV9;AKTIE;Ja;INVENTIVA S.A.(PROM.)-,01
FR0013240934;A2DVTN;AKTIE;Ja;EUROBIO SCIEN.INH.EO -,32
FR0013252186;A2DNQP;AKTIE;Ja;PLASTIQ.V.LOI.INH.EO -,90
FR0013254851;A2DS5F;AKTIE;Ja;VALBIOTIS S.A. EO -,10
FR0013258399;A2DSXQ;AKTIE;Ja;BALYO S.A. EO -,08
FR0013258662;A2DSXM;AKTIE;Ja;AYVENS S.A. EO 1,50
FR0013269123;A2DUVQ;AKTIE;Ja;RUBIS INH. NOUV. EO 1,25
FR0013280286;A2DXZH;AKTIE;Ja;BIOMERIEUX (P.S.) O.N.
FR0013283108;A2DYPZ;AKTIE;Ja;DELTA PLUS GRP INH.EO-,50
FR0013286259;A2H6LX;AKTIE;Ja;THERANEXUS EO -,25
FR0013295789;A2JSL8;AKTIE;Ja;TFF GROUP S.A. INH.EO-,40
FR0013296746;A2H8SU;AKTIE;Ja;ADVICENNE (PROM.) EO-,20
FR0013326246;A2JH5S;AKTIE;Ja;URW (STAPLED SHS) EO-,05
FR0013333077;A3CRZT;AKTIE;Ja;AFFLUENT MEDICAL SAS EO 1
FR0013333432;A2JLWC;AKTIE;Ja;THERMADOR GRPE INH.EO 4
FR0013335742;A2JN4M;AKTIE;Ja;COGELEC S.A. EO-,45
FR0013341781;A2JN55;AKTIE;Ja;2CRSI S.A. EO-,09
FR0013344173;A2JQRU;AKTIE;Ja;ROCHE BOBOIS S.A. EO5
FR0013345493;A2JQPS;AKTIE;Ja;BIO-UV GROUP SAS EO1
FR0013356094;A2N75U;FONDS;Nein;AMUNDI EUROPEAN SECTOR ROTATION FUND - P
FR0013357621;A2JSDZ;AKTIE;Ja;WAVESTONE S.A.EO 0,025
FR0013379484;A2N8PV;AKTIE;Ja;SOLUTIONS 30 INH.EO-,1275
FR0013380607;LYX0ZC;ETF;Ja;Amundi CAC 40 UCITS ETF Acc
FR0013384369;A2PAHY;AKTIE;Ja;BAIKOWSKI SAS EO 1,25
FR0013398997;A2PEV8;AKTIE;Ja;ARCURE S.A. EO-,1
FR0013410370;A2PGRQ;AKTIE;Ja;AUPLATA MIN. GRP EO-,0005
FR0013416716;A2UJK0;ETC;Nein;AMUNDI PHYSICAL GOLD ETC (C)
FR0013419876;A2PLHP;AKTIE;Ja;KUMULUS VAPE EO-,05
FR0013426004;A2PNDC;AKTIE;Ja;CLARANOVA SE EO 1
FR0013439627;A3DNW9;AKTIE;Ja;GROUPE OKWIND EO 1
FR0013447729;A2PSEA;AKTIE;Ja;VERALLIA SA (PROM.)EO3,38
FR0013451044;A2PTXS;AKTIE;Ja;HOFFMANN GR.CEM.TEC. 1,-
FR0013451333;A2PU5K;AKTIE;Ja;FDJ UNITED (PROM.)EO-,40
FR0013452281;A2PVJS;AKTIE;Ja;AGRIPOWER FRANCE EO-,1
FR0013467479;A2PWZL;AKTIE;Ja;CONSTELLIUM SE EO-,02
FR0013470168;A2PXUH;AKTIE;Ja;IMPLANET SA EO 0,01
FR0013481835;A2PZ7S;AKTIE;Ja;KLEA HOLDING S.A. EO 0,01
FR0013482791;A2P0XB;AKTIE;Ja;NACON SA EO 1
FR0013505062;A2P2HK;AKTIE;Ja;VANTIVA S.A. INH. EO 0,01
FR0013506730;A2P22Y;AKTIE;Ja;VALLOUREC EO 0,02
FR0013530102;A2QA55;AKTIE;Ja;VEOM GROUP S.A. EO -,01
FR0014000JX7;A2QJ1Z;AKTIE;Ja;ALCHIMIE EO 1,-
FR0014000MR3;A2QJCT;AKTIE;Ja;EUROFINS SCI.INH.EO 0,01
FR0014000U63;A2QLPP;AKTIE;Ja;HOPIUM S.A. EO-,01
FR0014001PM5;A2QNN5;AKTIE;Ja;HYDROG.-REF.-SOL. EO-,10
FR0014003FE9;A3CR05;AKTIE;Ja;BELIEVE S.A. EO -,01
FR0014003FW1;A3CWYD;ETF;Ja;Amundi MSCI World Climate Paris Aligned Umweltzeichen UCITS ETF DR
FR0014003TT8;A3CRC5;AKTIE;Ja;DASSAULT SYS SE INH.EO0,1
FR0014003U94;A3CSFJ;AKTIE;Ja;ARAMIS GROUP SAS EO 1
FR0014003VY4;A3CS48;AKTIE;Ja;HYDROGENE DE FRAN. EO-,02
FR0014004362;A3C4P7;AKTIE;Ja;ENTECH SE EO-,2
FR00140043Y1;A3CT8Y;AKTIE;Ja;SPARTOO SAS EO -,02
FR0014004EC4;A3CVFJ;AKTIE;Ja;PRECIA SA EO -,50
FR0014004L86;A3C9Y0;AKTIE;Ja;DASSAULT AVIAT.INH.EO-,80
FR0014004QR6;A3CVHY;AKTIE;Ja;CYBERGUN SA EO -,001
FR0014005AC9;A3C29M;AKTIE;Ja;AFYREN SAS EO 1,-
FR0014005AL0;A3C3AG;AKTIE;Ja;ANTIN INFRASTR.PRT EO 1
FR0014005HJ9;A3C45N;AKTIE;Ja;OVH GROUPE (PROM.)EO 1
FR0014005SB3;A3C5NE;AKTIE;Ja;FORSEE POWER(PROM.)EO-,10
FR0014005ZM5;A3C8TP;AKTIE;Ja;GROLLEAU SAS EO -,5
FR00140062B9;A3C9C9;AKTIE;Ja;TOOSLA SA EO-,08125
FR0014007LQ2;A3DFA4;AKTIE;Ja;HUNYVERS S.A. EO -,025
FR0014007ZB4;A3DE66;AKTIE;Ja;AELIS FARMA SAS EO -,01
FR0014008VX5;A3DJQ8;AKTIE;Ja;EUROAPI SAS EO 1
FR0014009YQ1;A3DK4Z;AKTIE;Ja;LHYFE S.A. EO -,01
FR001400AJ45;A3DL84;AKTIE;Ja;MICHELIN NOM. EO -,50
FR001400AJ60;A3DQCT;AKTIE;Ja;CHARWOOD ENERGY EO -,01
FR001400AJZ7;A3DNDZ;AKTIE;Ja;BROADPEAK S.A. EO -,02
FR001400AYG6;A3DQHC;AKTIE;Ja;DEEZER S.A. EO 1
FR001400CFI7;A3DWF6;AKTIE;Ja;AVENIR TELECOM INH.EO0,06
FR001400F2Z1;A3D6S3;AKTIE;Ja;LEPERMISLIBRE EO -,024
FR001400H2X4;A3D69Y;AKTIE;Ja;TONNER DRON. S.A.EO-,0125
FR001400J770;A3EJGH;AKTIE;Ja;AIR FRANCE-KLM INH. EO 1
FR001400JXA2;A3EJH9;AKTIE;Ja;VERGNET S.A. EO -,0006
FR001400JY13;A3EJHQ;AKTIE;Ja;LATECOERE S.A. INH.EO-,01
FR001400K4B1;A3EJH8;AKTIE;Ja;PHAXIAM THERAPEUT. EO 1
FR001400KO61;A3EUNY;AKTIE;Ja;ARCHOS S.A. NOM. EO 0,009
FR001400LO86;A3E2CR;AKTIE;Ja;DBT SA EO 1,-
FR001400M1R1;A3E2CS;AKTIE;Ja;GECI INTL INH. EO 1,-
FR001400MDW2;A3E4JL;AKTIE;Ja;STIF
FR001400N2P2;A400E3;AKTIE;Ja;SPINEWAY EO -,045
FR001400NLM4;A403M5;AKTIE;Ja;EMEIS ACT.NOM. EO 0,01
FR001400OKR3;A40CWP;AKTIE;Ja;CASINO, GUICH.INH. EO0,01
FR001400OLP5;A403QV;AKTIE;Ja;BIOPHYTIS NAM. EO -,10
FR001400OS22;A403R1;AKTIE;Ja;BOOSTHEAT SAS EO -,20
FR001400PDG8;A40BU6;AKTIE;Ja;EUROPLASMA EO 1
FR001400PFU4;A40B0L;AKTIE;Ja;PLANISWARE CONV. EO -,01
FR001400PVN6;A40H3F;AKTIE;Ja;VIRIDIEN S.A. EO 1,-
FR001400Q9V2;A40F75;AKTIE;Ja;EXOSENS EO -,425
FR001400RKU0;A40H9L;AKTIE;Ja;SAFE S.A. EO 0,0048
FR001400SA10;A40P0F;AKTIE;Ja;SOLOCAL GROUP EO -,01
FR001400SF56;A40QVN;AKTIE;Ja;SOCIETE LDC INH. EO 0,20
FR001400SP13;A40P0Q;AKTIE;Ja;DOLFINES S.A. EO 1,40
FR001400SVN0;A40P4Q;AKTIE;Ja;DRONE VOLT SACA EO 1
FR001400T0D6;A40UCY;AKTIE;Ja;CANAL+ S.A. EO -,25
FR001400TG47;A40P55;AKTIE;Ja;NEOVACS NOM. EO -,001
FR001400TL40;A40V35;AKTIE;Ja;LOUIS HACHETTE GRP EO-,20
FR001400UT31;A40WHR;AKTIE;Nein;ADOMOS S.A. EO -,20
FR001400X2S4;A411MH;AKTIE;Ja;ATOS SE NOM.EO 1
GA0000121459;852437;AKTIE;Ja;TOTALEN. EP GABON DL 17
GB0000055888;876004;AKTIE;Ja;DISCOVERIE GRP PLC LS-,05
GB0000066554;904647;AKTIE;Ja;ABERFORTH SM.COS TR.LS-01
GB0000163088;905381;AKTIE;Ja;SPEEDY HIRE LS-,05
GB0000456144;867578;AKTIE;Ja;ANTOFAGASTA PLC LS-,05
GB0000536739;894565;AKTIE;Ja;ASHTEAD GRP PLC LS-,10
GB0000811801;859551;AKTIE;Ja;BARRATT REDROW PLC LS-,10
GB0000904986;869646;AKTIE;Ja;BELLWAY PLC LS -,125
GB0000961622;855539;AKTIE;Ja;BALFOUR BEATTY PLC LS-,50
GB0001367019;852556;AKTIE;Ja;BRIT. LD CO. PLC LS-,25
GB0001500809;591219;AKTIE;Ja;TULLOW OIL PLC LS-,10
GB0001638955;885372;AKTIE;Ja;WETHERSPOON (J D) LS-,02
GB0001826634;930196;AKTIE;Ja;DIPLOMA PLC LS-,05
GB0001859296;911164;AKTIE;Ja;VISTRY GROUP PLC LS-,50
GB0001990497;907637;AKTIE;Ja;CITY OF LDN INV.TR.LS-,25
GB0002018363;872503;AKTIE;Ja;CLARKSON PLC LS-,25
GB0002074580;762548;AKTIE;Ja;GENUS PLC LS-,1
GB0002318888;882401;AKTIE;Ja;CRANSWICK PLC LS-,10
GB0002374006;851247;AKTIE;Ja;DIAGEO PLC LS-,28935185
GB0002418548;912541;AKTIE;Ja;ELEMENTIS PLC LS-,05
GB0002634946;866131;AKTIE;Ja;BAE SYSTEMS PLC LS-,025
GB0002652740;897679;AKTIE;Ja;DERWENT LONDON LS-,05
GB0002869419;539971;AKTIE;Ja;BIG YELLOW GROUP LS 0,10
GB0002875804;916018;AKTIE;Ja;BRIT.AMER.TOBACCO LS-,25
GB0003096442;862727;AKTIE;Ja;RS GROUP PLC LS-,10
GB0003308607;884647;AKTIE;Ja;SPECTRIS PLC LS-,05
GB0003395000;871184;AKTIE;Ja;FISHER (JAMES)SONS LS-,25
GB0003450359;891669;AKTIE;Ja;JPM INDIAN INVT TR LS-,25
GB0003452173;896516;AKTIE;Ja;FIRSTGRP PLC LS-,05
GB0003718474;900512;AKTIE;Ja;GAMES WORKSHOP GRP LS-,05
GB0003781050;A0B60R;AKTIE;Ja;GOODWIN PLC LS-,10
GB0004052071;865047;AKTIE;Ja;HALMA PLC LS-,10
GB0004082847;859123;AKTIE;Ja;STAND. CHART. PLC DL-,50
GB0004161021;881825;AKTIE;Ja;HAYS PLC LS-,01
GB0004270301;608307;AKTIE;Ja;HILL + SMITH LS-,25
GB0004300496;913531;AKTIE;Ja;PAN AFRICAN RES LS -,01
GB0004478896;867085;AKTIE;Ja;HUNTING PLC LS-,25
GB0004526900;912554;AKTIE;Ja;IG DESIGN GROUP PLC LS-05
GB0004536594;905598;AKTIE;Ja;ADVANCED MED.SO.GRP LS-05
GB0004544929;903000;AKTIE;Ja;IMPERIAL BRANDS PLC LS-10
GB0004657408;864585;AKTIE;Ja;MITIE GRP PLC LS-,025
GB0004726096;856880;AKTIE;Ja;SPIRENT COMMUNIC.LS-,0333
GB0004762810;864483;AKTIE;Ja;JOHNSON SVC. LS-,10
GB0004866223;890808;AKTIE;Ja;KELLER GRP PLC LS-,10
GB0004915632;918585;AKTIE;Ja;KIER GROUP PLC LS-,01
GB0005359004;864291;AKTIE;Ja;RENEW HOLDINGS PLC LS-,10
GB0005405286;923893;AKTIE;Ja;HSBC HLDGS PLC DL-,50
GB0005518872;905201;AKTIE;Ja;MACFARLANE GRP LS-,25
GB0005576813;884600;AKTIE;Ja;HOWDEN JOINERY GRP LS-,10
GB0005603997;851584;AKTIE;Ja;LEGAL GENL GRP PLCLS-,025
GB0005630420;913631;AKTIE;Ja;MEARS GRP PLC LS-,01
GB0005746358;896261;AKTIE;Ja;MCBRIDE PLC LS-,10
GB0005774855;889250;AKTIE;Ja;BLACKROCK WLD MNG LS-,05
GB0006027295;857412;AKTIE;Ja;MORGAN ADVANCED MAT.LS-25
GB0006215205;888871;AKTIE;Ja;MOBICO GROUP LS-,05
GB0006449366;871733;AKTIE;Ja;ECORA RESOURCES LS-,02
GB0006523608;913250;AKTIE;Ja;NWF GROUP PLC LS-,25
GB0006640972;916232;AKTIE;Ja;4IMPRINT GRP LS-,3846
GB0006731235;920876;AKTIE;Ja;ASSOC. BR. FOODS LS-,0568
GB0006776081;858266;AKTIE;Ja;PEARSON PLC LS-,25
GB0006825383;882058;AKTIE;Ja;PERSIMMON PLC LS-,10
GB0006870611;914859;AKTIE;Ja;GB GROUP PLC LS-,25
GB0006928617;634811;AKTIE;Ja;UNITE GROUP PLC LS-,25
GB0007099541;852069;AKTIE;Ja;PRUDENTIAL PLC LS-,05
GB0007188757;852147;AKTIE;Ja;RIO TINTO PLC LS-,10
GB0007323586;868884;AKTIE;Ja;RENISHAW PLC LS-,20
GB0007366395;878204;AKTIE;Ja;RIT CAP. PARTNERS LS 1
GB0007370074;868727;AKTIE;Ja;RICARDO PLC LS-,25
GB0007538100;868448;AKTIE;Ja;M.P. EVANS GROUP LS-,10
GB0007655037;A0BKSX;AKTIE;Ja;S + U PLC LS-,125
GB0007668071;874082;AKTIE;Ja;CLOSE BROTH. GRP LS-,25
GB0007669376;888460;AKTIE;Ja;ST.JAMES'S PLACE LS-,15
GB0007908733;881905;AKTIE;Ja;SSE PLC LS-,50
GB0007958233;852271;AKTIE;Ja;SENIOR PLC LS-10
GB0007973794;899328;AKTIE;Ja;SERCO GROUP PLC LS-,02
GB0007980591;850517;AKTIE;Ja;BP PLC DL-,25
GB0008025412;888153;AKTIE;Ja;SIG PLC LS-,10
GB0008085614;936287;AKTIE;Ja;MORGAN SINDALL GRP LS-,05
GB0008237132;912105;AKTIE;Ja;SOLID STATE PLC LS -,05
GB0008481250;854667;AKTIE;Ja;ME GROUP INTL.PLC LS-,005
GB0008706128;871784;AKTIE;Ja;LLOYDS BKG GRP LS-,10
GB0008711763;881799;AKTIE;Ja;TT ELECTRON. LS-,25
GB0008782301;852015;AKTIE;Ja;TAYLOR WIMPEY PLC LS -,01
GB0009039941;885738;AKTIE;Ja;REACH PLC LS-,10
GB0009067447;501824;AKTIE;Ja;MOTHERCARE PLC LS-,01
GB0009223206;502816;AKTIE;Ja;SMITH + NEP. DL -,20
GB0009292243;898554;AKTIE;Ja;VICTREX PLC LS-,01
GB0009390070;896733;AKTIE;Ja;VOLEX PLC LS -,25
GB0009465807;857968;AKTIE;Ja;WEIR GRP PLC LS-,125
GB0009697037;877431;AKTIE;Ja;BABCOCK INTL GRP LS-,60
GB0009895292;886455;AKTIE;Ja;ASTRAZENECA PLC DL-,25
GB0009896605;902407;AKTIE;Ja;ZOTEFOAMS PLC LS-,05
GB0022569080;915119;AKTIE;Ja;AMDOCS LTD. LS-,01
GB0030026057;929977;AKTIE;Ja;NEXT 15 GROUP PLC LS-,025
GB0030232317;658848;AKTIE;Ja;PAGEGROUP PLC LS -,01
GB0030474687;982848;AKTIE;Ja;PATRIA PRIVATE EQ. TRUST
GB0030913577;794796;AKTIE;Ja;BT GROUP PLC LS 0.05
GB0030927254;912703;AKTIE;Ja;ASOS PLC LS-,035
GB0030932676;797735;FONDS;Nein;M&G Investment Funds (1) - M&G Global Themes Fund - EUR A Acc
GB0031215220;120071;AKTIE;Ja;CARNIVAL PLC DL 1,66
GB0031274896;534418;AKTIE;Ja;MARKS SPENCER GRP LS-,01
GB0031348658;850403;AKTIE;Ja;BARCLAYS PLC LS 0,25
GB0031477770;911641;AKTIE;Ja;FD TECHNOLOGIES LS-,005
GB0031638363;633526;AKTIE;Ja;INTERTEK GROUP LS-,01
GB0031743007;691197;AKTIE;Ja;BURBERRY GROUP LS-,0005
GB0031852162;912589;AKTIE;Ja;JUBILEE METALS GR. LS-,01
GB0032089863;779551;AKTIE;Ja;NEXT PLC LS 0,10
GB0032398678;912588;AKTIE;Ja;JUDGES SCIENTIFIC LS -,05
GB0033147751;460093;AKTIE;Ja;BLOOMSBURY PUBL. LS-,0125
GB0033195214;812861;AKTIE;Ja;KINGFISHER LS-,157142857
GB0033278473;911670;AKTIE;Ja;FUTURA MEDICAL LS-,002
GB0033711010;A0BMC4;AKTIE;Ja;IMMUPHARMA PLC LS-,01
GB0033986497;A0BLQP;AKTIE;Ja;ITV PLC LS -,10
GB0034212331;A0B6T0;AKTIE;Ja;WYNNSTAY GROUP PLC LS-,25
GB00B00FHZ82;A0CANA;ETC;Nein;Gold Bullion Securities ETC
GB00B00KV284;A0CA7J;AKTIE;Ja;GCM RESOURCES PLC LS-,01
GB00B012BV22;A0B59C;AKTIE;Ja;MARSHALLS PLC LS -,25
GB00B012TP20;A0B5TU;AKTIE;Ja;HALFORDS GROUP LS -,01
GB00B0130H42;A0B57L;AKTIE;Ja;ITM POWER PLC LS-,05
GB00B013H060;A0B6TZ;AKTIE;Ja;MICHELMERSH BRICK LS-,20
GB00B019KW72;A0B6G0;AKTIE;Ja;SAINSBURY-J.- LS-28571428
GB00B01JLR99;A0EASE;AKTIE;Ja;NANOCO GROUP PLC LS -,10
GB00B01QGK86;A0EAWX;AKTIE;Ja;NCC GROUP PLC LS -,01
GB00B021F836;A0B7SL;AKTIE;Ja;NAKED WINES PLC LS -,075
GB00B02J6398;A0DJ58;AKTIE;Ja;ADMIRAL GROUP PLC LS-,001
GB00B02LCQ05;A0EAWN;AKTIE;Ja;ALLERGY THER. PLC LS-,001
GB00B02QND93;A0DK8C;AKTIE;Ja;PAYPOINT PLC LS -,0033
GB00B033F229;A0DK6K;AKTIE;Ja;CENTRICA LS-,061728395
GB00B0394F60;A0DPHS;AKTIE;Ja;METALS EXPLOR. LS 0,0001
GB00B04V1276;A0DN8N;AKTIE;Ja;GRAINGER PLC LS-,05
GB00B06QFB75;A0EARV;AKTIE;Ja;IG GROUP HLDGS PLC
GB00B0744359;A0ET3D;AKTIE;Ja;ESSENTRA PLC LS -,25
GB00B0744B38;A0ET3E;AKTIE;Ja;BUNZL PLC LS-,3214857
GB00B07RVT99;A0JDM7;AKTIE;Ja;TRISTEL PLC LS-,01
GB00B082RF11;A0EQ3A;AKTIE;Ja;RENTOKIL INITIAL LS 0,01
GB00B085SD50;A0MS1U;AKTIE;Ja;ARIANA RESOURCESLS -,001
GB00B0C18177;A0HGPZ;AKTIE;Ja;ANGLO ASIAN MNG LS -,01
GB00B0CY5V57;A0F664;AKTIE;Ja;SERICA ENERGY PLC DL-,10
GB00B0FVQX23;A0F6YF;AKTIE;Ja;ROCKHOPPER EXPLOR. LS-,01
GB00B0H2K534;A0HF9Y;AKTIE;Ja;PETROFAC LTD DL-,02
GB00B0KM9T71;A0HL48;AKTIE;Ja;STHREE PLC LS -,01
GB00B0LCW083;A0HG69;AKTIE;Ja;HIKMA PHARMACEUTIC.LS-,10
GB00B0SWJX34;A0JEJF;AKTIE;Ja;LONDON STOCK EXCHANGE
GB00B0WD0R35;A0JDJ3;AKTIE;Ja;SOLGOLD PLC
GB00B0WMWD03;A0JDDS;AKTIE;Ja;QINETIQ GROUP PLC LS -,01
GB00B0YD2B94;A0JDZC;AKTIE;Ja;COHORT PLC
GB00B10RZP78;A0JNE2;AKTIE;Ja;UNILEVER PLC LS-,031111
GB00B125SX82;A0JKKZ;AKTIE;Ja;PANTHEON RESOURCES LS-,01
GB00B128J450;A0JKX1;AKTIE;Ja;IP GROUP PLC LS -,02
GB00B132NW22;A0LB2S;AKTIE;Ja;ASHMORE GRP PLC LS-,0001
GB00B135BJ46;A0JLZC;AKTIE;Ja;SAVILLS PLC LS-,025
GB00B14SKR37;A0J2VP;AKTIE;Ja;CMC MARKETS PLC LS -,25
GB00B15KXN58;A0KRKP;ETC;Nein;WisdomTree Aluminium ETC
GB00B15KXQ89;A0KRKR;ETC;Ja;WisdomTree Copper ETC
GB00B15KXT11;A0KRKT;ETC;Nein;WisdomTree Cotton ETC
GB00B15KXV33;A0KRKU;ETC;Ja;WisdomTree WTI Crude Oil ETC
GB00B15KXW40;A0KRKV;ETC;Nein;WisdomTree Gasoline ETC
GB00B15KXX56;A0KRKW;ETC;Nein;WisdomTree Gold ETC
GB00B15KXY63;A0KRKX;ETC;Nein;WisdomTree Heating Oil ETC
GB00B15KY096;A0KRKZ;ETC;Nein;WisdomTree Live Cattle ETC
GB00B15KY211;A0KRK1;ETC;Ja;WisdomTree Nickel ETC
GB00B15KY328;A0KRK2;ETC;Nein;WisdomTree Silver ETC
GB00B15KY435;A0KRK3;ETC;Nein;WisdomTree Soybean Oil ETC
GB00B15KY542;A0KRK4;ETC;Nein;WisdomTree Soybeans ETC
GB00B15KY658;A0KRK5;ETC;Nein;WisdomTree Sugar ETC
GB00B15KY872;A0KRK7;ETC;Nein;WisdomTree Zinc ETC
GB00B15KY989;A0KRK9;ETC;Nein;WisdomTree Broad Commodities ETC
GB00B15KYB02;A0KRLA;ETC;Nein;WisdomTree Energy ETC
GB00B15KYC19;A0KRLF;ETC;Nein;WisdomTree Petroleum ETC
GB00B15KYF40;A0KRLG;ETC;Nein;WisdomTree Precious Metals ETC
GB00B15KYG56;A0KRLD;ETC;Ja;WisdomTree Industrial Metals ETC
GB00B15KYH63;A0KRK8;ETC;Nein;WisdomTree Agriculture ETC
GB00B15KYJ87;A0KRLH;ETC;Nein;WisdomTree Softs ETC
GB00B15KYL00;A0KRLC;ETC;Nein;WisdomTree Grains ETC
GB00B1722W11;A0J37H;AKTIE;Ja;JET2 PLC LS-,0125
GB00B17BBQ50;A0J32R;AKTIE;Ja;INVESTEC PLC LS-,0002
GB00B18S7B29;A0MNJ0;AKTIE;Ja;AFC ENERGY PLC LS -,001
GB00B19NLV48;A0KDZM;AKTIE;Ja;EXPERIAN PLC DL -,10
GB00B1CKQ739;A0LCM4;AKTIE;Ja;DUNELM GROUP PLC LS-,01
GB00B1FH8J72;A0LBHG;AKTIE;Ja;SEVERN TRENT LS-,9789
GB00B1FP6H53;A0LB7F;AKTIE;Ja;MITCHELLS+BUT. LS-,085416
GB00B1FW5029;A0LC38;AKTIE;Ja;HOCHSCHILD MNG PLC LS-,01
GB00B1GCLT25;A0MKEV;AKTIE;Ja;POLAR CAP.HLDGS LS -,025
GB00B1JQDM80;A0LGA4;AKTIE;Ja;MARSTON'S PLC
GB00B1KJJ408;A0LGB1;AKTIE;Ja;WHITBREAD LS -,76797385
GB00B1N7Z094;A0MLXJ;AKTIE;Ja;SAFESTORE HLDGS LS-,01
GB00B1QH8P22;A0MK5S;AKTIE;Ja;FRASERS GROUP PLC LS-,10
GB00B1RXYT55;A0MLUU;FONDS;Nein;M&G Investment Funds (1) - M&G Global Themes Fund - USD A Acc
GB00B1V9NW54;A0MR59;AKTIE;Ja;HILTON FOOD GROUP PLC
GB00B1VNSX38;A0MK9W;AKTIE;Ja;DRAX GROUP LS-,1155172
GB00B1VQ6H25;A0MM98;AKTIE;Ja;YOUGOV PLC LS -,002
GB00B1WY2338;A0MSHN;AKTIE;Ja;SMITHS GROUP PLC LS -,375
GB00B1XH2C03;A0MRG2;AKTIE;Ja;FERREXPO PLC
GB00B1YKG049;A0MV91;AKTIE;Ja;INTL PERSONAL FIN. LS-,10
GB00B1YPC344;A0MXAU;AKTIE;Ja;FULLER SMITH+TURN.A LS-40
GB00B1YW4409;A0MU9Q;AKTIE;Ja;3I GROUP PLC LS-,738636
GB00B1Z4ST84;A0MV90;AKTIE;Ja;VANQUIS BANK. LS-17868339
GB00B1ZBKY84;A0MW73;AKTIE;Ja;MONY GROUP PLC LS-,02
GB00B2425G68;A0MS3H;AKTIE;Ja;CRANEWARE PLC
GB00B24CGK77;A0M1W6;AKTIE;Ja;RECKITT BENCK.GRP LS -,10
GB00B2863827;A0M5AJ;AKTIE;Ja;CVS GROUP PLC LS -,002
GB00B2B0DG97;A0M95J;AKTIE;Ja;RELX PLC LS -,144397
GB00B2PDGW16;A0NCXL;AKTIE;Ja;WH SMITH LS -,220895
GB00B2QPKJ12;A0MVZE;AKTIE;Ja;FRESNILLO PLC DL -,50
GB00B39J2M42;A0Q4EC;AKTIE;Ja;UNITED UTILITIES GRP
GB00B3FBWW43;A0RDUF;AKTIE;Ja;SDI GROUP PLC LS -,01
GB00B3FLWH99;A0RDRL;AKTIE;Ja;BODYCOTE PLC LS -,1727272
GB00B3MBS747;A1C2GZ;AKTIE;Ja;OCADO GROUP PLC LS -,02
GB00B3W40C23;A1H6LT;AKTIE;Ja;DOTDIGITAL GR.PLC LS-,005
GB00B41H7391;A0YAV3;AKTIE;Ja;ZIGUP PLC LS-,50
GB00B45C9X44;A1JFNS;AKTIE;Ja;CHEMRING GRP PLC LS-,01
GB00B4QVDF07;A113DD;AKTIE;Ja;BIOVENTIX PLC LS -,05
GB00B4WFW713;A1C37D;AKTIE;Ja;LONDONMETRIC PROPERTY
GB00B4WQVY43;A1JJGH;AKTIE;Ja;POWERHOUSE ENER.GR.LS-005
GB00B4X3Q493;A0YF88;AKTIE;Ja;AFENTRA PLC LS-,10
GB00B4Y7R145;A1CSN7;AKTIE;Ja;CURRYS PLC LS -,001
GB00B4YZN328;A1JA3L;AKTIE;Ja;COATS GROUP LS -,05
GB00B53P2009;A1C0S3;AKTIE;Ja;JUPITER FD MANAG. LS -,02
GB00B572ZV91;A1CWVZ;AKTIE;Ja;PHAROS ENERGY PLC LS-,05
GB00B5N0P849;A1JGY5;AKTIE;Ja;JOHN WOOD GR.LS-,04285714
GB00B5ZN1N88;A0N9B0;AKTIE;Ja;SEGRO PLC LS-,10
GB00B608Z994;A1CYM5;AKTIE;Ja;ILIKA PLC LS-,01
GB00B61TVQ02;A1CWUA;AKTIE;Ja;INCHCAPE PLC LS -,10
GB00B62G9D36;A1CUUR;AKTIE;Ja;SHAFTESBURY CAP. LS-,25
GB00B62Z3C74;A1CWBW;AKTIE;Ja;FIDELITY CN SP.SIT.REG S
GB00B635TG28;A1CTAH;AKTIE;Ja;ENQUEST PLC LS -,05
GB00B63H8491;A1H81L;AKTIE;Ja;ROLLS ROYCE HLDGS LS 0.20
GB00B63QSB39;A0RMZD;AKTIE;Ja;GREGGS PLC LS-,02
GB00B647W791;A1C8XS;AKTIE;Ja;SAVANNAH RES PLC LS -,01
GB00B64NSP76;A1CUSQ;AKTIE;Ja;COSTAIN GRP PLC LS-,01
GB00B67KBV28;A1C6T4;AKTIE;Ja;CENTR.ASIA METALS DL -,01
GB00B6XZKY75;A1JXU7;AKTIE;Ja;A.G. BARR LS-,04167
GB00B7KR2P84;A1JTC1;AKTIE;Ja;EASYJET PLC LS-,27285714
GB00B7N0K053;A1JWNB;AKTIE;Ja;PREMIER FOODS PLC LS-,10
GB00B82YXW83;A1J7UJ;AKTIE;Ja;VESUVIUS PLC LS 0,10
GB00B8C3BL03;A1WYYZ;AKTIE;Ja;SAGE GRP PLC LS-,01051948
GB00B8SC6K54;A1T7LN;AKTIE;Ja;GREENCOAT UK WIND LS -,01
GB00B8VZXT93;A1KCZN;AKTIE;Ja;CREST NICHOLS.HLDGS LS-05
GB00B8YZTJ80;A1W0Q1;AKTIE;Ja;VERSARIEN PLC LS -,0001
GB00B9275X97;A1KAME;AKTIE;Ja;HVIVO PLC LS-,001
GB00BCCW4X83;A1W4X9;AKTIE;Ja;TEAM INTERNET GP.LS -,001
GB00BCKFY513;A1W5AS;AKTIE;Ja;FOXTONS GROUP PLC LS-,01
GB00BD0SFR60;A2AJ6G;AKTIE;Ja;MOTORPOINT GRP WI LS-,01
GB00BD3VDH82;A2DJ2T;AKTIE;Ja;VIVOPOWER INTL. DL -,12
GB00BD3VFW73;A2AUD3;AKTIE;Ja;CONVATEC GROUP WI LS -,10
GB00BD45SH49;A2JE64;AKTIE;Ja;INTEGRAFIN HLDGS LS-,01
GB00BD4FCK53;A2AS63;AKTIE;Ja;MILA RESOUR. PLC LS-,01
GB00BD6K4575;A2DR6K;AKTIE;Ja;COMPASS GROUP LS-,1105
GB00BD8SLV43;A2AFK1;AKTIE;Ja;MARLOWE PLC LS -,5
GB00BD9G2S12;A2JCGV;AKTIE;Ja;GATES IND.CORP PLC DL-,01
GB00BD9PXH49;A2H9XM;AKTIE;Ja;ABRDN EUR.LOG.IN. LS-,01
GB00BDCPN049;A2AJ8Q;AKTIE;Ja;COCA-COLA EU.PA. EO -,01
GB00BDDN1T20;A2DLV1;AKTIE;Ja;XPS PENSI.GR.PLC LS-,0005
GB00BDFBVT43;A2JLRX;AKTIE;Ja;OXFORD BIOMEDICA LS-,50
GB00BDGKMY29;A2DN3S;AKTIE;Ja;BIOPHARMA CREDIT DL -,01
GB00BDR05C01;A2DQWX;AKTIE;Ja;NATIONAL GRID PLC
GB00BDSFG982;A2DJQK;AKTIE;Ja;TECHNIPFMC PLC DL 1
GB00BF3DT583;A2JHGR;AKTIE;Ja;POLAREAN IMAG.LS-,00037
GB00BF4HYT85;A2JHMB;AKTIE;Ja;LION FIN. GRP.PLC LS 0,01
GB00BF4HYV08;A2JH0G;AKTIE;Ja;GEORGIA CAPITAL LS 0,01
GB00BF8J3Z99;A2H7JM;AKTIE;Ja;BAKKAVOR GRP PLC LS -,1
GB00BF8Q6K64;A2N7PB;AKTIE;Ja;ABERDEEN GP.LS-,139682539
GB00BFFK7H57;A2JK6F;AKTIE;Ja;ODYSSEAN INV. TRUST LS 1
GB00BFMBMT84;A2JES0;AKTIE;Ja;SENSATA TECHN.HLDG LS-,01
GB00BFN4GY99;A2DWS6;AKTIE;Ja;ZINNWALD LITHIUM LS -,01
GB00BFZZM640;A2N6F1;AKTIE;Ja;S4 CAPITAL PLC LS-,25
GB00BG0TPX62;A2N6WD;AKTIE;Ja;FUNDING CIRCLE LS-,001
GB00BG12Y042;A2JGLJ;AKTIE;Ja;ENERGEAN PLC LS -,01
GB00BG49KP99;A1XF2N;AKTIE;Nein;TRITAX BIG BOX REIT LS-01
GB00BG5KQW09;A2NB49;AKTIE;Ja;CERES POWER HLDGS LS-,10
GB00BG5NDX91;A2JMGK;AKTIE;Ja;SERABI GOLD PLC LS-,005
GB00BGBN7C04;A2PDL4;AKTIE;Ja;SSP GROUP LS-,01085
GB00BGDT3G23;A2NB0W;AKTIE;Ja;RIGHTMOVE PLC LS -,001
GB00BGGK0V60;A2PALA;AKTIE;Ja;TPXIMPACT HOLDINGS LS,-01
GB00BGHPT808;A1XA9S;AKTIE;Ja;BENCHMARK HLDGS LS-,001
GB00BGLP8L22;A1XCMM;AKTIE;Ja;IMI PLC LS-,2857
GB00BGXQNP29;A2N805;AKTIE;Ja;PHOENIX GRP HLDGS LS-,10
GB00BH4HKS39;A1XA83;AKTIE;Ja;VODAFONE GROUP PLC
GB00BHJYC057;A2PA4R;AKTIE;Ja;INTERCONT.H.LS-,208521303
GB00BJ0LT190;A2PKX2;AKTIE;Ja;HGCAPITAL TRUST LS-,025
GB00BJ62K685;A1XFE7;AKTIE;Ja;PETS AT HOME GROUP LS 1
GB00BJDQQ870;A2PLJE;AKTIE;Ja;WATCH.O.SWITZ.GR.LS-,0125
GB00BJFFLV09;A2PF9D;AKTIE;Ja;CRODA INTL LS -,10609756
GB00BJHPLV88;A2PW4P;AKTIE;Ja;NINETY ONE PLC LS 1
GB00BJLP1Y77;A2PFJ2;AKTIE;Ja;HICL INFRASTRUCT LS-,0001
GB00BJT16S69;A2PGGB;AKTIE;Ja;TRONOX HLDGS PLC DL -,01
GB00BJTNFH41;A1XEN9;AKTIE;Ja;AO WORLD PLC LS -,0025
GB00BJVQC708;A2PTUX;AKTIE;Ja;HELIOS TOWER PL WI LS0,01
GB00BJYDH287;A3GKGK;ETC;Ja;WisdomTree Bitcoin ETP/ETC
GB00BJYDH394;A3GQ45;ETC;Ja;WisdomTree Ethereum ETP/ETC
GB00BK964W87;A2QP71;AKTIE;Ja;CEL AI PLC LS -,0001
GB00BK9RKT01;A3CN01;AKTIE;Ja;TRAVIS PERKINS LS-,1
GB00BKDRYJ47;A2PM3F;AKTIE;Ja;AIRTEL AFRICA PLC DL -,50
GB00BKDTK925;A2PMMM;AKTIE;Ja;TRAINLINE PLC LS 0,01
GB00BKFB1C65;A2PSZW;AKTIE;Ja;M+G LS -,05
GB00BKFW2482;A2PV81;AKTIE;Ja;SEASCAPE EN.ASIA LS-,10
GB00BKM0ZJ18;A2PZ3W;AKTIE;Ja;PENSANA PLC LS-,001
GB00BKM69866;A2PWSG;AKTIE;Ja;CORCEL PLC LS-,0001
GB00BKPG0138;A3CS5Y;AKTIE;Ja;SERAPHIM SP.I.T. LS -,01
GB00BKPG0S09;A3CREE;AKTIE;Ja;TEMPLETON E.M.I.TR.LS-,05
GB00BKPH9R58;A3C9EL;AKTIE;Ja;LBG MEDIA PLC LS -,001
GB00BKRC5K31;A1113H;AKTIE;Ja;GENUIT GROUP (WI) LS-001
GB00BKS7YK08;A112AM;AKTIE;Ja;TREATT PLC LS-,02
GB00BKWQ1135;A11193;AKTIE;Ja;HAYDALE GR.INDUS.LS-,0001
GB00BKY40Q38;A2PXFJ;AKTIE;Ja;GALLIFORD TRY PLC LS-,50
GB00BL0L5G04;A2PW0G;AKTIE;Ja;ADRIATIC METALS LS-013355
GB00BL6C2002;A3CUC1;AKTIE;Ja;WICKES GROUP PLC LS-,10
GB00BL6K5J42;A3CSCF;AKTIE;Ja;ENDEAVOUR MINING DL-,01
GB00BL6K7L04;A3CWKE;AKTIE;Ja;HYDROGENONE C.G. LS -,01
GB00BL6NGV24;A2QNAR;AKTIE;Ja;DR. MARTENS PLC LS -,01
GB00BL9YR756;A3CTVY;AKTIE;Ja;WISE PLC LS -,01
GB00BL9ZF303;A3C308;AKTIE;Ja;PETERSHILL PARTNERS -,01
GB00BLBDZV05;A3GWV4;ETC;Ja;GLOBAL X Bitcoin ETP /ETC
GB00BLBDZW12;A3GWV3;ETC;Ja;GLOBAL X Ethereum ETP /ETC
GB00BLD4ZL17;A3GPMN;ETC;Ja;CoinShares Physical Bitcoin ETP/ETC
GB00BLD4ZM24;A3GQ2N;ETC;Ja;CoinShares Physical Ethereum ETP/ETC
GB00BLD4ZN31;A3GRUE;ETC;Ja;CoinShares Physical XRP ETP/ETC
GB00BLD4ZP54;A3GRUD;ETC;Ja;CoinShares Physical Litecoin ETP/ETC
GB00BLDRH360;A2QFHP;AKTIE;Ja;OSB GROUP PLC LS 0,01
GB00BLDYK618;A115BA;AKTIE;Ja;SCOTTISH MORTG.INV.LS-,05
GB00BLGXWY71;A3C482;AKTIE;Ja;W.A.G PAY.SOLU.PLC LS-,01
GB00BLGZ9862;A2QQMK;AKTIE;Ja;TESCO PLC LS-,0633333
GB00BLNNFL88;A3C6DM;AKTIE;Ja;PANTHEON INFRASTR.LS -,01
GB00BLPHTX84;A2P886;AKTIE;Ja;ELIXIRR INTL LS -,00005
GB00BLWDVP51;A116TF;AKTIE;Ja;FDM GROUP HLDGS LS -,01
GB00BLY2F708;A114CM;AKTIE;Ja;CARD FACTORY PLC LS-,01
GB00BM8NFJ84;A3EESQ;AKTIE;Ja;BREEDON GROUP PLCLS0,01
GB00BM8PJY71;A3DS0H;AKTIE;Ja;NATWEST GR.PLC LS 1,0769
GB00BM8Q5G47;A3D01Y;AKTIE;Ja;MARKS ELECT.GRP LS-,01
GB00BM8Q5M07;A3C480;AKTIE;Ja;JD SPORTS FASH. LS -,0005
GB00BM9JYH62;A3GZKD;ETC;Ja;Global X Aave ETP/ETC
GB00BM9JYJ86;A3GZKF;ETC;Ja;Global X Chainlink ETP/ETC
GB00BM9JYK91;A3GZKE;ETC;Ja;Global X Uniswap ETP/ETC
GB00BMBVGQ36;A3CRBA;AKTIE;Ja;HARBOUR ENERGY LS 0,00002
GB00BMCLYF79;A3CWA4;AKTIE;Ja;4BASEBIO PLC EO 1
GB00BMCZLK30;A2QCGN;AKTIE;Ja;KOOTH PLC LS -,05
GB00BMD1Z199;A3DCC0;AKTIE;Nein;SOLVONIS THERAP. LS -,001
GB00BMFSSJ73;A403N7;AKTIE;Ja;POWER METAL RES. LS 0,02
GB00BMHRMV23;A3C67V;AKTIE;Ja;STELRAD GROUP PLC LS-,001
GB00BMJ6DW54;A114PL;AKTIE;Ja;INFORMA PLC LS-,001
GB00BMT9K014;A2QNEN;AKTIE;Ja;MOONPIG GROUP PLC LS -,10
GB00BMTP1519;A3GUPB;ETF;Ja;WisdomTree Crypto Altcoins
GB00BMTP1626;A3GUPA;ETF;Ja;WisdomTree Crypto Market
GB00BMTP1733;A3GUN9;ETF;Ja;WisdomTree Crypto Mega Cap Equal Weight
GB00BMTV7393;A2QCFV;AKTIE;Nein;THG PLC LS-,005
GB00BMVP7Y09;A2P62D;AKTIE;Ja;ROYALTY PHARMA OA DL-0001
GB00BMVQDZ64;A2QP3Y;AKTIE;Ja;AUCTION TECH.GRP.LS-,0001
GB00BMWB4803;A3GVCZ;ETC;Ja;CoinShares Physical Staked Tezos ETP/ETC
GB00BMWB4910;A3GYRF;ETC;Ja;CoinShares Physical Chainlink ETP/ETC
GB00BMWC6P49;A3E2FD;AKTIE;Ja;MONDI PLC EO -,22
GB00BMWRZ071;A3D8XA;AKTIE;Ja;DOWLAIS GROUP PLC LS-,01
GB00BMX3W479;A3D662;AKTIE;Ja;METRO BANK HLG LS-,000001
GB00BMX86B70;A3DNZQ;AKTIE;Ja;HALEON PLC LS 0,01
GB00BMXNWH07;A3DV8N;AKTIE;Ja;NOBLE CORP-RIGHTS TO RSU-
GB00BMY36D37;A4A50V;ETF;Ja;CoinShares Finanzen.net Top 10 Crypto ETP
GB00BN2TR932;A3CVRU;AKTIE;Ja;BIG TECHNOLOGIES LS-,10
GB00BN3ZZ526;A116RY;AKTIE;Ja;VOLUTION GROUP LS -,01
GB00BN474G19;A4AKVG;ETC;Ja;WisdomTree Physical CoinDesk 20 ETP/ETC
GB00BN4HT335;A3DWFC;AKTIE;Ja;INDIVIOR PLC DL 0,50
GB00BN789668;A2QFET;AKTIE;Ja;FONIX PLC LS-,001
GB00BN7CG237;A2QJD4;AKTIE;Ja;ASTON MARTIN LAG.GLB.HLDG
GB00BN7SWP63;A3DMB5;AKTIE;Ja;GSK PLC LS-,3125
GB00BNC5T391;A2QSJZ;AKTIE;Ja;DELIVEROO PLC LS-,005
GB00BND88V85;A3CU5W;AKTIE;Ja;BRIDGEPOINT AD.LS -,00005
GB00BNDQJN14;A3C5J3;AKTIE;Ja;LIGHT SC.TEC.HLDG LS -,01
GB00BNDRD100;A3C60C;AKTIE;Ja;POD POINT GROUP LS -,0001
GB00BNDRLN84;A3CNLK;AKTIE;Ja;PENSIONBEE GRP LS -,001
GB00BNDRMJ14;A3CPH7;AKTIE;Ja;ALPHAWAVE IP GROUP LS-,01
GB00BNG2M159;A3CNYX;AKTIE;Ja;ALLIANZ TECHNO.TR.LS-,025
GB00BNGDN821;A3D648;AKTIE;Ja;MELR IN PLC LS-,001
GB00BNGJ9G01;A3GX35;ETC;Ja;WisdomTree Solana ETP/ETC
GB00BNGJ9H18;A3GX36;ETC;Ja;WisdomTree Polkadot ETP/ETC
GB00BNGJ9J32;A3GX34;ETC;Ja;WisdomTree Cardano ETP/ETC
GB00BNHSJN34;A3DHCS;AKTIE;Ja;QUILTER PLC 144A LS,08167
GB00BNK03D49;A2JSKT;AKTIE;Ja;LUXFER HLDGS PLC LS-,50
GB00BNK9TP58;A2QRZ2;AKTIE;Ja;TRUSTPILOT GROUP LS -,01
GB00BNKT5L33;A403SD;AKTIE;Ja;CAPRICORN ENERGY
GB00BNLPYF73;A117ZX;AKTIE;Ja;SPIRE HEALTHCARE GRP
GB00BNNTLN49;A3CR01;AKTIE;Ja;PENNON GROUP NEW LS-,6105
GB00BNQMPN80;A3CSZZ;AKTIE;Ja;RENEW ENG.GLB.A DL-,0001
GB00BNR45554;A3CWWW;AKTIE;Ja;FIRST TIN PLC LS-,001
GB00BNR4T868;A3CRFF;AKTIE;Ja;RENEWI PLC LS 1
GB00BNRR8331;A3C7FC;AKTIE;Ja;PROCOOK GROUP PLC LS-,01
GB00BNRRB013;A3GVCY;ETC;Ja;CoinShares Physical Staked Matic ETP/ETC
GB00BNRRF105;A3GY74;ETC;Ja;CoinShares Physical Staked Algorand ETP/ETC
GB00BNRRF659;A3GVCX;ETC;Ja;CoinShares Physical Staked Cardano ETP/ETC
GB00BNRRF980;A3GY73;ETC;Ja;CoinShares Physical Staked Cosmos ETP/ETC
GB00BNRRFW10;A3GVC0;ETC;Ja;CoinShares Physical Staked Polkadot ETP/ETC
GB00BNRRFY34;A3GXNS;ETC;Ja;CoinShares Physical Staked Solana ETP/ETC
GB00BNRRG624;A3GYRG;ETC;Ja;CoinShares Physical Uniswap ETP/ETC
GB00BNTJ3546;A3CNAB;AKTIE;Ja;ALLFUNDS GROUP EO-,0025
GB00BNTVWJ75;A3EUL7;AKTIE;Ja;SYNTHOMER LS -,01
GB00BNTY2N01;A3EEQY;AKTIE;Ja;DELTIC ENERGY PLC LS-,1
GB00BNYDGZ21;A3C48E;AKTIE;Ja;TORT.MEXIC.GRILL LS -,01
GB00BP0RGD03;A40H9N;AKTIE;Ja;BERKELEY GR.HL LS-,056110
GB00BP371R64;A3DE63;AKTIE;Ja;CLEAN POWER HYDROG.LS-,01
GB00BP37WF17;A3CVK0;AKTIE;Ja;PANTHEON INTL PLC LS-,067
GB00BP6MXD84;A3C99G;AKTIE;Ja;SHELL PLC EO-07
GB00BP6S8Z30;A3C307;AKTIE;Ja;OXFORD NANOP.TECH. -,0001
GB00BP7L1T61;A3CUTT;AKTIE;Ja;REVOL.BEAUTY GRP LS -,01
GB00BP92CJ43;A3DKAB;AKTIE;Ja;TATE +LYLE LS-,2916666667
GB00BP9LHF23;A3DRRR;AKTIE;Ja;SCHRODERS PLC LS -,20
GB00BPCT7534;A4189D;AKTIE;Nein;CAPITA PLC LS -,31
GB00BPJHV584;A3D066;AKTIE;Ja;ITHACA ENERGY PLC LS-,01
GB00BPQY8M80;A3DJ6W;AKTIE;Ja;AVIVA PLC LS-,33
GB00BQH8G337;A40GZT;AKTIE;Ja;REZOLVE AI PLC LS-,0001
GB00BQHP5P93;A3E2AU;AKTIE;Ja;DIVERS.ENERGY COMP LS-,2
GB00BQQFX454;A12A7G;AKTIE;Ja;ACCSYS TECH.PLC EO -,05
GB00BQS10J50;A12DHG;AKTIE;Ja;GAMMA COMMUNICATION.LS-01
GB00BR3SVZ18;A3EUQY;AKTIE;Nein;MERIDIAN MINING SE
GB00BR3YV268;A40JS4;AKTIE;Ja;POLAR CAP.TECH.TR. LS-,25
GB00BRC2TB67;A403PX;AKTIE;Ja;EARNZ PLC LS-,04
GB00BRJ9BJ26;A12EXX;AKTIE;Ja;FEVERTREE PLC LS -,0025
GB00BRJQ8J25;A40H9M;AKTIE;Ja;HAMMERSON PLC LS-,05
GB00BRXCFB77;A3E1F9;AKTIE;Ja;HELLENIC DYNAMICS LS-,001
GB00BRXH2664;A3EQAK;AKTIE;Ja;ANGLOGOLD ASHANTI DL 1
GB00BRXHQ425;A4A53J;ETC;Ja;WisdomTree Physical XRP ETC
GB00BS3DYQ52;A40FLP;AKTIE;Ja;RASPBERRY PI . LS -,0025
GB00BS457501;A411HA;AKTIE;Ja;CORO ENERGY PLC LS-,005
GB00BSB7BS06;A403SC;AKTIE;Ja;PINEWOOD TECH.GR. LS 1,0
GB00BSBMW716;A12GLU;AKTIE;Ja;FOCUSRITE PLC LS -,001
GB00BTFR4F17;A14Q5A;AKTIE;Ja;WINDAR PHOTONICS LS -,01
GB00BTK05J60;A41BF3;AKTIE;Nein;ANGLO AMERICAN DL -,6239
GB00BV9FP302;A14NH6;AKTIE;Ja;COMPUTACENTER LS-,075555
GB00BVFCZV34;A14NG2;AKTIE;Ja;RWS HOLDINGS PLC LS-,01
GB00BVFNZH21;A14RF2;AKTIE;Ja;ROTORK PLC LS-,005
GB00BVG7F061;A14QUY;AKTIE;Ja;INTL GAME TECH. DL-,10
GB00BVGBWW93;A14M2K;AKTIE;Ja;ASSURA PLC LS-,10
GB00BVGBY890;A14QNY;AKTIE;Ja;ZEGONA COMMUNICAT. LS-,01
GB00BVV2KN49;A1W9PL;AKTIE;Ja;EUROCELL (WI) LS -,001
GB00BVYVFW23;A14PY2;AKTIE;Ja;AUTO TRADER GRP PLCLS0,01
GB00BWFGQN14;A14Q5B;AKTIE;Ja;SPIRAX GRP. LS-,26923076
GB00BY7QYJ50;A143MK;AKTIE;Nein;MOLTEN VENTURES LS-,01
GB00BY9D0Y18;A14USN;AKTIE;Ja;DIR.LINE.INS.LS-,10909090
GB00BYMT0J19;A14156;AKTIE;Ja;LIVANOVA PLC DL -,01
GB00BYN59130;A2AHL0;AKTIE;Ja;DOMINO'S PIZZA LS-,005208
GB00BYN5YK77;A14XHW;AKTIE;Ja;JERSEY OIL+GAS PLC LS-,01
GB00BYQ0JC66;A2AF7G;AKTIE;Ja;BEAZLEY PLC LS -,05
GB00BYRJ5J14;A142J2;AKTIE;Ja;PRIMARY HEALTH LS-,0125
GB00BYT18307;A2ALSB;AKTIE;Ja;TBC BANK GROUP LS 0,01
GB00BYT1DJ19;A2AMU0;AKTIE;Ja;INTERMED.CAP.GRP.LS-,2625
GB00BYVX2X20;A2JMDY;AKTIE;Ja;EVERPLAY GROUP PLC LS-,01
GB00BYW0PQ60;A2DW9E;AKTIE;Ja;LAND SECURITIES GROUP PLC
GB00BYW6GV68;A2ACR3;AKTIE;Ja;FERROGLOBE PLC DL 7,50
GB00BYWL4Y04;A2N765;AKTIE;Ja;RENALYTIX PLC LS-,0025
GB00BYWVDP49;A2H8SX;AKTIE;Ja;SABRE INSUR. GRP LS-,001
GB00BYXJC278;A142QY;AKTIE;Ja;IBSTOCK PLC LS -,01
GB00BYY0JQ23;A14Z3U;AKTIE;Ja;ROME RESOURCES LS-,001
GB00BYYN4225;A142E9;AKTIE;Ja;HOSTELWORLD GROUP EO-,01
GB00BYYW3C20;A2AG67;AKTIE;Ja;FORTERRA PLC LS -,01
GB00BYYW9G87;A2ADP0;AKTIE;Ja;AVACTA GROUP PLC LS-,10
GB00BYYX6C66;A2AF9K;AKTIE;Ja;CERILLION PLC LS -,005
GB00BYZDVK82;A1430G;AKTIE;Ja;SOFTCAT PLC LS-,0005
GB00BYZN9041;A2DKXS;AKTIE;Ja;FUTURE PLC LS-,15
GB00BZ0D6727;A14WHA;AKTIE;Ja;KAINOS GROUP PLC LS-,005
GB00BZ15CS02;A2JR3A;AKTIE;Ja;ARGO BLOCKCHAIN LS -,001
GB00BZ3CNK81;A2AGBV;AKTIE;Ja;TORM PLC A DL-,01
GB00BZ4BQC70;A2ABB6;AKTIE;Ja;JOHNSON MATT. LS 1,101698
GB00BZBX0P70;A143NH;AKTIE;Ja;THE GYM GROUP LS -,01
GB00BZC0LC10;A2ARR1;AKTIE;Ja;VICTORIA PLC LS -,05
GB00BZCNLL95;A2DHPK;AKTIE;Ja;BELLEVUE HE.TR.RED.LS-,01
GG00B1W3VF54;A0MQ7T;AKTIE;Ja;SIRIUS REAL ESTATE LTD.
GG00B1Z5FH87;A0MW4C;AKTIE;Ja;PPHE HOTEL GROUP LTD.
GG00B1ZBD492;A0MXLB;AKTIE;Ja;NB PRIVATE EQUITY PART.A
GG00B28C2R28;A0M5MA;AKTIE;Ja;PARTNERS GP.PR.EQ.EO-,001
GG00B2R9PM06;A0Q17M;AKTIE;Ja;CHARIOT LTD. LS-,01
GG00BB0RDB98;A1W50T;AKTIE;Ja;BLUEFIELD SOLAR INCOME FD
GG00BBHX2H91;A1W2S8;AKTIE;Ja;RENEWABLES INFRASTRUCTURE
GG00BBHXCL35;A1W6C0;AKTIE;Ja;RIVERSTONE ENERGY
GG00BD95V148;A2H7EL;AKTIE;Ja;ANDRADA MINING LTD.
GG00BG0KTL52;A2JRRP;AKTIE;Ja;GEMFIELDS GROUP DL-00001
GG00BJQZ9H10;A2PE3T;AKTIE;Ja;VIETNAM HOLDING LTD
GG00BKTRRM22;A2PUQN;AKTIE;Ja;RTW BIOTECH OPPORTUNITIES
GG00BMFG5F62;A3EG3E;AKTIE;Ja;OKYO PHARMA LTD
GG00BMGYLN96;A2QE5M;AKTIE;Ja;BURFORD CAPITAL LTD
GG00BMX4VR69;A2QADF;AKTIE;Ja;LANDORE R. O.N.(POST CONS
GG00BPFJTF46;A12C4S;AKTIE;Ja;PERSHING SQUARE HLDGS LTD
GG00BQBFY362;A3D58Q;AKTIE;Ja;BH MACRO GBP
GG00BQZCBZ44;A3D8TJ;AKTIE;Ja;SHURGARD SELF STORAGE LTD
GG00BYXVT888;A1428J;AKTIE;Ja;VINACAPITAL VN OPP.DL-,01
GI000A0F6407;A0F640;AKTIE;Ja;EVOKE PLC LS-,005
GRS003003035;A2N40X;AKTIE;Ja;NATL BK GREECE NAM.EO 1
GRS014003032;A3CM30;AKTIE;Ja;PIRAEUS FIN.HOL. EO 0,93
GRS015003007;A2AA50;AKTIE;Ja;ALPHA SE+HO. EO -,29
GRS096003009;766652;AKTIE;Ja;FOURLIS HLDGS NAM.EO 1
GRS191213008;906021;AKTIE;Ja;ELLAKTOR S.A.NAM. EO 0,04
GRS260333000;903465;AKTIE;Ja;HELLENIC TELEC. ORG. NAM.
GRS282183003;925529;AKTIE;Ja;JUMBO S.A. EO 0,88
GRS298343005;914999;AKTIE;Ja;HELLENIQ ENER. NAM.EO2,18
GRS314003013;A3EFZU;AKTIE;Ja;MIG HOLDINGS NEW EO-,40
GRS323003012;A2ABD1;AKTIE;Ja;EUROBANK ERGASIAS EO-,22
GRS343313003;928980;AKTIE;Ja;INTRALOT NOM. EO 0,30
GRS393503008;934398;AKTIE;Ja;METLEN ENER.+MET. EO 0,97
GRS395363005;941206;AKTIE;Ja;HELLEN.EX.-ATHENS ST. NA.
GRS419003009;765974;AKTIE;Ja;GREEK O.FOOTB.INH EO 0,75
GRS426003000;794038;AKTIE;Ja;MOTOR OIL (HELL.) EO 0,75
GRS434003000;982549;AKTIE;Ja;PUBL.POWER GR.INH.EO 2,48
GRS469003024;A1W3NH;AKTIE;Ja;KRI-KRI MILK NAM. EO-,38
GRS495003006;A0MWBR;AKTIE;Ja;AEGEAN AIRLINES EO -0,5
GRS533003000;A3E2RR;AKTIE;Ja;OPTIMA BANK S.A. EO 3,45
GRS536003007;A401RW;AKTIE;Ja;ATHENS INTERN. AIRP. O.N.
HK0000049939;A0RBTQ;AKTIE;Nein;CN UNICOM(HK)LTD.
HK0000055878;A0YA1F;AKTIE;Ja;CN TAIPING INS.HLDG BL200
HK0000069689;A1C7F3;AKTIE;Ja;AIA GROUP LTD
HK0000083920;A1JCNU;AKTIE;Ja;SUN ART RETAIL GROUP
HK0000172855;A1W9UY;AKTIE;Ja;GOLDPAC GROUP LTD
HK0000218211;A12DNQ;AKTIE;Ja;HUA HONG SEMICONDUCTOR
HK0000255361;A14V3L;AKTIE;Ja;GENERTEC UNIVER.MED.GR.CO
HK0000264595;A14Y51;AKTIE;Ja;CHINA EVERGR.NEW EN.VEH.G
HK0000295763;A2AKB1;AKTIE;Ja;RICH GOLDMAN HLDGS CONS.
HK0000311099;A2ATTU;AKTIE;Ja;CHINA RES.PHARMA.GRP O.N.
HK0000504214;A2PLQ6;AKTIE;Ja;CSSC(HK)SHIPPING CO.LTD
HK0000552189;A2PWA4;AKTIE;Ja;CHINA MERCHANTS COMM.REIT
HK0000608585;A2P7NH;AKTIE;Ja;NEW WORLD DEV.CO.(B.L.)
HK0000658531;A2QD9S;AKTIE;Ja;SIMCERE PHARMAC. GRP LTD
HK0000735800;A3CPLY;AKTIE;Nein;SF REIT UTS
HK0000811882;A3CPA6;AKTIE;Ja;CHERVON HOLDINGS LTD
HK0000827664;A3DGH2;AKTIE;Ja;JINMAO PROPERTY SERVICES
HK0002007356;861336;AKTIE;Ja;CLP HLDGS
HK0003000038;864603;AKTIE;Ja;H.K. CHINA GAS
HK0004000045;861691;AKTIE;Ja;WHARF (HLDGS) LTD
HK0006000050;861981;AKTIE;Ja;POWER ASSETS HLDG.LTD.
HK0008011667;165235;AKTIE;Ja;PCCW LTD CONS.
HK0011000095;862271;AKTIE;Ja;HANG SENG BK LTD
HK0012000102;867157;AKTIE;Ja;HENDERSON LD DEV.
HK0016000132;861270;AKTIE;Ja;SUN HUNG KAI PTIES
HK0018000155;874584;AKTIE;Ja;ORIENTAL ENTERPRISE HLDGS
HK0019000162;860990;AKTIE;Ja;SWIRE PAC. CL.A
HK0023000190;868943;AKTIE;Ja;BK OF EAST ASIA
HK0027032686;A0HHH9;AKTIE;Ja;GALAXY ENTMT GROUP
HK0031044180;A0NC4F;AKTIE;Nein;CHINA AEROSPACE NEW
HK0045000319;860599;AKTIE;Ja;H.K. SHANGHAI HOT.
HK0066009694;579779;AKTIE;Ja;MTR CORP. LTD
HK0083000502;866305;AKTIE;Ja;SINO LD CO.
HK0087000532;861751;AKTIE;Ja;SWIRE PAC. CL.B
HK0101000591;874111;AKTIE;Ja;HANG LUNG P.
HK0144000764;884558;AKTIE;Ja;CHINA MERCHANTS PORT HLDG
HK0200030994;A0ET8T;AKTIE;Ja;MELCO INTL SUBDIV.
HK0242001243;861731;AKTIE;Ja;SHUN TAK HLDGS
HK0267001375;870564;AKTIE;Ja;CITIC LTD.
HK0270001396;883168;AKTIE;Ja;GUANGDONG INV. LTD
HK0285041858;A0M0HG;AKTIE;Ja;BYD ELECTRONIC
HK0291001490;884684;AKTIE;Ja;CHINA RES BEER (HLDGS)CO.
HK0293001514;870986;AKTIE;Ja;CATHAY PAC. AIRW.
HK0308001558;888263;AKTIE;Ja;CHINA TRAVEL INTL
HK0345001611;890411;AKTIE;Ja;VITASOY INTL HLDGS
HK0363006039;900868;AKTIE;Ja;SHANGHAI IND. HLDGS
HK0388045442;A0NJY9;AKTIE;Ja;HONGKONG EXCH. (BL 100)
HK0392044647;A0NEXK;AKTIE;Ja;BEIJING ENTERPRISES
HK0440001847;885549;AKTIE;Ja;DAH SING FINL HLDGS
HK0639031506;A0ETXL;AKTIE;Ja;SHOUGANG FUS.RES.GR.
HK0656038673;A0MVLL;AKTIE;Ja;FOSUN INTL LTD
HK0669013440;A0B5GC;AKTIE;Ja;TECHTRONIC I.SUBD.
HK0688002218;884705;AKTIE;Ja;CHINA OV.LD
HK0817039453;A0MYNN;AKTIE;Ja;CHINA JINMAO HLDGS GR.LTD
HK0823032773;A0HL3P;AKTIE;Ja;LINK REIT
HK0836012952;784581;AKTIE;Ja;CHINA RES POWER HLDGS
HK0880043028;A0NBLJ;AKTIE;Ja;SJM HLDGS LTD
HK0883013259;A0B846;AKTIE;Nein;CNOOC LTD O.N.
HK0941009539;909622;AKTIE;Nein;CHINA MOBILE LTD.
HK0992009065;894983;AKTIE;Ja;LENOVO GROUP
HK1093012172;548183;AKTIE;Ja;CSPC PHARMACEUT.GR.
HK1097008929;929341;AKTIE;Ja;I-CABLE COMMNCTNS
HK1208013172;A0BLUG;AKTIE;Ja;MMG LTD. CONS.
HK2356013600;A0B6A1;AKTIE;Ja;DAH SING BANKING GRP
HK2380027329;A0DKTC;AKTIE;Ja;CHINA POWER INTL DEV.
HK2388011192;661725;AKTIE;Ja;BK OF CHINA (HONGKONG)
HK3377040226;A0M1D7;AKTIE;Ja;SINO-OCEAN GROUP HLDG LTD
HK3808041546;A0M734;AKTIE;Ja;SINOTRUK HONG KONG
HU0000061726;896068;AKTIE;Ja;OTP BANK NYRT.
HU0000073457;A0B7AP;AKTIE;Ja;RABA JARMU.HLDG A UF 1000
HU0000073507;A0B8TQ;AKTIE;Ja;MAGYAR TELEK.T.NA A UF100
HU0000123096;A1W16N;AKTIE;Ja;RICHT.GEDE.VEG.GYAR UF100
HU0000153937;A2DW9C;AKTIE;Ja;MOL NYRT. NA A UF 125
ID1000053705;893028;AKTIE;Ja;MEDCO ENERGI INTL RP 25
ID1000057003;891724;AKTIE;Ja;INDOFOOD RP 100
ID1000058407;888037;AKTIE;Ja;UTD TRACTORS RP 250
ID1000060007;889877;AKTIE;Ja;MAYORA INDAH RP 20
ID1000061302;888939;AKTIE;Ja;INDOC.TUNG.P. RP 500
ID1000062201;889570;AKTIE;Ja;PT INDAH KIAT RP 1000
ID1000066004;911507;AKTIE;Ja;ASTRA AGRO LESTARI RP 500
ID1000068604;887246;AKTIE;Ja;PT GUDANG GAR. RP 500
ID1000068703;895404;AKTIE;Ja;PT BUMI RES. RP 500
ID1000072309;887013;AKTIE;Ja;SOLUSI BANGUN INDO.RP 500
ID1000076706;A0LAUE;AKTIE;Ja;TUNAS BARU LAMPUNG RP 125
ID1000086002;887944;AKTIE;Ja;PT GAJAH TUNG. RP 500
ID1000088909;A0BK2B;AKTIE;Ja;PT SLJ GLOBAL RP 1000
ID1000092703;894090;AKTIE;Ja;PT BK PAN INDONESIA RP100
ID1000094006;A0BLQ5;AKTIE;Ja;BUKIT ASAM TBK RP 100
ID1000094204;120468;AKTIE;Ja;PT BK DANAMON TBK RP50000
ID1000095003;813177;AKTIE;Ja;BK MANDIRI (PERS) RP 125
ID1000095706;358693;AKTIE;Ja;UNILEVER INDONESIA RP 2
ID1000096605;A0BK9S;AKTIE;Ja;BK NEGARA IND. RP 3750
ID1000097405;A0B9VZ;AKTIE;Ja;PT INDOSAT TBK
ID1000098007;A0CA1P;AKTIE;Ja;BANK CIMB NIAGA RP 5000
ID1000099302;A0DKWX;AKTIE;Ja;PT BANK MAYB. A RP 900
ID1000099807;A0D83K;AKTIE;Ja;MITRA ADIPERKASA RP 500
ID1000102205;A0F66H;AKTIE;Ja;HEXINDO ADIPERKASA RP 100
ID1000102502;A0HFV0;AKTIE;Ja;XLSMART TELECOM SE.RP 100
ID1000103203;A0JJWQ;AKTIE;Ja;TEMAS RP 2,5
ID1000104003;A0LA4E;AKTIE;Ja;TOTAL BANGUN PER. RP100
ID1000105604;A0MQAV;AKTIE;Ja;GLOBAL MEDIACOM RP 100
ID1000105703;A0M7Q8;AKTIE;Ja;BISI INTL TBK, PT RP 100
ID1000106206;A0MU4M;AKTIE;Ja;PT MEDIA NUSANTARA CITRA
ID1000106602;A0MW2K;AKTIE;Ja;PT ANEKA TAMBANG RP 100
ID1000106701;A0MXR0;AKTIE;Ja;AKR CORPORINDO TBK RP 20
ID1000106800;A0MYD2;AKTIE;Ja;SEMEN INDON.(PERS.)RP 100
ID1000107600;A0M6S1;AKTIE;Ja;PT WIJAYA KARYA (P.)RP100
ID1000108103;A0M7KN;AKTIE;Ja;JASA MARGA (PERSERO)RP500
ID1000108400;A0X9TD;AKTIE;Ja;ALAM SUTERA REALTY RP 100
ID1000108509;A0M9BF;AKTIE;Ja;INDO TAMBANGR.MEGA.RP 500
ID1000108905;A0M953;AKTIE;Ja;LIPPO KARAWACI TBK RP 100
ID1000109309;A0NA9H;AKTIE;Ja;VALE INDONESIA TBK RP 25
ID1000109507;A0NBWE;AKTIE;Ja;BANK CENTRAL ASIA RP 12,5
ID1000110901;A0Q3ZA;AKTIE;Ja;INDIKA ENERGY TBK RP 100
ID1000111305;A0Q51G;AKTIE;Ja;ALAMTRI RES.INDON. RP 100
ID1000111602;A0Q7FY;AKTIE;Ja;PT PERUSAHA.GAS NEG.RP100
ID1000111701;A0Q7TW;AKTIE;Ja;PT BAYAN RESOUR.TBKRP 10
ID1000111800;A0Q7SR;AKTIE;Ja;PT TIMAH TBK RP 50
ID1000113202;A0YDD3;AKTIE;Ja;EAGLE HIGH PLANTAT.RP 100
ID1000113707;A0YGYC;AKTIE;Ja;PT BK TABUNG.NEG.P RP500
ID1000115207;A1CUVY;AKTIE;Ja;MULTIPOLAR RP 2000
ID1000115306;A1CZ7G;AKTIE;Ja;CIPUTRA DEV. RP 250
ID1000116601;A1C6JM;AKTIE;Ja;HARUM ENERGY TBK RP 20
ID1000116700;A1C6JN;AKTIE;Ja;INDOF.CBP SUK.MAKM.RP 50
ID1000116908;A1C7YZ;AKTIE;Ja;TOWER BERSAMA INFRASTRUC.
ID1000117005;A1C8XG;AKTIE;Ja;KRAKATAU STEEL PER.RP 500
ID1000117609;A1C4XA;AKTIE;Ja;BUMI RESOURC.MINER.RP 625
ID1000117708;A0YGX8;AKTIE;Ja;CHAROEN POKPHAND RP 10
ID1000118201;A1H5MK;AKTIE;Ja;PT BANK RAKYAT IND. RP 50
ID1000118300;A1H7PH;AKTIE;Ja;GARUDA INDONESIA(P.)RP500
ID1000118409;A1JFJ6;AKTIE;Ja;PT.PP LDN SUMAT.ID RP 100
ID1000122500;A1JVXS;AKTIE;Ja;PAKUWON JATI RP 25
ID1000122807;A1JZAG;AKTIE;Ja;PT ASTRA INTL TBK RP 50
ID1000123003;A1JYWL;AKTIE;Ja;INDOMOBIL SUK.INTL RP 250
ID1000125107;A1J5U9;AKTIE;Ja;KALBE FARMA RP 10
ID1000127707;A113QZ;AKTIE;Ja;SARATOGA INVES.SED.RP 100
ID1000129000;A1W4LG;AKTIE;Ja;TELKOM INDONESIA B RP 50
ID1000144108;A2JQ4S;AKTIE;Ja;PT MAP AKTIF ADIPER.RP 10
ID1000162001;A3CWEH;AKTIE;Ja;BUKALAPAK COM TBK,PT RP50
IE000004V778;ETF145;ETF;Ja;Amundi MSCI World SRI Climate Paris Aligned UCITS ETF Dist
IE00000EF730;A40C73;ETF;Ja;iShares Europe Equity Enhanced Active UCITS ETF - EUR ACC ETF
IE00004S2680;A40U42;ETF;Ja;Vanguard EUR Eurozone Government 1-3 Year Bond UCITS ETF - (EUR) Acc
IE0000669501;883867;AKTIE;Ja;GLANBIA PLC EO 0,06
IE0000805634;986575;FONDS;Nein;Barings Global Umbrella Fund - Barings Eastern Europe Fund - Class A USD Inc
IE0000828933;973166;FONDS;Nein;Barings Emerging Markets Umbrella Fund - Barings Latin America Fund - A USD Inc
IE0000829121;972868;FONDS;Nein;Barings International Umbrella Fund - Barings Europa Fund - Class A USD Inc
IE0000829238;972840;FONDS;Nein;Barings International Umbrella Fund - Barings Hong Kong China Fund - Class A USD Inc
IE0000829451;973149;FONDS;Nein;Barings International Umbrella Fund - Barings Australia Fund - Class A USD Inc
IE0000829568;971896;FONDS;Nein;Barings International Umbrella Fund - Barings Global Bond Fund - Class A USD Inc
IE0000830129;972792;FONDS;Nein;Barings International Umbrella Fund - Barings Asia Growth Fund - Class A USD Inc
IE0000830236;972867;FONDS;Nein;Barings International Umbrella Fund - Barings ASEAN Frontiers Fund - Class A USD Inc
IE0000835953;972841;FONDS;Nein;Barings Global Umbrella Fund - Barings Developed and Emerging Markets High Yield Bond Fund - Class A USD Inc
IE0000838304;972838;FONDS;Nein;Barings Emerging Markets Umbrella Fund - Barings Global Emerging Markets Fund - Class A USD Inc
IE0000902GT6;A3EYCN;ETF;Ja;WisdomTree Megatrends UCITS ETF - USD ACC ETF
IE0000931182;974060;FONDS;Nein;Barings Global Umbrella Fund - Barings Global Resources Fund - Class A USD Inc
IE0000BH4WF5;A3DLEH;ETF;Ja;iShares EUR Corporate Bond ex-Financials UCITS ETF EUR (Acc)
IE0000FCGYF9;A3DEGV;ETF;Nein;Invesco S&P China A MidCap 500 Swap UCITS ETF - USD ACC ETF
IE0000H445G8;A3CR8S;ETF;Ja;VanEck New China ESG UCITS ETF
IE0000MMQ5M5;DBX0RX;ETF;Ja;Xtrackers MSCI USA ESG UCITS ETF - 2C EUR DIS H
IE0000MR4GH9;A40MDA;ETF;Ja;iShares iBonds Dec 2032 Term € Corp UCITS ETF
IE0000P0RPE6;A40122;ETF;Ja;iShares World Equity High Income UCITS ETF - USD ACC ETF
IE0000QBK8U7;A3C47Q;AKTIE;Ja;TRINSEO PLC DL -,01
IE0000QLH0G6;A3D7QY;ETF;Nein;Invesco FTSE All-World UCITS ETF - USD DIS ETF
IE0000UJ3480;A3D8E5;ETF;Ja;iShares iBonds Dec 2028 Term $ Corp UCITS ETF USD (Acc)
IE0000VITHT2;A3D8E4;ETF;Ja;iShares iBonds Dec 2028 Term $ Corp UCITS ETF USD (Dist)
IE0000X2DXK3;A3EHAQ;ETF;Ja;iShares iBonds Dec 2025 Term $ Corp UCITS ETF USD (Acc)
IE0000XTDDA8;A40E7C;ETF;Ja;Global X Artificial Intelligence UCITS ETF Reg.Shs EUR Acc. oN
IE0000ZVYDH0;A3DH0C;ETF;Ja;Amundi MSCI ACWI SRI Climate Paris Aligned UCITS ETF DR - USD (A)
IE0001148372;986041;FONDS;Nein;Principal Global Investors Funds - European Equity Fund A Class Accumulation Units
IE0001256803;588443;FONDS;Nein;Janus Henderson Capital Funds Plc - Janus Henderson US Small-Mid Cap Value Fund - A2 USD
IE0001257090;588442;FONDS;Nein;Janus Henderson Capital Funds Plc - Janus Henderson US Small-Mid Cap Value Fund - A2 HEUR
IE00013A2XD6;A3DKFM;ETF;Ja;iShares MSCI ACWI SRI UCITS ETF USD (Dist)
IE00016PSX47;ETF049;ETF;Ja;Amundi MSCI World ESG Selection UCITS ETF ACC
IE0001827041;864684;AKTIE;Ja;CRH PLC EO-,32
IE0001DKJVC2;ETF216;ETF;Ja;Amundi MSCI World Minimum Volatility Advanced UCITS ETF ACC
IE0001FQFU60;ETF214;ETF;Ja;Amundi MSCI World Momentum Advanced UCITS ETF ACC
IE0001GSQ2O9;ETF142;ETF;Ja;Amundi MSCI World ESG Broad Transition UCITS ETF Acc
IE0001J5A2T9;A3DVNE;ETF;Ja;VanEck Circular Economy UCITS ETF
IE0001JH5CB4;DBX0SQ;ETF;Ja;Xtrackers Europe Net Zero Pathway Paris Aligned UCITS ETF
IE0001QF56M0;A3EWGU;ETF;Nein;KraneShares ICBCCS S&P China 500 UCITS ETF - USD ACC
IE0001UQQ933;WELT0A;ETF;Ja;L&G Gerd Kommer Multifactor Equity UCITS ETF - USD ACC
IE0001VXZTV7;A3DJRD;ETF;Ja;VANGUARD ESG Emerging Markets All Cap UCITS ETF - (USD) Distributing
IE0002122038;935591;FONDS;Nein;Janus Henderson Capital Funds Plc - Janus Henderson Global Life Sciences Fund - A2 HEUR
IE0002270589;921393;FONDS;Nein;Legg Mason Global Funds Plc - Legg Mason ClearBridge Value Fund - Class A US$ Distributing (A)
IE00022GJEG1;A3EGUZ;ETF;Nein;L&G Multi-Strategy Enhanced Commodities UCITS ETF - EUR ACC H ETF
IE00023EZQ82;A3C5LR;ETF;Ja;iShares Digital Entertainment and Education UCITS ETF - USD ACC ETF
IE0002424939;903840;AKTIE;Ja;DCC PLC EO-,25
IE000264WWY0;A3D8E7;ETF;Ja;iShares iBonds Dec 2028 Term € Corp UCITS ETF EUR (Dist)
IE00026BEVM6;A3DSTF;ETF;Ja;Amundi S&P World Industrials Screened UCITS ETF Dist
IE00028FXN24;A40C7D;AKTIE;Ja;SMURFIT WESTROCK DL-,01
IE00028H9QJ8;DBX0KF;ETF;Ja;Xtrackers USD Corporate Green Bond UCITS ETF 1C - EUR Hedged
IE0002EI5AG0;DBX0P9;ETF;Ja;Xtrackers S&P 500 Equal Weight UCITS ETF - 2C EUR ACC H
IE0002L5QB31;A3DC8Q;ETF;Ja;Global X S&P 500 Covered Call UCITS ETF
IE0002PA3YE5;A3CQ9Y;ETF;Ja;iShares MSCI USA Momentum Factor ESG UCITS ETF USD (Acc)
IE0002PG6CA6;A3CRL9;ETF;Ja;VanEck Rare Earth and Strategic Metals UCITS ETF
IE0002RPS3K2;A3E40P;ETF;Ja;GLOBAL X Hydrogen UCITS ETF
IE0002SCQ8X0;A40JUY;ETF;Ja;iShares MSCI Japan ESG Enhanced CTB UCITS ETF
IE0002W8NB38;A3DRMM;ETF;Ja;iShares MSCI USA Swap UCITS ETF - USD ACC ETF
IE0002Y8CX98;A40Y9K;ETF;Ja;WisdomTree Europe Defence UCITS ETF - EUR Acc
IE0002ZM3JI1;DBX0SR;ETF;Ja;Xtrackers USA Net Zero Pathway Paris Aligned UCITS ETF
IE0003012535;972087;FONDS;Nein;GAM Star Fund p.l.c. - GAM Star Japan Leaders Ordinary Acc
IE0003013947;972086;FONDS;Nein;GAM Star Fund p.l.c. - GAM Star Japan Leaders Ordinary Income
IE00036F4K40;DBX0SM;ETF;Ja;Xtrackers MSCI Global SDG 3 Good Health UCITS ETF
IE0003782467;693811;FONDS;Nein;BNY Mellon Global Funds, plc - BNY Mellon Asian Equity Fund Euro A
IE0003795394;798089;FONDS;Nein;BNY Mellon Global Funds, plc - BNY Mellon Asian Equity Fund USD A
IE0003864109;881630;AKTIE;Ja;GREENCORE GRP PLC LS 0,01
IE0003867441;693827;FONDS;Nein;BNY Mellon Global Funds, plc - BNY Mellon Small Cap Euroland Fund Euro A
IE0003921727;693851;FONDS;Nein;BNY Mellon Global Funds, plc - BNY Mellon Global Bond Fund Euro A
IE0003924739;798118;FONDS;Nein;BNY Mellon Global Funds, plc - BNY Mellon Global Bond Fund USD A
IE0003BJ2JS4;A40Y9J;ETF;Ja;WisdomTree Uranium and Nuclear Energy UCITS ETF - USD ACC ETF
IE0003HUCA83;A40U3X;ETF;Ja;Vanguard Global Government Bond UCITS ETF - EUR Hedged Dis
IE0003IT72N9;A3DHNQ;ETF;Nein;AXA IM ACT Biodiversity Equity UCITS ETF (H) Accumulation EUR
IE0003LFZ4U7;A3CWBW;AKTIE;Ja;DOLE PLC DL-,01
IE0003NQ0IY5;DBX0TV;ETF;Ja;Xtrackers MSCI World Quality ESG UCITS ETF
IE0003UVYC20;A3EHRE;ETF;Ja;JPM Global Equity Premium Income UCITS ETF - USD DIS ETF
IE0003W9O921;DBX0N6;ETF;Ja;Xtrackers USD Corporate Green Bond UCITS ETF 2C
IE0003XI1PW0;A40YEJ;ETF;Ja;WisdomTree Strategic Metals UCITS ETF - GBP Hedged Acc
IE0003XJA0J9;ETF151;ETF;Ja;Amundi Prime All Country World UCITS ETF - USD ACC ETF
IE0003Z9E2Y3;A3C7FZ;ETF;Ja;GLOBAL X Copper Miners UCITS ETF
IE0003ZXNJY5;A3C5HP;ETF;Ja;iShares Global Timber & Forestry UCITS ETF - USD ACC ETF
IE0004084889;693868;FONDS;Nein;BNY Mellon Global Funds, plc - BNY Mellon Global Opportunities Fund Euro A
IE0004318048;691294;FONDS;Nein;AXA Rosenberg Equity Alpha Trust - AXA Rosenberg Global Equity Alpha Fund B (US$)
IE0004334029;691335;FONDS;Nein;AXA Rosenberg Equity Alpha Trust - AXA Rosenberg All Country Asia Pacific Ex-Japan Small Cap Alpha Fund B (US$)
IE0004345025;691296;FONDS;Nein;AXA Rosenberg Equity Alpha Trust - AXA Rosenberg US Equity Alpha Fund B (US$)
IE0004352823;691315;FONDS;Nein;AXA Rosenberg Equity Alpha Trust - AXA Rosenberg Eurobloc Equity Alpha Fund B (€)
IE0004354209;691319;FONDS;Nein;AXA Rosenberg Equity Alpha Trust - AXA Rosenberg Japan Equity Alpha Fund B (¥)
IE0004354423;691347;FONDS;Nein;AXA Rosenberg Equity Alpha Trust - AXA Rosenberg Japan Small Cap Alpha Fund B (¥)
IE0004445239;921652;FONDS;Nein;Janus Henderson Capital Funds Plc - Janus Henderson US Forty Fund - A2 USD
IE0004766014;631027;FONDS;Nein;Comgest Growth PLC - COMGEST GROWTH EUROPE SMALLER COMPANIES EUR Acc Class
IE0004766675;631025;FONDS;Ja;Comgest Growth PLC - COMGEST GROWTH EUROPE EUR Acc Class
IE0004767087;631026;FONDS;Nein;Comgest Growth PLC - COMGEST GROWTH JAPAN JPY Acc Class
IE0004791160;631024;FONDS;Nein;Comgest Growth PLC - COMGEST GROWTH AMERICA USD Acc Class
IE0004850503;933592;FONDS;Nein;Barings Emerging Markets Umbrella Fund - Barings Global Emerging Markets Fund - Class A EUR Inc
IE0004851022;933593;FONDS;Nein;Barings Emerging Markets Umbrella Fund - Barings Latin America Fund - Class A EUR Inc
IE0004851352;933588;FONDS;Nein;Barings Global Umbrella Fund - Barings Global Resources Fund - Class A EUR Inc
IE0004851808;933586;FONDS;Nein;Barings Global Umbrella Fund - Barings Developed and Emerging Markets High Yield Bond Fund - Class A EUR Inc
IE0004852103;933558;FONDS;Nein;Barings Global Umbrella Fund - Barings Eastern Europe Fund - Class A EUR Inc
IE0004866665;933582;FONDS;Nein;Barings International Umbrella Fund - Barings Australia Fund - Class A EUR Inc
IE0004866772;921717;FONDS;Nein;Barings International Umbrella Fund - Barings Europa Fund - Class A EUR Inc
IE0004866889;933583;FONDS;Nein;Barings International Umbrella Fund - Barings Hong Kong China Fund - Class A EUR Inc
IE0004868604;933585;FONDS;Nein;Barings International Umbrella Fund - Barings Asia Growth Fund - Class A EUR Inc
IE0004868828;926373;FONDS;Nein;Barings International Umbrella Fund - Barings ASEAN Frontiers Fund - Class A EUR Inc
IE0004906560;886291;AKTIE;Ja;KERRY GRP PLC A EO-,125
IE0004927939;905605;AKTIE;Ja;KINGSPAN GRP PLC EO-,13
IE0004CIQ1O4;ETF159;ETF;Ja;Amundi MSCI World ESG Selection UCITS ETF HEDGED EUR ACC
IE0004KLW911;DBX0R0;ETF;Ja;Xtrackers ESG USD Emerging Markets Bond Quality Weighted UCITS ETF
IE0004L9EID2;A3EQAY;ETF;Ja;iShares India INR Govt Bond UCITS ETF - USD DIS ETF
IE0004MFRED4;DBX0S3;ETF;Ja;Xtrackers S&P 500 Equal Weight ESG UCITS ETF - 1C USD ACC ETF
IE0004TFW0R5;ETF174;ETF;Ja;Amundi MSCI USA ESG Selection Extra UCITS ETF ACC EUR HEDGED
IE0004U3TX15;A3DLEK;ETF;Nein;L&G Metaverse ESG Exclusions UCITS ETF - USD ACC ETF
IE0004W4ZVJ5;ETF157;ETF;Ja;AMUNDI JP MORGAN INR INDIA GOVERNMENT BOND UCITS ETF - USD ACC ETF
IE0004ZJGWT9;DBX0V7;ETF;Ja;Xtrackers MSCI Europe ESG UCITS ETF - 1D EUR DIS ETF
IE0005042456;552752;ETF;Ja;iShares Core FTSE 100 UCITS ETF GBP (Dist)
IE0005060367;986152;FONDS;Nein;Lazard Global Active Funds plc - Lazard European Equity Fund - B Dist EUR
IE00050EGWG5;DBX0WB;ETF;Ja;Xtrackers DJE US Equity Research UCITS ETF 1C
IE0005264431;632586;FONDS;Nein;Jupiter Asset Management Series plc - Jupiter Pacific Equity Fund L (USD) Accumulation
IE0005272640;632589;FONDS;Nein;Jupiter Asset Management Series plc - Jupiter China Equity Fund L (USD) Accumulation
IE00052T92P8;A3DSTM;ETF;Ja;Amundi S&P World Utilities Screened UCITS ETF Dist
IE0005616481;A0BLVC;FONDS;Nein;GAM Star Fund p.l.c. - GAM Star European Equity Ordinary Acc
IE0005711209;932242;AKTIE;Ja;ICON PLC EO-,06
IE0005B8WVT6;A3DP9K;ETF;Ja;VanEck Sustainable Future of Food UCITS ETF
IE0005E47AH7;DBX0S9;ETF;Ja;Xtrackers MSCI Global SDG 9 Industry, Innovation & Infrastructure UCITS ETF
IE0005E8B9S4;ETF201;ETF;Ja;AMUNDI RUSSELL 1000 GROWTH UCITS ETF - USD ACC ETF
IE0005NYD352;A3DSS7;ETF;Ja;Amundi S&P World Consumer Staples Screened UCITS ETF Dist
IE0005TF96I9;A3DT2R;ETF;Ja;VanEck Bionic Engineering UCITS ETF
IE0005YK6564;A3DJZY;ETF;Ja;Sprott Uranium Miners UCITS ETF
IE000611IJM3;A40V3V;ETF;Ja;WisdomTree Strategic Metals UCITS ETF - EUR ACC H
IE00061J0RC6;A3DSS5;ETF;Ja;Amundi S&P World Consumer Discretionary Screened UCITS ETF Dist
IE00063FT9K6;A3ECC3;ETF;Ja;iShares Copper Miners UCITS ETF USD (Acc)
IE00063GNWK1;A40EWX;ETF;Nein;UBS(Irl)ETF-M.US.ESG L.U.ETF Reg.Shs A USD Acc. oN ETF
IE0006FDYJF8;DBX0TJ;ETF;Ja;MSCI Japan Climate Transition UCITS ETF 1D
IE0006FFX5U1;DBX0R4;ETF;Ja;Xtrackers MSCI Innovation UCITS ETF - 1C USD ACC ETF
IE0006FM6MI8;A3DSTC;ETF;Ja;Amundi S&P World Health Care Screened UCITS ETF Acc
IE0006GNB732;DBX0SG;ETF;Ja;Xtrackers ESG EUR High Yield Corporate Bond UCITS ETF
IE0006PTRUI8;A406Q4;ETF;Ja;iShares MSCI EMU Climate Transition Aware UCITS ETF - EUR ACC ETF
IE0006UGU3X3;A3EK6E;ETF;Ja;iShares iBonds Dec 2027 Term $ Treasury UCITS ETF - USD DIS ETF
IE0006WW1TQ4;DBX0VH;ETF;Ja;Xtrackers MSCI World ex USA UCITS ETF 1C
IE0006YM7D84;DBX0SF;ETF;Ja;Xtrackers ESG USD High Yield Corporate Bond UCITS ETF
IE000716YHJ7;A3D7QX;ETF;Nein;Invesco FTSE All-World UCITS ETF ACC USD
IE00074JLU02;DBX0SS;ETF;Ja;Xtrackers Japan Net Zero Pathway Paris Aligned UCITS ETF
IE00075IVKF9;A401YJ;ETF;Ja;Sprott Junior Uranium Miners UCITS ETF - USD ACC ETF
IE00076HZIP3;A3EK6F;ETF;Ja;iShares iBonds Dec 2029 Term $ Treasury UCITS ETF - USD DIS ETF
IE00077FRP95;A3DEKS;ETF;Ja;GLOBAL X SuperDividend UCITS ETF
IE00077IIPQ8;A40NP2;ETF;Ja;WisdomTree Global Efficient Core UCITS ETF - USD ACC ETF
IE0007HKA9K1;A3ECMJ;ETF;Ja;L&G Global Brands UCITS ETF - USD ACC ETF
IE0007I99HX7;A3ELCY;ETF;Ja;VanEck Morningstar US Wide Moat UCITS ETF - A USD ACC ETF
IE0007M3MLF3;A3D10A;ETF;Ja;WisdomTree Global Quality Dividend Growth UCITS ETF - EUR Hedged Acc
IE0007UE04X9;A40NNX;ETF;Ja;WisdomTree Strategic Metals UCITS ETF - USD ACC
IE0007ULOZS8;DBX0S1;ETF;Ja;Xtrackers S&P 500 ESG UCITS ETF - 1C USD ACC ETF
IE0007UPSEA3;A3D8E0;ETF;Ja;iShares iBonds Dec 2026 Term $ Corp UCITS ETF USD (Dist)
IE0007WJ6B10;DBX0SN;ETF;Ja;Xtrackers MSCI Global SDG 6 Clean Water & Sanitation UCITS ETF
IE0007WMHDE3;A3EB32;ETF;Ja;European Green Deal UCITS ETF - Acc
IE0007Y8Y157;A418QM;ETF;Ja;VanEck Quantum Computing UCITS ETF - A USD ACC
IE0008365516;691295;FONDS;Nein;AXA Rosenberg Equity Alpha Trust - AXA Rosenberg US Equity Alpha Fund A (US$)
IE0008470928;935926;ETF;Ja;iShares STOXX Europe 50 UCITS ETF EUR (Dist)
IE0008471009;935927;ETF;Ja;iShares Core EURO STOXX 50 UCITS ETF EUR (Dist)
IE00085PWS28;ETF192;ETF;Ja;AMUNDI MSCI WORLD EX USA UCITS ETF - USD ACC ETF
IE0008T6IUX0;A3DJRB;ETF;Ja;VANGUARD ESG Developed Asia Pacific All Cap UCITS ETF - (USD) Distributing
IE0008TKP6O7;ETF139;ETF;Ja;Amundi MSCI USA ESG Selection Extra UCITS ETF DR - USD (D)
IE0008UEVOE0;A3EHAK;ETF;Ja;iShares iBonds Dec 2028 Term EUR Corp UCITS ETF - ACC ETF
IE0008YN0OY8;DBX0TW;ETF;Ja;Xtrackers MSCI World Minimum Volatility ESG UCITS ETF
IE00091SR7N7;A3ETWE;ETF;Ja;iShares Global High Yield Corporate Bond UCITS ETF EUR Hedged (Acc)
IE00093SKUY4;A401SK;ETF;Ja;iShares US Aggregate Bond UCITS ETF EUR Hedged (Dist)
IE000940RNE6;A3DJ99;ETF;Ja;WisdomTree Blockchain UCITS ETF
IE00094FRAA6;A3C5S0;ETF;Ja;Global X China Electric Vehicle and Battery UCITS ETF
IE0009514989;933855;FONDS;Nein;Janus Henderson Capital Funds Plc - Janus Henderson Balanced Fund - A2 HEUR
IE0009531827;933845;FONDS;Nein;Janus Henderson Capital Funds Plc - Janus Henderson US Forty Fund - A2 HEUR
IE000955MAJ1;A3E3UF;AKTIE;Ja;EQTEC EO-,01
IE000979OT00;A2PEPM;ETF;Nein;ETF WILLOW-AI-Enh.EOZ Eq.ETF Reg.Shs EUR Dis. oN
IE0009BI8Z04;ETF246;ETF;Ja;Amundi MSCI World Ex USA UCITS ETF Dist
IE0009BM62P2;A3ECGJ;ETF;Ja;Global X S&P 500 Annual Buffer UCITS ETF USD Accumulating
IE0009DRDY20;ETF210;ETF;Ja;Amundi ETF ICAV - AMUNDI PRIME GLOBAL - USD ACC ETF
IE0009HF1MK9;ETF150;ETF;Ja;Amundi Prime All Country World UCITS ETF - USD DIS
IE0009JOT9U1;A3GX4G;ETC;Ja;iShares Physical Gold EUR Hedged ETC
IE0009QS7W62;A3C5HM;ETF;Ja;iShares MSCI World Health Care Sector ESG UCITS ETF - USD ACC ETF
IE0009SJ3GE3;A3DSS9;ETF;Ja;Amundi S&P World Energy Screened UCITS ETF Dist
IE0009VWHAE6;A40C72;ETF;Ja;iShares US Equity Enhanced Active UCITS ETF - USD ACC ETF
IE0009W21NT4;A40EWT;ETF;Nein;UBS(Irl)ETF-M.US.W.ESG L.U.ETF Reg.Shs A(HGD EO) EUR Acc. oN ETF
IE0009Y1MQJ2;A40M90;ETF;Ja;iShares World Equity Factor Rotation Active UCITS ETF
IE000AK4O3W6;A3DLEG;ETF;Ja;iShares EUR Corporate Bond 0-3yr ESG UCITS ETF EUR (Acc)
IE000ANOU8J3;A40PJU;ETF;Ja;iShares India INR Govt Bond UCITS ETF
IE000ANYHV73;A3DSS3;ETF;Ja;Amundi S&P World Communication Services Screened UCITS ETF Dist
IE000APK27S2;A3CWP2;ETF;Ja;iShares Global Aggregate Bond ESG UCITS ETF EUR Hedged (Acc)
IE000AWT6D61;A3EWHP;ETF;Ja;iShares USD Short Duration Corporate Bond UCITS ETF EUR Hedged (Acc)
IE000AXIKJM8;A3EXMZ;ETF;Nein;AXA IM MSCI USA Equity PAB UCITS ETF Accumulation USD
IE000AZOUN82;A401XH;ETF;Nein;Franklin MSCI World Catholic Principles UCITS ETF - USD ACC ETF
IE000AZV0AS3;ETF212;ETF;Ja;Amundi MSCI World IMI Value Advanced UCITS ETF ACC
IE000B9PQW54;A3DSGJ;ETF;Ja;VanEck Genomics and Healthcare Innovators UCITS ETF
IE000BI0GCN3;A3DUXZ;ETF;Ja;iShares Core UK Gilts UCITS ETF EUR Hedged (Dist)
IE000BI8OT95;ETF146;ETF;Ja;Amundi MSCI World UCITS ETF DR - USD (C)
IE000BLN64M9;A3ECML;ETF;Nein;L&G Energy Transition Commodities UCITS ETF - USD ACC ETF
IE000BO2Y0T8;DBX0WK;ETF;Ja;Xtrackers MSCI Nordic UCITS ETF 1C
IE000BUIVY49;A40XDD;ETF;Ja;iShares € Corp Bond Enhanced Active UCITS ETF
IE000BWITBP9;A3D8E1;ETF;Ja;iShares iBonds Dec 2026 Term $ Corp UCITS ETF USD (Acc)
IE000BWKUES1;A3CYXG;ETF;Ja;GLOBAL X Clean Water UCITS ETF
IE000BZXJJ24;A3EK6C;ETF;Ja;iShares iBonds Dec 2030 Term $ Corp UCITS ETF - USD DIS ETF
IE000C5YJ791;A40KLK;ETF;Ja;iShares MSCI USA Leaders UCITS ETF
IE000CBYU7J5;A3DNYX;ETF;Nein;L&G Emerging Markets ESG Exclusions Paris Aligned UCITS ETF - USD ACC ETF
IE000CFH1JX2;A3EZ9W;ETF;Ja;iShares Global Water UCITS ETF - USD ACC ETF
IE000CK5G8J7;A3D6N1;ETF;Ja;iShares Global Infrastructure UCITS ETF USD (Acc)
IE000CL68Z69;ETF141;ETF;Ja;Amundi MSCI World Climate Paris Aligned UCITS ETF - Acc
IE000CM02H85;A3C9A1;ETF;Nein;Franklin Templeton ICAV Franklin FTSE Taiwan UCITS ETF - USD ACC ETF
IE000CNSFAR2;A3DH0A;ETF;Ja;Amundi MSCI World UCITS ETF DR - USD (D)
IE000COQKPO9;A3CZGT;ETF;Nein;Invesco NASDAQ-100 ESG UCITS ETF Acc
IE000CR3ZDF9;A3ECDC;ETF;Ja;iShares EUR Aggregate Bond ESG UCITS ETF EUR (Acc)
IE000CR424L6;A3CUTP;ETF;Ja;iShares MSCI Europe SRI UCITS ETF EUR Hedged (Dist)
IE000CR7DJI8;A3DMKV;ETF;Ja;iShares S&P 500 ESG UCITS ETF EUR Hedged (Acc)
IE000CWS09Q9;A40E7P;ETF;Nein;L&G Corporate Bond ex-Banks Higher Ratings 0-2Y UCITS ETF - USD ETF
IE000CXLGK86;DBX0TP;ETF;Ja;Xtrackers S&P 500 Equal Weight UCITS ETF - 2D USD DIS
IE000CXVOXQ1;A3D10B;ETF;Ja;WisdomTree US Quality Dividend Growth UCITS ETF - EUR Hedged Acc
IE000D5R9C23;A40C75;ETF;Ja;iShares Asia ex Japan Equity Enhanced Active UCITS ETF - USD ACC ETF
IE000D8FCSD8;A3DA9X;ETF;Ja;iShares Listed Private Equity UCITS ETF USD (Acc)
IE000D8XC064;A40C71;ETF;Ja;iShares World Equity Enhanced Active UCITS ETF - USD ACC ETF
IE000D9WMGF0;A40MD4;ETF;Ja;iShares iBonds Dec 2031 Term € Corp UCITS ETF
IE000DNSAS54;DBX0TK;ETF;Ja;Xtrackers MSCI Emerging Markets Climate Transition UCITS ETF
IE000DU292E6;A3DA9W;AKTIE;Ja;ADS TEC ENERG. DL-,0001
IE000E0NL9T3;A40MDF;ETF;Ja;iShares iBonds Dec 2033 Term € Corp UCITS ETF
IE000E0V65D8;DBX0UK;ETF;Ja;Xtrackers World Biodiversity Focus SRI UCITS ETF
IE000E4BATC9;DBX0WC;ETF;Ja;Xtrackers MSCI World ESG UCITS ETF
IE000E66LX20;A3DHNM;ETF;Nein;AXA IM ACT Climate Equity UCITS ETF (H) Accumulation EUR
IE000E7EI9P0;A3DSTG;ETF;Ja;Amundi S&P World Information Technology Screened UCITS ETF Acc
IE000E9W0ID3;A3E3WT;ETF;Ja;iShares MSCI Global Telecommunication Services UCITS ETF - USD ACC ETF
IE000E9XXE77;A406Q5;ETF;Ja;iShares MSCI EMU Climate Transition Aware UCITS ETF
IE000EBFYWX3;A3E40S;ETF;Ja;GLOBAL X AgTech & Food Innovation UCITS ETF
IE000EEJLWG1;A401SL;ETF;Ja;iShares US Mortgage Backed Securities UCITS ETF EUR Hedged (Dist)
IE000EFHIFG3;A3DSS2;ETF;Ja;Amundi S&P World Communication Services Screened UCITS ETF Acc
IE000EJ2EHO7;A40EWS;ETF;Nein;UBS(Irl)ETF-FMWMV ESG L.U.ETF Reg.Shs A USD Acc. oN ETF
IE000EKJRSZ3;A3DJRK;ETF;Ja;VANGUARD ESG USD Corporate Bond UCITS ETF - EUR Hedged Accumulating
IE000ENYES77;A3DSTB;ETF;Ja;Amundi S&P World Financials Screened UCITS ETF Dist
IE000EPX8KB7;A3D4V8;ETF;Ja;Global X S&P 500® Tail Hedge UCITS ETF
IE000F37PGZ3;A3DJRJ;ETF;Ja;VANGUARD ESG EUR Corporate Bond UCITS ETF - (EUR) Distributing
IE000F472DU7;A3CRXS;ETF;Nein;L&G ESG China CNY Bond UCITS ETF - EUR Distributing ETF
IE000F6G1DE0;A3DJQH;ETF;Ja;iShares EUR Corporate Bond 1-5yr UCITS ETF EUR (Acc)
IE000F9IDGB5;A3E1JT;ETF;Ja;iShares MSCI World Swap UCITS ETF USD (Acc)
IE000FCGBU62;A3DSTJ;ETF;Ja;Amundi S&P World Materials Screened UCITS ETF Acc
IE000FF2EBQ8;A2ACQY;ETF;Nein;BNP Paribas EASY ECPI Global ESG Infrastructure UCITS ETF
IE000FI414K7;A3DLEF;ETF;Ja;iShares UK Property UCITS ETF EUR Hedged (Acc)
IE000FOSCLU1;A3CRWB;ETF;Ja;iShares MSCI EMU Paris-Aligned Climate UCITS ETF EUR (Dist)
IE000FP52WM7;A3DJQP;ETF;Ja;Global X Disruptive Materials UCITS ETF
IE000FPWSL69;WELT0B;ETF;Ja;L&G Gerd Kommer Multifactor Equity UCITS ETF - USD DIS
IE000FSN19U2;ETF154;ETF;Ja;Amundi MSCI USA UCITS ETF - USD ACC ETF
IE000G0E83X3;A40JYF;ETF;Ja;iShares AI Innovation Active UCITS ETF
IE000GDU4WA8;A40B6U;ETF;Ja;Jupiter Global Government Bond Active UCITS ETF - Acc
IE000GEHNQU9;A3DSTH;ETF;Ja;Amundi S&P World Information Technology Screened UCITS ETF Dist
IE000GHXL2Q3;A40DL5;ETF;Ja;iShares EUR Govt Bond 20yr Target Duration UCITS ETF - ACC ETF
IE000GID8VI0;A3CUAZ;AKTIE;Ja;GH RESEARCH PLC DL-,025
IE000GLIXPP3;A4028A;ETF;Nein;AXA IM MSCI Emerging Markets Equity PAB UCITS ETF Accumulation USD
IE000GOJO2A3;A3DJRA;ETF;Ja;VANGUARD ESG Developed Asia Pacific All Cap UCITS ETF - (USD) Accumulating
IE000GSIFIB0;A3EQR7;ETF;Ja;Global X 1-3 Month T-Bill UCITS ETF USD Accumulating
IE000GUOATN7;A3EGGL;ETF;Ja;iShares iBonds Dec 2025 Term € Corp UCITS ETF EUR (Acc)
IE000GWA2J58;DBX0RB;ETF;Ja;Xtrackers MSCI Emerging Markets UCITS ETF
IE000GYDNJS5;DBX0TE;ETF;Ja;MSCI USA Climate Transition UCITS ETF 1D
IE000H1H16W5;A3CUJR;ETF;Ja;iShares MSCI World Value Factor ESG UCITS ETF USD (Acc)
IE000H22E3N8;A3D8N0;ETF;Ja;iShares Core GBP Corporate Bond UCITS ETF EUR Hedged (Acc)
IE000H3AH951;A40EWU;ETF;Nein;UBS(Irl)ETF-FEN Dev.Gr.U.ETF Reg.Shs A USD Dis. oN ETF
IE000H5X52W8;A3EFXB;ETF;Ja;iShares iBonds Dec 2027 Term EUR Corporate UCITS ETF EUR (Dist)
IE000H92C4B8;A3EVC6;ETF;Ja;iShares EUR High Yield Corporate Bond ESG Paris-Aligned Climate UCITS ETF EUR (Dist)
IE000HARFTG3;A40U43;ETF;Ja;Vanguard EUR Eurozone Government 1-3 Year Bond UCITS ETF - (EUR) Dis
IE000HARJEE2;A40KHW;ETF;Ja;iShares Core FTSE 100 UCITS ETF
IE000HGH8PV2;A3ECGK;ETF;Ja;Global X S&P 500 Annual Tail Hedge UCITS ETF USD Accumulating
IE000HH3SU50;A3CRWC;ETF;Ja;iShares MSCI Europe Paris-Aligned Climate UCITS ETF EUR (Dist)
IE000HT7E0B1;DBX0TL;ETF;Ja;Xtrackers Nordic Net Zero Pathway Paris Aligned UCITS ETF
IE000I1D7D10;A3EHAL;ETF;Ja;iShares iBonds Dec 2027 Term $ Corp UCITS ETF USD (Acc)
IE000I2WYEU9;A40MD5;ETF;Ja;iShares iBonds Dec 2031 Term € Corp UCITS ETF
IE000I660ZF8;A40MD9;ETF;Ja;iShares iBonds Dec 2032 Term € Corp UCITS ETF
IE000I7E6HL0;A414ST;ETF;Ja;HANETF Future of European Defence UCITS ETF
IE000I8KRLL9;A3CVRA;ETF;Ja;iShares MSCI Global Semiconductors UCITS ETF
IE000IAPH329;A3EXR0;ETF;Nein;AXA IM US High Yield Opportunities UCITS ETF Accumulation USD
IE000IAXNM41;A417HK;ETF;Ja;iShares Europe Defence UCITS ETF
IE000IDLWOL4;DBX0T1;ETF;Ja;Xtrackers S&P 500 Equal Weight ESG UCITS ETF - 2C EUR ACC H
IE000IEGVMH6;ETF153;ETF;Ja;Amundi MSCI USA UCITS ETF - USD DIS ETF
IE000IHURBR0;A3EK6B;ETF;Ja;iShares iBonds Dec 2029 Term EUR Corp UCITS ETF - DIS
IE000IP0UC52;ETF109;ETF;Ja;Amundi MSCI USA ESG Selection UCITS ETF Acc EUR HEDGED
IE000IQQEL77;A3EWMH;ETF;Ja;Sprott Copper Miners ESG Screened UCITS ETF
IE000IVNQZ81;A40R4H;AKTIE;Nein;TE CONNECTIVITY DL-,01
IE000IZO7033;A3DRMQ;ETF;Ja;iShares € Green Bond UCITS ETF
IE000J0LN0R5;A3DSS8;ETF;Ja;Amundi S&P World Energy Screened UCITS ETF Acc
IE000J6CHW80;A3EEYM;ETF;Ja;VanEck US Fallen Angel High Yield Bond UCITS ETF
IE000J80JTL1;A3DGK5;ETF;Nein;First Trust Nasdaq Clean Edge Smart Grid Infrastructure UCITS ETF - A USD ACC ETF
IE000JBB8CR7;A3EG2R;ETF;Nein;AXA IM Euro Credit PAB UCITS ETF Accumulation EUR
IE000JCW3DZ3;A40E7A;ETF;Ja;Global X Defence Tech UCITS ETF Reg.Shs EUR Acc. oN
IE000JJPY166;A40GM1;ETF;Ja;iShares EUR Cash UCITS ETF - ACC ETF
IE000JKS50V3;A3DSTD;ETF;Ja;Amundi S&P World Health Care Screened UCITS ETF Dist
IE000JLXYKJ8;A40V3Y;ETF;Ja;iShares € Govt Bond 0-3 month UCITS ETF - EUR Acc. ETF
IE000JNHCBM6;A3C9MA;ETF;Ja;GLOBAL X Wind Energy UCITS ETF
IE000JQV8511;A3DJRM;ETF;Ja;VANGUARD ESG USD Corporate Bond UCITS ETF - (USD) Accumulating
IE000JTPK610;A3D8NX;ETF;Ja;iShares MSCI ACWI SRI UCITS ETF USD (Acc)
IE000JZYIUN0;DBX0SP;ETF;Ja;Xtrackers MSCI Global SDG 7 Affordable and Clean Energy UCITS ETF
IE000K1P4V37;ETF144;ETF;Ja;Amundi MSCI World SRI Climate Paris Aligned UCITS ETF Acc EUR Hedged
IE000KD0BZ68;DBX0R2;ETF;Ja;Xtrackers MSCI Genomic Healthcare Innovation UCITS ETF - 1C USD ACC ETF
IE000KDY10O3;A3DE9M;ETC;Ja;ETC Group Web 3.0 UCITS ETF
IE000KF370H3;A3EFS0;ETF;Ja;WisdomTree US Efficient Core UCITS ETF - USD Acc
IE000KHX9DX6;A3EKKT;ETF;Ja;WisdomTree Energy Transition Metals and Rare Earths Miners UCITS ETF - USD ACC ETF
IE000KJPDY61;A40121;ETF;Ja;iShares World Equity High Income UCITS ETF USD (Dist)
IE000KPJJWM6;A3DJRC;ETF;Ja;VANGUARD ESG Emerging Markets All Cap UCITS ETF - (USD) Accumulating
IE000KXCEXR3;ETF093;ETF;Ja;Amundi S&P 500 Screened UCITS ETF - Acc
IE000KYX7IP4;A3DSTA;ETF;Ja;Amundi S&P World Financials Screened UCITS ETF Acc
IE000L2IS494;DBX0UT;ETF;Ja;Xtrackers MSCI Global SDGs Social Fairness Contributors UCITS ETF
IE000L2TO2T2;A3DJQK;ETF;Ja;iShares EUR Corporate Bond ESG UCITS ETF EUR (Acc)
IE000L2ZNB07;A3DJRF;ETF;Ja;VANGUARD ESG North America All Cap UCITS ETF - (USD) Distributing
IE000L5NW549;A3CUJS;ETF;Ja;iShares MSCI World Momentum Factor ESG UCITS ETF USD (Acc)
IE000LAP5Z18;A3DH0B;ETF;Ja;AMUNDI S&P 500 EQUAL WEIGHT ESG UCITS ETF Acc
IE000LAUZQT6;DBX0TT;ETF;Ja;Xtrackers MSCI World Value ESG UCITS ETF
IE000LG4J7E7;A3DGND;ETF;Ja;WisdomTree Recycling Decarbonisation UCITS ETF
IE000LJ2O0V5;A40CLD;ETF;Ja;iShares € Govt Bond 0-3 month UCITS ETF - EUR Dis. ETF
IE000LOSV2D0;DBX0UN;ETF;Ja;Xtrackers USA Biodiversity Focus SRI UCITS ETF
IE000LSRKCB4;A3D4V7;ETF;Ja;Global X S&P 500® Quarterly Buffer UCITS ETF
IE000LTA2082;A3DSTE;ETF;Ja;Amundi S&P World Industrials Screened UCITS ETF Acc
IE000LX17BP9;A3EK6D;ETF;Ja;iShares iBonds Dec 2030 Term EUR Corp UCITS ETF - DIS
IE000LXEN6X4;A3D8E8;ETF;Ja;iShares EURO STOXX 50 ESG UCITS ETF EUR (Acc)
IE000LZ7BZW8;A3EK6G;ETF;Ja;iShares iBonds Dec 2026 Term EUR Italy Govt Bond UCITS ETF - DIS ETF
IE000M7V94E1;A3D47K;ETF;Ja;VanEck Uranium and Nuclear Technologies UCITS ETF
IE000M86QRT4;ETF088;ETF;Ja;AMUNDI S&P 500 EQUAL WEIGHT ESG UCITS ETF EUR Hedged Acc
IE000MAO75G5;A406QE;ETF;Ja;iShares Core MSCI Europe UCITS ETF EUR (Acc)
IE000MCVFK47;DBX0N7;ETF;Ja;Xtrackers EUR Corporate Green Bond UCITS ETF 1C
IE000MINO564;A3DJWD;ETF;Nein;L&G ESG Emerging Markets Government Bond (USD) 0-5 Year UCITS ETF - EUR ACC H ETF
IE000MJIXFE0;ETF133;ETF;Ja;Amundi MSCI North America ESG Broad Transition UCITS ETF Dist
IE000MLMNYS0;A3DN3E;ETF;Ja;iShares S&P 500 Equal Weight UCITS ETF USD (Acc)
IE000MMRLY96;A410XV;ETF;Ja;YieldMax Big Tech Option Income UCITS ETF
IE000MO2MB07;A3C5TX;ETF;Ja;WisdomTree New Economy Real Estate UCITS ETF – USD Acc
IE000MQ5XEW1;A404HN;ETF;Nein;L&G Multi-Strategy Enhanced Commodities ex-Agriculture & Livestock UCITS ETF - USD ACC ETF
IE000MYCJA42;ETF132;ETF;Ja;Amundi MSCI North America ESG Broad Transition UCITS ETF Acc
IE000N0TTJQ9;A3EWV3;ETF;Nein;AXA IM USD Credit PAB UCITS ETF Accumulation USD
IE000N9MLVT1;DBX0TF;ETF;Ja;MSCI Europe Climate Transition UCITS ETF 1C
IE000NA8E2W0;A40F8U;ETF;Nein;L&G ESG DL CB ETF Reg.Shs Hdg Ac EUR Acc. oN ETF
IE000NBRE3P7;A3EEYV;ETF;Ja;iShares EUR Ultrashort Bond ESG UCITS ETF EUR (Acc)
IE000NDWFGA5;A3DC8S;ETF;Ja;GLOBAL X Uranium UCITS ETF
IE000NFR7C63;A3CU00;ETF;Ja;iShares MSCI China Tech UCITS ETF USD (Acc)
IE000NHAIBN0;A40JYG;ETF;Ja;iShares € Flexible Income Bond Active UCITS ETF
IE000NM0ALX6;A3DSS4;ETF;Ja;Amundi S&P World Consumer Discretionary Screened UCITS ETF Acc
IE000NRGX9M3;A3DJQ9;ETF;Ja;VANGUARD ESG Developed Europe All Cap UCITS ETF - (EUR) Distributing
IE000NS5HRY9;DBX0UC;ETF;Ja;Xtrackers MSCI World High Dividend Yield ESG UCITS ETF
IE000NVM56L3;A4127N;ETF;Ja;iShares € Floating Rate Bond ESG UCITS ETF
IE000NXF88S1;A3D42Y;ETF;Ja;VanEck Oil Services UCITS ETF
IE000NXQKHU1;A3EFXA;ETF;Ja;iShares iBonds Dec 2025 Term EUR Corporate UCITS ETF EUR (Dist)
IE000O58J820;A3DJRE;ETF;Ja;VANGUARD ESG North America All Cap UCITS ETF - (USD) Accumulating
IE000O5FBC47;ETF137;ETF;Ja;Amundi S&P 500 Climate Paris Aligned UCITS ETF Acc
IE000O8KMPM1;A3CY21;ETF;Ja;WisdomTree BioRevolution UCITS ETF - USD Acc
IE000O8S1EX4;A3DGX9;ETF;Nein;JPMorgan ETFs (Ireland) ICAV - Climate Change Solutions UCITS ETF - USD ACC ETF
IE000OJ5TQP4;A3EB9T;ETF;Ja;Future of Defence UCITS ETF - Acc
IE000OKVTDF7;A3CQ9Z;ETF;Ja;iShares MSCI USA Value Factor ESG UCITS ETF USD (Acc)
IE000ONQ3X90;DBX0VF;ETF;Ja;Xtrackers MSCI World UCITS ETF
IE000OULL4R4;A40EWW;ETF;Nein;UBS(Irl)ETF-M.US.NSL U.ETF Reg.Shs A USD Acc. oN ETF
IE000OVF8Q66;A40C74;ETF;Ja;iShares Emerging Markets Equity Enhanced Active UCITS ETF - USD ACC ETF
IE000P3D0W60;A3D7VR;ETF;Ja;WisdomTree Renewable Energy UCITS ETF - USD Acc
IE000P4AYI47;DBX0TC;ETF;Ja;MSCI World Climate Transition UCITS ETF 1C
IE000PB4LRO2;ETF140;ETF;Ja;Amundi MSCI World ESG Broad Transition UCITS ETF Dist
IE000PEAJOT0;ETF108;ETF;Ja;Amundi MSCI USA ESG Selection UCITS ETF Acc
IE000PMX0MW6;A3DSTL;ETF;Ja;Amundi S&P World Utilities Screened UCITS ETF Acc
IE000PS0J481;A40E7B;ETF;Ja;Global X European Infrastructure Development UCITS ETF Reg.Shs EUR Acc. oN
IE000PSF3A70;DBX0SL;ETF;Ja;Xtrackers MSCI Global SDGs UCITS ETF
IE000Q0IU5T1;A3D3BD;ETF;Nein;Invesco S&P World Information Technology ESG UCITS ETF - USD ACC ETF
IE000Q2EQ5K8;A3EK6H;ETF;Ja;iShares iBonds Dec 2028 Term EUR Italy Govt Bond UCITS ETF - DIS ETF
IE000Q9W2IR3;A40L9U;ETF;Ja;iShares AI Adopters & Applications UCITS ETF
IE000QADMYA3;A3DJRH;ETF;Ja;VANGUARD ESG EUR Corporate Bond UCITS ETF - (EUR) Accumulating
IE000QDFFK00;A3DXEB;ETF;Nein;AXA IM Nasdaq 100 UCITS ETF Accumulation USD
IE000QF66PE6;A3C4XF;ETF;Nein;Invesco S&P 500 ESG UCITS ETF EUR Hdg Acc
IE000QIF5N15;ETF211;ETF;Ja;Amundi ETF ICAV - AMUNDI PRIME GLOBAL - USD DIS ETF
IE000QOU09J7;A3EZ9U;ETF;Ja;iShares China Large Cap UCITS ETF - USD ACC ETF
IE000QQ8Z0D8;ETF059;ETF;Ja;Amundi MSCI USA ESG Broad Transition UCITS ETF Dist
IE000QUOSE01;A3DJTF;ETF;Ja;VANGUARD ESG Developed Europe All Cap UCITS ETF - (EUR) Accumulating
IE000QVYFUT7;DBX0RZ;ETF;Ja;Xtrackers India Government Bond UCITS ETF
IE000QZ7JON9;A414JA;ETF;Ja;iShares MSCI USA Swap UCITS ETF
IE000R4ZNTN3;A40X3Z;ETF;Ja;iShares MSCI World ex-USA UCITS ETF - USD ACC
IE000R85HL30;ETF134;ETF;Ja;Amundi MSCI USA SRI Climate Paris Aligned UCITS ETF Acc
IE000R9FA4A0;A3DKFN;ETF;Ja;iShares S&P 500 ESG UCITS ETF USD (Acc)
IE000RDRMSD1;A3DN3D;ETF;Ja;iShares Blockchain Technology UCITS ETF - USD ACC ETF
IE000RHYOR04;A3DJQJ;ETF;Ja;iShares EUR Ultrashort Bond UCITS ETF - ACC ETF
IE000RN58M26;A3DRMN;ETF;Ja;iShares Metaverse UCITS ETF
IE000RO1O3N4;A3DJRN;ETF;Ja;VANGUARD ESG USD Corporate Bond UCITS ETF - (USD) Distributing
IE000ROSD5J6;A3ERLP;ETF;Ja;iShares Essential Metals Producers UCITS ETF - USD ACC ETF
IE000RUF4QN8;A3CPL4;ETF;Nein;Invesco Markets plc-NASDAQ-100 Swap UCITS ETF - USD DIS ETF
IE000S9YS762;A3D7VW;AKTIE;Ja;LINDE PLC EO -,001
IE000SAXJ1M1;A40QH6;ETF;Ja;Global X Euro Stoxx 50 Covered Call UCITS ETF
IE000SBHVL31;A3DHNP;ETF;Nein;AXA IM ACT Biodiversity Equity UCITS ETF Accumulation USD
IE000SBJO6L2;A40MDL;ETF;Ja;iShares iBonds Dec 2034 Term € Corp UCITS ETF
IE000SBU19F7;A3ELCX;ETF;Ja;VanEck Morningstar US SMID Moat UCITS ETF - A USD ACC
IE000SE6KPV2;A3DE70;ETF;Ja;iShares EUR Corporate Bond ESG Paris-Aligned Climate UCITS ETF EUR (Acc)
IE000SIZJ2B2;A3D8E3;ETF;Ja;iShares iBonds Dec 2026 Term € Corp UCITS ETF EUR (Dist)
IE000SNLFDR7;A40KHR;ETF;Ja;iShares iBonds Dec 2029 Term EUR Corp UCITS ETF - ACC ETF
IE000ST40PX8;A3DLEJ;ETF;Nein;L&G Emerging Cyber Security Innovation UCITS ETF - USD ACC
IE000STIHQB2;A3D8NT;ETF;Nein;Franklin Euro Short Maturity UCITS ETF - EUR ACC ETF
IE000SU7USQ3;A408ND;ETF;Nein;AXA IM MSCI World Equity PAB UCITS ETF Accumulation USD
IE000SVXJH05;A40V3W;ETF;Ja;iShares Nasdaq 100 ex-Top 30 UCITS ETF
IE000T9EOCL3;A3C14G;ETF;Ja;iShares MSCI World Small Cap ESG Enhanced UCITS ETF USD (Acc)
IE000TB3YTV4;A3DP9Y;ETF;Ja;WisdomTree Global Automotive Innovators UCITS ETF - USD Acc
IE000TG1LGI4;A40EWY;ETF;Nein;UBS(Irl)ETF-M.US.W.ESG L.U.ETF Reg.Shs A USD Acc. oN ETF
IE000TL3PL69;DBX0TU;ETF;Ja;Xtrackers MSCI World Momentum ESG UCITS ETF
IE000TSML5I8;DBX0RN;ETF;Ja;Xtrackers MSCI USA ESG Screened UCITS ETF
IE000TY854T9;A40DM6;ETF;Ja;iShares Japan Govt Bond UCITS ETF
IE000TZT8TI0;DBX0ST;ETF;Ja;Xtrackers Emerging Markets Net Zero Pathway Paris Aligned UCITS ETF
IE000U3XZQN5;A406Q6;ETF;Ja;iShares MSCI Europe Climate Transition Aware UCITS ETF - EUR ACC ETF
IE000U58J0M1;A3DENG;ETF;Ja;iShares Global Clean Energy UCITS ETF USD (Acc)
IE000U7L59A3;A3CR2Z;ETF;Ja;iShares MSCI USA ESG Enhanced UCITS ETF EUR Hedged (Acc)
IE000U99N3V1;A3EHAN;ETF;Ja;iShares iBonds Dec 2025 Term $ Treasury UCITS ETF USD (Acc)
IE000U9ODG19;A3E1JS;ETF;Ja;iShares Global Aerospace & Defence UCITS ETF USD (Acc)
IE000UBAW7M3;ETF238;ETF;Ja;AMUNDI CORE S&P 500 UCITS ETF - USD ACC ETF
IE000UL6CLP7;A3DC8R;ETF;Ja;GLOBAL X Silver Miners UCITS ETF
IE000UMV0L21;DBX0SD;ETF;Ja;Xtrackers MSCI USA ESG UCITS ETF - 1D USD DIS
IE000UQND7H4;A3DN5J;ETF;Nein;HSBC MSCI WORLD UCITS ETF EUR - USD ACC ETF
IE000UX5WPU4;DBX0SE;ETF;Ja;Xtrackers iBoxx EUR Corporate Bond Yield Plus UCITS ETF
IE000UY6XF65;A40MDK;ETF;Ja;iShares iBonds Dec 2034 Term € Corp UCITS ETF
IE000UZCJS58;DBX0RU;ETF;Ja;Xtrackers World Net Zero Pathway Paris Aligned UCITS ETF
IE000UZTA1X0;ETF136;ETF;Ja;Amundi S&P 500 Climate Paris Aligned UCITS ETF Dist
IE000UZZ5D45;ETF218;ETF;Ja;Amundi MSCI World Small Cap ESG Broad Transition UCITS ETF ACC
IE000V04SL39;DBX0UE;ETF;Ja;Xtrackers MSCI USA High Dividend Yield ESG UCITS ETF
IE000V0GDVU7;DBX0TA;ETF;Ja;Xtrackers MSCI Global SDG 11 Sustainable Cities UCITS ETF
IE000VA628D5;A40PU8;ETF;Ja;iShares S&P 500 Top 20 UCITS ETF - USD ACC ETF
IE000VCBWFL8;DBX0UJ;ETF;Ja;Xtrackers MSCI EMU High Dividend Yield ESG UCITS ETF
IE000VMAR5O6;DBX0UR;ETF;Ja;Xtrackers Europe Biodiversity Focus SRI UCITS ETF
IE000VML2GZ3;ETF027;ETF;Ja;Amundi MSCI USA ESG Selection Extra UCITS ETF DR - USD
IE000VNGJFV0;A40SRA;ETF;Ja;iShares $ Short Duration Corp Bond UCITS ETF - EUR DIS ETF
IE000VSFIC94;A3D8N2;ETF;Ja;iShares Broad USD High Yield Corporate Bond UCITS ETF EUR Hedged (Acc)
IE000VXC51U5;DBX0R5;ETF;Ja;Xtrackers MSCI AC World ESG Screened UCITS ETF - 2C EUR Hedged
IE000W336086;A408MR;ETF;Ja;iShares China CNY Bond UCITS ETF - EUR DIS H ETF
IE000W6L2AI3;DBX0TG;ETF;Ja;MSCI EMU Climate Transition UCITS ETF 1C
IE000WA6L436;A3EHAJ;ETF;Ja;iShares iBonds Dec 2026 Term EUR Corp UCITS ETF - ACC ETF
IE000WDG5795;A3ETCD;ETF;Ja;iShares Lithium & Battery Producers UCITS ETF - USD ACC ETF
IE000WHL2ZK1;A4011Z;ETF;Ja;iShares U.S. Equity High Income UCITS ETF USD (Dist)
IE000WIQIPT2;A3DHV9;ETF;Ja;iShares USD TIPS 0-5 UCITS ETF EUR Hedged (Dist)
IE000WJWZK35;A3EWHN;ETF;Ja;iShares GBP Corporate Bond 0-5yr UCITS ETF EUR Hedged (Acc)
IE000WP7CVZ7;A3DSTK;ETF;Ja;Amundi S&P World Materials Screened UCITS ETF Dist
IE000WQ16XQ4;DBX0UG;ETF;Ja;Xtrackers MSCI Europe High Dividend Yield ESG UCITS ETF
IE000WYTQSF9;A3DNRY;ETF;Ja;INQQ India Internet & Ecommerce ESG-S UCITS ETF – Acc
IE000WZU35H0;A40DKV;ETF;Nein;AXA IM MSCI World Equity PAB UCITS ETF Income USD
IE000X59ZHE2;A40L9T;ETF;Ja;iShares AI Infrastructure UCITS ETF - USD Acc. oN ETF
IE000X5OD4M3;A40N7N;ETF;Ja;Performance Trust Total Return Bond UCITS ETF
IE000X9TLGN8;A3C6JU;ETF;Ja;WisdomTree New Economy Real Estate UCITS ETF – USD
IE000XAGSCY5;A3E40R;ETF;Ja;GLOBAL X Blockchain UCITS ETF
IE000XD7KCJ7;A3C9MB;ETF;Ja;GLOBAL X Solar UCITS ETF
IE000XFXBGR0;A40EWV;ETF;Nein;UBS(Irl)ETF-M.U.SC E.L.U.ETF Reg.Shs A USD Acc. oN ETF
IE000XL4IXU1;ETF222;ETF;Ja;Amundi MSCI USA Ex Mega Cap UCITS ETF - USD ACC ETF
IE000XLJ2JQ9;ETF039;ETF;Ja;Amundi S&P SmallCap 600 Screened UCITS ETF DIST
IE000XNILW20;A402PM;ETF;Ja;WisdomTree Global Sustainable Equity UCITS ETF - USD ACC ETF
IE000XOQ9TK4;DBX0R3;ETF;Ja;Xtrackers MSCI Next Generation Internet Innovation UCITS ETF - 1C USD ACC ETF
IE000XZSV718;A3EUC1;ETF;Nein;SPDR S&P 500 UCITS ETF - USD ACC
IE000Y247W99;A3EK6A;ETF;Ja;iShares iBonds Dec 2029 Term $ Corp UCITS ETF - USD DIS ETF
IE000Y2BJVK9;A40KHS;ETF;Ja;iShares iBonds Dec 2030 Term € Corp UCITS ETF
IE000Y6L6LE6;DBX0RW;ETF;Ja;Xtrackers EMU Net Zero Pathway Paris Aligned UCITS ETF
IE000Y6ZXZ48;DBX0TB;ETF;Ja;Xtrackers MSCI Global SDG 12 Circular Economy UCITS ETF
IE000Y77LGG9;ETF143;ETF;Ja;Amundi MSCI World SRI Climate Paris Aligned UCITS ETF Acc
IE000Y83YZ44;A40Y9H;ETF;Ja;WisdomTree Global Quality Growth UCITS ETF - USD Acc
IE000Y9MG996;ETF026;ETF;Ja;Amundi US Tech 100 Equal Weight UCITS ETF DR - USD
IE000YASIPS3;A3EYV2;ETF;Nein;AXA IM MSCI Europe Equity PAB UCITS ETF - EUR ACC ETF
IE000YBGJ9I4;ETF220;ETF;Ja;Amundi MSCI USA Mega Cap UCITS ETF - USD ACC ETF
IE000YD0IAD2;A414JB;ETF;Ja;iShares MSCI USA Swap UCITS ETF
IE000YDOORK7;DBX0R1;ETF;Ja;Xtrackers MSCI Fintech Innovation UCITS ETF - 1C USD ACC ETF
IE000YGEAK03;A402ZZ;ETF;Ja;WisdomTree US Quality Growth UCITS ETF - USD ACC ETF
IE000YMQ2SC9;A40E7Q;ETF;Nein;L&G Corporate Bond ex-Banks Higher Ratings 0-2Y UCITS ETF - EUR ACC H ETF
IE000YSUEJ32;A3ET84;ETF;Nein;L&G India INR Government Bond UCITS ETF - USD ACC ETF
IE000YU9K6K2;A3DP9J;ETF;Ja;VanEck Space Innovators UCITS ETF
IE000YYE6WK5;A3D9M1;ETF;Ja;VanEck Defense UCITS ETF
IE000Z0FC0G5;DBX0WJ;ETF;Ja;Xtrackers MSCI World ex USA UCITS ETF - 1D USD DIS
IE000Z3S26J2;A40PJS;ETF;Ja;iShares S&P 500 Swap UCITS ETF - EUR Acc. oN ETF
IE000Z7P04F4;A40V3X;ETF;Ja;iShares Nasdaq 100 Top 30 UCITS ETF
IE000Z8BHG02;A3DHNN;ETF;Nein;AXA IM ACT Climate Equity UCITS ETF Accumulation USD
IE000Z9SJA06;DBX0SV;ETF;Ja;Xtrackers S&P 500 UCITS ETF
IE000Z9UVQ99;A3DNYW;ETF;Nein;L&G Asia Pacific ex Japan ESG Exclusions Paris Aligned UCITS ETF - USD ACC ETF
IE000ZBGZQM8;A40MDE;ETF;Ja;iShares iBonds Dec 2033 Term € Corp UCITS ETF - EUR Acc. oN ETF
IE000ZIJ5B20;A3DSS6;ETF;Ja;Amundi S&P World Consumer Staples Screened UCITS ETF Acc
IE000ZOI8OK5;A3EGGM;ETF;Ja;iShares iBonds Dec 2027 Term € Corp UCITS ETF  EUR (Acc)
IE000ZPUEP93;A3CSB1;ETF;Ja;iShares S&P U.S. Banks UCITS ETF USD (Dist)
IE000ZQF1PE1;A406Q7;ETF;Ja;iShares MSCI Europe Climate Transition Aware UCITS ETF - EUR Dis. oN ETF
IE000ZX8CQG2;A3DG8Q;ETF;Ja;iShares EUR Corporate Bond ESG Paris-Aligned Climate UCITS ETF EUR (Dist)
IE0030016350;626660;FONDS;Nein;Barings Global Umbrella Fund - Barings Global Leaders Fund - Class A EUR Inc
IE0030351732;756455;FONDS;Nein;Comgest Growth PLC - COMGEST GROWTH CHINA EUR Acc Class
IE0030412666;534066;FONDS;Nein;PineBridge Global Funds - PineBridge Europe Small Cap Equity Fund - Class A1
IE0031005436;768893;FONDS;Nein;J O Hambro Capital Management Umbrella Fund Plc - J O Hambro Capital Management Continental European Fund B GBP
IE0031029477;766427;FONDS;Nein;Barings International Umbrella Fund - Barings Asia Growth Fund - Class A GBP Inc
IE0031069051;692187;FONDS;Nein;AXA Rosenberg Equity Alpha Trust - AXA Rosenberg Global Equity Alpha Fund B (€)
IE0031069275;692189;FONDS;Nein;AXA Rosenberg Equity Alpha Trust - AXA Rosenberg US Equity Alpha Fund B (€)
IE0031069382;692191;FONDS;Nein;AXA Rosenberg Equity Alpha Trust - AXA Rosenberg Pacific Ex-Japan Equity Alpha Fund B (€)
IE0031069499;692192;FONDS;Nein;AXA Rosenberg Equity Alpha Trust - AXA Rosenberg All Country Asia Pacific Ex-Japan Small Cap Alpha Fund B (€)
IE0031069614;692193;FONDS;Nein;AXA Rosenberg Equity Alpha Trust - AXA Rosenberg Japan Equity Alpha Fund B (€)
IE0031069721;692194;FONDS;Nein;AXA Rosenberg Equity Alpha Trust - AXA Rosenberg Japan Small Cap Alpha Fund B (€)
IE0031442068;622391;ETF;Ja;iShares Core S&P 500 UCITS ETF USD (Dist)
IE0031615739;814042;FONDS;Nein;Legg Mason Global Funds Plc - Legg Mason Western Asset US Core Bond Fund - Class A US$ Distributing (D)
IE0031619046;814047;FONDS;Nein;Legg Mason Global Funds Plc - Legg Mason Royce US Small Cap Opportunity Fund - Class A US$ Distributing (A)
IE0032077012;801498;ETF;Nein;Invesco EQQQ NASDAQ-100 UCITS ETF Dist
IE0032158341;157033;FONDS;Nein;Barings Global Umbrella Fund - Barings Developed and Emerging Markets High Yield Bond Fund - Class A EUR Hedged Inc
IE0032523478;778928;ETF;Ja;iShares € Corp Bond Large Cap UCITS ETF EUR (Dist)
IE0032722260;348195;FONDS;Nein;BNY Mellon Global Funds, plc - BNY Mellon Euroland Bond Fund Euro A
IE0032895942;911950;ETF;Ja;iShares $ Corp Bond UCITS ETF USD (Dist)
IE0033534441;911942;FONDS;Nein;Janus Henderson Capital Funds Plc - Janus Henderson Global Real Estate Equity Income Fund - A3q USD
IE0033534557;911943;FONDS;Nein;Janus Henderson Capital Funds Plc - Janus Henderson Global Real Estate Equity Income Fund - A2 USD
IE0033535075;A0BK3M;FONDS;Nein;Comgest Growth PLC - COMGEST GROWTH WORLD USD Acc Class
IE0033535182;A0BK3L;FONDS;Nein;Comgest Growth PLC - COMGEST GROWTH EMERGING MARKETS USD Acc Class
IE0033609615;A0ER8T;FONDS;Nein;AXA Rosenberg Equity Alpha Trust - AXA Rosenberg US Enhanced Index Equity Alpha Fund A (US$)
IE0033637442;A0B9F1;FONDS;Nein;Legg Mason Global Funds Plc - Legg Mason Brandywine Global Fixed Income Fund - Class A US$ Distributing (S)
IE0033640933;593169;FONDS;Nein;GAM Star Fund p.l.c. - GAM Star Continental European Equity Ordinary Acc
IE0034203152;A0B9M4;FONDS;Nein;Legg Mason Global Funds Plc - Legg Mason Western Asset US High Yield Fund - Class A US$ Distributing (D)
IE0034390439;A0DKVR;FONDS;Nein;Legg Mason Global Funds Plc - Legg Mason Royce US Smaller Companies Fund - Class A US$ Distributing (A)
IE00B00FV011;A0DKL3;ETF;Ja;iShares Core £ Corp Bond UCITS ETF GBP (Dist)
IE00B00FV128;A0CA55;ETF;Ja;iShares FTSE 250 UCITS ETF GBP (Dist)
IE00B00MZ448;A0B5PL;AKTIE;Ja;GRAFTON GROUP PLC EO-,05
IE00B01FHS02;A0RDU2;FONDS;Nein;Jupiter Asset Management Series plc - Jupiter Merian North American Equity Fund (IRL) L (EUR) Accumulation
IE00B02KXH56;A0DK60;ETF;Ja;iShares MSCI Japan UCITS ETF USD (Dist)
IE00B02KXK85;A0DK6Z;ETF;Ja;iShares China Large Cap UCITS ETF USD (Dist)
IE00B02KXL92;A0DK6Y;ETF;Ja;iShares EURO STOXX Mid UCITS ETF EUR (Dist)
IE00B02KXM00;A0DK61;ETF;Ja;iShares EURO STOXX Small UCITS ETF EUR (Dist)
IE00B02YQR81;A0DQW1;FONDS;Nein;AXA Rosenberg Equity Alpha Trust - AXA Rosenberg US Equity Alpha Fund B (€) hedged
IE00B03DF997;A0D9E5;FONDS;Nein;Comgest Growth PLC - COMGEST GROWTH INDIA USD Acc Class
IE00B06YC548;A0MNZA;FONDS;Nein;BNY Mellon Global Funds, plc - BNY Mellon Emerging Markets Debt Fund Euro A
IE00B06YC985;A0F52A;FONDS;Nein;BNY Mellon Global Funds, plc - BNY Mellon Emerging Markets Debt Fund USD A
IE00B0JY6M65;A0H0U7;FONDS;Nein;PineBridge Global Funds - PineBridge India Equity Fund - Class A
IE00B0JY6N72;A0HFZW;FONDS;Nein;PineBridge Global Funds - PineBridge Global Emerging Markets Focus Equity Fund - Class A
IE00B0M2Y900;A0J2SN;FONDS;Nein;PIMCO Funds: Global Investors Series plc - Total Return Bond Fund - E Class USD Income
IE00B0M2YC33;A0J4B2;FONDS;Nein;PIMCO Funds: Global Investors Series plc - Euro Bond Fund - E Class EUR Income
IE00B0M62Q58;A0HGV0;ETF;Ja;iShares MSCI World UCITS ETF USD (Dist)
IE00B0M62S72;A0HGV4;ETF;Ja;iShares Euro Dividend UCITS ETF EUR (Dist)
IE00B0M62V02;A0HGV3;ETF;Ja;iShares Euro Total Market Growth Large UCITS ETF EUR (Dist)
IE00B0M62X26;A0HGV1;ETF;Ja;iShares € Inflation Linked Govt Bond UCITS ETF EUR (Acc)
IE00B0M62Y33;A0HGWF;ETF;Ja;iShares AEX UCITS ETF EUR (Dist)
IE00B0M63060;A0HGV6;ETF;Ja;iShares UK Dividend UCITS ETF GBP (Dist)
IE00B0M63177;A0HGWC;ETF;Ja;iShares MSCI Emerging Markets UCITS ETF (Dist)
IE00B0M63284;A0HGV5;ETF;Ja;iShares European Property Yield UCITS ETF EUR (Dist)
IE00B0M63391;A0HGWD;ETF;Ja;iShares MSCI Korea UCITS ETF (Dist)
IE00B0M63516;A0HGWA;ETF;Ja;iShares MSCI Brazil UCITS ETF USD (Dist)
IE00B0M63623;A0HGWE;ETF;Ja;iShares MSCI Taiwan UCITS ETF USD (Dist)
IE00B0M63730;A0HGV9;ETF;Ja;iShares MSCI AC Far East ex-Japan UCITS ETF USD (Dist)
IE00B0XJXQ01;A0JC8V;FONDS;Nein;Comgest Growth PLC - COMGEST GROWTH EUROPE EUR Dis Class
IE00B11XZ434;A0KD2M;FONDS;Nein;PIMCO Funds: Global Investors Series plc - Global Investment Grade Credit Fund - E Class EUR (Hedged) Accumulation
IE00B11XZ988;A0KD23;FONDS;Nein;PIMCO Funds: Global Investors Series plc - Total Return Bond Fund - E Class USD Accumulation
IE00B11XZB05;A0KD24;FONDS;Nein;PIMCO Funds: Global Investors Series plc - Total Return Bond Fund - E Class EUR (Hedged) Accumulation
IE00B11XZH66;A0JJ5C;FONDS;Nein;Comgest Growth PLC - COMGEST GROWTH EMERGING MARKETS USD Dis Class
IE00B14X4M10;A0J201;ETF;Ja;iShares MSCI North America UCITS ETF USD (Dist)
IE00B14X4N27;A0J204;ETF;Ja;iShares MSCI Europe ex-UK UCITS ETF EUR (Dist)
IE00B14X4Q57;A0J205;ETF;Ja;iShares € Govt Bond 1-3yr UCITS ETF EUR (Dist)
IE00B14X4S71;A0J202;ETF;Ja;iShares $ Treasury Bond 1-3yr UCITS ETF USD (Dist)
IE00B14X4T88;A0J203;ETF;Ja;iShares Asia Pacific Dividend UCITS ETF USD (Dist)
IE00B16C1G93;A0KEBK;FONDS;Nein;Comgest Growth PLC - COMGEST GROWTH ASIA PAC EX JAPAN USD Acc Class
IE00B17MYK36;A0KEBJ;FONDS;Nein;Comgest Growth PLC - COMGEST GROWTH CHINA USD Acc Class
IE00B19Z4B17;A0MUXS;FONDS;Nein;Legg Mason Global Funds Plc - Legg Mason Royce US Small Cap Opportunity Fund - Class A US$ Accumulating
IE00B19Z6F94;A0MUX8;FONDS;Nein;Legg Mason Global Funds Plc - Legg Mason Royce US Smaller Companies Fund - Class A US$ Accumulating
IE00B19Z8W00;A0MUYQ;FONDS;Nein;Legg Mason Global Funds Plc - Legg Mason ClearBridge US Large Cap Growth Fund - Class A US$ Distributing (A)
IE00B19Z9505;A0MUYS;FONDS;Nein;Legg Mason Global Funds Plc - Legg Mason ClearBridge US Large Cap Growth Fund - Class A US$ Accumulating
IE00B19Z9Z06;A0MUY0;FONDS;Nein;Legg Mason Global Funds Plc - Legg Mason ClearBridge US Aggressive Growth Fund - Class A US$ Accumulating
IE00B1D7YK27;A0LA69;FONDS;Nein;PIMCO Funds: Global Investors Series plc - Diversified Income Fund - E Class USD Accumulation
IE00B1FZS244;A0LEQL;ETF;Ja;iShares Asia Property Yield UCITS ETF USD (Dist)
IE00B1FZS350;A0LEW8;ETF;Ja;iShares Developed Markets Property Yield UCITS ETF USD (Dist)
IE00B1FZS467;A0LEW9;ETF;Ja;iShares Global Infrastructure UCITS ETF USD (Dist)
IE00B1FZS574;A0LEW5;ETF;Ja;iShares MSCI Turkey UCITS ETF USD (Dist)
IE00B1FZS681;A0LGP6;ETF;Ja;iShares € Govt Bond 3-5yr UCITS ETF EUR (Dist)
IE00B1FZS798;A0LGP4;ETF;Ja;iShares $ Treasury Bond 7-10yr UCITS ETF USD (Dist)
IE00B1FZS806;A0LGQA;ETF;Ja;iShares € Govt Bond 7-10yr UCITS ETF EUR (Dist)
IE00B1FZS913;A0LGP5;ETF;Ja;iShares € Govt Bond 15-30yr UCITS ETF EUR (Dist)
IE00B1FZSB30;A0LGP9;ETF;Ja;iShares Core UK Gilts UCITS ETF
IE00B1FZSC47;A0LGP8;ETF;Ja;iShares $ TIPS UCITS ETF
IE00B1FZSD53;A0LGP7;ETF;Ja;iShares GBP Index-Linked Gilts UCITS ETF
IE00B1FZSF77;A0LEW6;ETF;Ja;iShares US Property Yield UCITS ETF USD (Dist)
IE00B1TXHL60;A0MM0N;ETF;Ja;iShares Listed Private Equity UCITS ETF USD (Dist)
IE00B1TXK627;A0MM0S;ETF;Ja;iShares Global Water UCITS ETF USD (Dist)
IE00B1TXLS18;A0MZWN;ETF;Ja;iShares UK Property UCITS ETF
IE00B1W3WK72;A0MXHW;FONDS;Nein;GAM Star Fund p.l.c. - GAM Star China Equity Ordinary Acc
IE00B1W3WR42;A0MW0K;FONDS;Nein;GAM Star Fund p.l.c. - GAM Star China Equity Ordinary Acc
IE00B1W57M07;A0MR61;ETF;Ja;iShares BRIC 50 UCITS ETF USD (Dist)
IE00B1XKC854;A0MXGC;FONDS;Nein;BNY Mellon Global Funds, plc - BNY Mellon Global Bond Fund Euro H (hedged)
IE00B1XNH568;A0MZWP;ETF;Ja;iShares FTSE MIB UCITS ETF EUR (Dist)
IE00B1XNHC34;A0MW0M;ETF;Ja;iShares Global Clean Energy UCITS ETF USD (Dist)
IE00B1YZSC51;A0MZWQ;ETF;Ja;iShares Core MSCI Europe UCITS ETF EUR (Dist)
IE00B1Z6D669;A0MWBY;FONDS;Nein;PIMCO Funds: Global Investors Series plc - Diversified Income Fund - E Class EUR (Hedged) Accumulation
IE00B23D8S39;A0M2EA;ETF;Nein;Invesco FTSE RAFI US 1000 UCITS ETF
IE00B23D8X81;A0M2EC;ETF;Nein;Invesco FTSE RAFI Europe UCITS ETF
IE00B23D9570;A0M2EK;ETF;Nein;Invesco FTSE RAFI Emerging Markets UCITS ETF
IE00B23LNQ02;A0M2EN;ETF;Nein;Invesco FTSE RAFI All World 3000 UCITS ETF
IE00B23S7K36;A0NCB7;FONDS;Nein;BNY Mellon Global Funds, plc - BNY Mellon Brazil Equity Fund Euro A
IE00B23S7L43;A0NCB8;FONDS;Nein;BNY Mellon Global Funds, plc - BNY Mellon Brazil Equity Fund USD A
IE00B240WN62;A0M1ZM;FONDS;Nein;Comgest Growth PLC - COMGEST GROWTH EMERGING MARKETS EUR Dis Class
IE00B27YCF74;A0M59G;ETF;Ja;iShares Global Timber & Forestry UCITS ETF USD (Dist)
IE00B27YCK28;A0NA45;ETF;Ja;iShares MSCI EM Latin America UCITS ETF USD (Dist)
IE00B27YCN58;A0NA46;ETF;Ja;iShares MSCI World Islamic UCITS ETF
IE00B27YCP72;A0NA47;ETF;Ja;iShares MSCI EM Islamic UCITS ETF
IE00B296QM64;A0NA48;ETF;Ja;iShares MSCI USA Islamic UCITS ETF
IE00B2NPKV68;A0NECU;ETF;Ja;iShares J.P. Morgan $ EM Bond UCITS ETF USD (Dist)
IE00B2NPL135;A0NECV;ETF;Ja;iShares EM Infrastructure UCITS ETF USD (Dist)
IE00B2NXKW18;A0RFK8;FONDS;Nein;Seilern International Funds PLC - Seilern World Growth EUR U R
IE00B2Q1FK59;A0NFTX;FONDS;Nein;Legg Mason Global Funds Plc - Legg Mason Western Asset Asian Opportunities Fund - Class A Euro Accumulating
IE00B2QWCY14;A0Q1YY;ETF;Ja;iShares S&P SmallCap 600 UCITS ETF USD (Dist)
IE00B2QWDR12;A0Q1YZ;ETF;Ja;iShares MSCI AC Far East ex-Japan Small Cap UCITS ETF
IE00B2QWDY88;A0Q1YX;ETF;Ja;iShares MSCI Japan Small Cap UCITS ETF USD (Dist)
IE00B3B8PX14;A0Q41X;ETF;Ja;iShares Global Inflation Linked Govt Bond UCITS ETF USD (Acc)
IE00B3B8Q275;A0Q41Y;ETF;Ja;iShares € Covered Bond UCITS ETF EUR (Dist)
IE00B3BPCH51;A0RAC9;ETF;Nein;Invesco EuroMTS Cash 3 Months UCITS ETF
IE00B3CNHG25;A0Q8HZ;ETF;Nein;L&G Gold Mining UCITS ETF - USD Accumulating ETF
IE00B3CNHJ55;A0Q8H2;ETF;Nein;L&G Russell 2000 US Small Cap Quality UCITS ETF - USD ACC
IE00B3DBRM10;A0RPNU;FONDS;Nein;J O Hambro Capital Management Umbrella Fund Plc - J O Hambro Capital Management Global Select Fund B EUR
IE00B3DD5N41;A0RA57;FONDS;Nein;PIMCO Funds: Global Investors Series plc - Emerging Local Bond Fund - E Class USD Accumulation
IE00B3DKXQ41;A0RGEN;ETF;Ja;iShares € Aggregate Bond UCITS ETF EUR (Dist)
IE00B3DWVS88;A1CWJF;ETF;Nein;Invesco MSCI Emerging Markets UCITS ETF
IE00B3F81409;A0RGEQ;ETF;Ja;iShares Core Global Aggregate Bond UCITS ETF USD (Dist)
IE00B3F81G20;A0RGER;ETF;Ja;iShares MSCI EM Small Cap UCITS ETF USD (Dist)
IE00B3F81K65;A0RGEM;ETF;Ja;iShares Global Govt Bond UCITS ETF USD (Dist)
IE00B3F81R35;A0RGEP;ETF;Ja;iShares Core € Corp Bond UCITS ETF EUR (Dist)
IE00B3FH7618;A0RGEL;ETF;Ja;iShares € Govt Bond 0-1yr UCITS ETF EUR (Dist)
IE00B3KRGG97;A1H82L;FONDS;Nein;GAM Star Fund p.l.c. - GAM Star Capital Appreciation US Equity Ordinary Acc
IE00B3MB7B14;A1C6YN;FONDS;Nein;Muzinich Funds - Muzinich ShortDurationHighYield Fund Hedged Euro Accumulation R
IE00B3P10860;A1H95R;FONDS;Nein;BNY Mellon Global Funds, plc - BNY Mellon Euroland Bond Fund Euro A (Inc.)
IE00B3Q19T94;A1JFG7;ETF;Nein;Invesco EURO STOXX Optimised Banks UCITS ETF
IE00B3RBWM25;A1JX52;ETF;Ja;VANGUARD FTSE All-World UCITS ETF - (USD) Distributing
IE00B3S1J086;A1H8BP;ETF;Nein;HSBC MSCI TAIWAN CAPPED UCITS ETF
IE00B3S5XW04;A1JJTP;ETF;Nein;SPDR Bloomberg Barclays Euro Government Bond UCITS ETF Dist EUR
IE00B3T9LM79;A1JJTQ;ETF;Nein;SPDR Bloomberg Barclays Euro Corporate Bond UCITS ETF EUR
IE00B3V93F27;A1C9L2;FONDS;Nein;BNY Mellon Global Funds, plc - BNY Mellon Global Equity Income Fund Euro A
IE00B3VPKB53;A0YHMH;ETF;Nein;Invesco Utilities S&P US Select Sector UCITS ETF
IE00B3VSSL01;A0YHMJ;ETF;Nein;Invesco Technology S&P US Select Sector UCITS ETF
IE00B3VTMJ91;A0X8SK;ETF;Ja;iShares € Govt Bond 1-3yr UCITS ETF EUR (Acc) EUR (Acc)
IE00B3VTML14;A0X8SL;ETF;Ja;iShares € Govt Bond 3-7yr UCITS ETF EUR (Acc)
IE00B3VTN290;A0X8SM;ETF;Ja;iShares € Govt Bond 7-10yr UCITS ETF EUR (Acc)
IE00B3VVMM84;A1JX51;ETF;Ja;VANGUARD FTSE Emerging Markets UCITS ETF - (USD) Distributing
IE00B3VWLG82;A0X8R9;ETF;Ja;iShares MSCI UK Small Cap UCITS ETF GBP (Acc)
IE00B3VWM098;A0X8SB;ETF;Ja;iShares MSCI USA Small Cap UCITS ETF USD (Acc)
IE00B3VWMM18;A0X8SE;ETF;Ja;iShares MSCI EMU Small Cap UCITS ETF EUR (Acc)
IE00B3VWN393;A0X8SH;ETF;Ja;iShares $ Treasury Bond 3-7yr UCITS ETF - USD ACC ETF
IE00B3VXGD32;A1W70H;FONDS;Nein;Polar Capital Funds PLC - Biotechnology Fund - R EUR Inc
IE00B3W74078;A1JJTR;ETF;Nein;SPDR Bloomberg Barclays UK Gilt UCITS ETF GBP
IE00B3WJKG14;A142N1;ETF;Ja;iShares S&P 500 Information Technology Sector UCITS ETF USD (Acc)
IE00B3WMTH43;A0YHMK;ETF;Nein;Invesco Health Care S&P US Select Sector UCITS ETF
IE00B3XFBR64;A1C9EF;FONDS;Nein;Nomura Funds Ireland - Japan Strategic Value Fund Class A EUR
IE00B3XXRP09;A1JX53;ETF;Ja;VANGUARD S&P 500 UCITS ETF - (USD) Distributing
IE00B3Y8D011;A1C1G8;ETF;Ja;Xtrackers Portfolio Income UCITS ETF 1D
IE00B3YC1100;A0YHMM;ETF;Nein;Invesco Industrials S&P US Select Sector UCITS ETF
IE00B3YCGJ38;A1CYW7;ETF;Nein;Invesco S&P 500 UCITS ETF
IE00B3YLTY66;A1JJTD;ETF;Ja;SPDR MSCI ACWI IMI UCITS ETF USD
IE00B3Z0X395;A1JJU5;ETF;Nein;HSBC MSCI KOREA CAPPED UCITS ETF
IE00B3ZBLW75;A1JT20;FONDS;Nein;J O Hambro Capital Management Umbrella Fund Plc - J O Hambro Capital Management Global Emerging Markets Opportunities Fund A EUR
IE00B3ZW0K18;A1C5E9;ETF;Ja;iShares S&P 500 EUR Hedged UCITS ETF (Acc)
IE00B40B8R38;A142NW;ETF;Ja;iShares S&P 500 Consumer Staples Sector UCITS ETF
IE00B4114S53;A1JT25;FONDS;Nein;J O Hambro Capital Management Umbrella Fund Plc - J O Hambro Capital Management Asia Ex Japan Fund B USD
IE00B41RYL63;A1JJTM;ETF;Nein;SPDR Bloomberg Barclays Euro Aggregate Bond UCITS ETF EUR
IE00B428Z604;A1JXZK;ETF;Ja;iShares Spain Govt Bond UCITS ETF EUR (Dist)
IE00B42NKQ00;A142NX;ETF;Ja;iShares S&P 500 Energy Sector UCITS ETF USD (Acc)
IE00B42TW061;A0N9WS;ETF;Nein;HSBC FTSE 100 UCITS ETF
IE00B42WWV65;A1JX55;ETF;Ja;VANGUARD U.K. Gilt UCITS ETF - (GBP) Distributing
IE00B42YS929;A1C5E8;ETF;Ja;iShares MSCI World GBP Hedged UCITS ETF (Acc) GBP (Acc)
IE00B42Z5J44;A1C5E6;ETF;Ja;iShares MSCI Japan EUR Hedged UCITS ETF (Acc)
IE00B435PM67;A1JT28;FONDS;Nein;J O Hambro Capital Management Umbrella Fund Plc - J O Hambro Capital Management Asia Ex Japan Fund A USD
IE00B43HR379;A142NZ;ETF;Ja;iShares S&P 500 Health Care Sector UCITS ETF USD (Acc)
IE00B43QJJ40;A1JJTK;ETF;Nein;SPDR Bloomberg Barclays Global Aggregate Bond UCITS ETF USD
IE00B441G979;A1C5E7;ETF;Ja;iShares MSCI World EUR Hedged UCITS ETF (Acc)
IE00B449XP68;A0YHMR;ETF;Nein;Invesco Consumer Discretionary S&P US Select Sector UCITS ETF
IE00B44CGS96;A1JKDK;ETF;Ja;iShares US Aggregate Bond UCITS ETF USD (Dist)
IE00B44CND37;A1JJTT;ETF;Nein;SPDR Bloomberg Barclays US Treasury Bond UCITS ETF Dist USD
IE00B44T3H88;A1JHYT;ETF;Ja;HSBC MSCI CHINA UCITS ETF
IE00B44Z5B48;A1JJTC;ETF;Ja;SPDR MSCI ACWI UCITS ETF USD
IE00B4556L06;A1KWPT;ETC;Ja;iShares Physical Palladium ETC
IE00B459R192;A1JJTL;ETF;Nein;SPDR Bloomberg Barclays US Aggregate Bond UCITS ETF USD
IE00B4613386;A1JJTV;ETF;Nein;SPDR Bloomberg Barclays Emerging Markets Local Bond UCITS ETF USD Unhedged Dist
IE00B466KX20;A1JJTG;ETF;Nein;SPDR MSCI EM Asia UCITS ETF USD
IE00B4694Z11;A1JJTS;ETF;Nein;SPDR BLOOMBERG BARCLAYS STERLING CORPORATE BOND UCITS ETF GBP
IE00B469F816;A1JJTE;ETF;Nein;SPDR MSCI Emerging Markets UCITS ETF USD
IE00B46G8275;A1H8BN;ETF;Nein;HSBC MSCI INDONESIA UCITS ETF
IE00B48X4842;A1JJTF;ETF;Ja;SPDR MSCI Emerging Markets Small Cap UCITS ETF USD
IE00B4BNMY34;A0YAQA;AKTIE;Ja;ACCENTURE A DL-,0000225
IE00B4JNQZ49;A142NY;ETF;Ja;iShares S&P 500 Financials Sector UCITS ETF USD (Acc)
IE00B4K48X80;A0RPWG;ETF;Ja;iShares Core MSCI Europe UCITS ETF EUR (Acc)
IE00B4K6B022;A0YF4H;ETF;Nein;HSBC EURO STOXX 50 UCITS ETF
IE00B4KBBD01;A142N3;ETF;Ja;iShares S&P 500 Utilities Sector UCITS ETF
IE00B4L5Y983;A0RPWH;ETF;Ja;iShares Core MSCI World UCITS ETF
IE00B4L5YC18;A0RPWJ;ETF;Ja;iShares MSCI EM UCITS ETF USD (Acc)
IE00B4L5YX21;A0RPWL;ETF;Ja;iShares Core MSCI Japan IMI UCITS ETF USD (Acc)
IE00B4L5ZG21;A0RPWN;ETF;Ja;iShares € Corp Bond ex-Financials UCITS ETF EUR (Dist)
IE00B4L5ZY03;A0RPWP;ETF;Ja;iShares € Corp Bond ex-Financials 1-5yr UCITS ETF EUR (Dist)
IE00B4L60045;A0RPWQ;ETF;Ja;iShares € Corp Bond 1-5yr UCITS ETF EUR (Dist)
IE00B4LHWP62;A1KWPS;ETC;Ja;iShares Physical Platinum ETC
IE00B4LN9N13;A142N0;ETF;Ja;iShares S&P 500 Industrials Sector UCITS ETF
IE00B4M7GH52;A1H5UP;ETF;Ja;iShares MSCI Poland UCITS ETF USD (Acc)
IE00B4MCHD36;A142NV;ETF;Ja;iShares S&P 500 Consumer Discretionary Sector UCITS ETF USD (Acc)
IE00B4MKCJ84;A142N2;ETF;Ja;iShares S&P 500 Materials Sector UCITS ETF
IE00B4NCWG09;A1KWPR;ETC;Ja;iShares Physical Silver ETC
IE00B4ND3602;A1KWPQ;ETC;Ja;iShares Physical Gold ETC
IE00B4P11460;A1JJ9J;ETF;Nein;PIMCO Emerging Markets Advantage Local Bond Index UCITS ETF - USD Accumulation
IE00B4PY7Y77;A1H5UN;ETF;Ja;iShares $ High Yield Corp Bond UCITS ETF USD (Dist)
IE00B4Q5ZN47;A1JS1K;AKTIE;Ja;JAZZ PHARMACEUT. DL-,0001
IE00B4QNHH68;A0X895;ETF;Nein;L&G DAX Daily 2x Long UCITS ETF - EUR Accumulating ETF
IE00B4QNHZ41;A0X896;ETF;Nein;L&G DAX Daily 2x Short UCITS ETF - EUR Accumulating ETF
IE00B4TG9K96;A0YCJC;FONDS;Nein;PIMCO Funds: Global Investors Series plc - Diversified Income Fund - E Class EUR (Hedged) Income
IE00B4WPHX27;A1CXBU;ETF;Nein;L&G Longer Dated All Commodities UCITS ETF - USD Accumulating ETF
IE00B4WXJD03;A0RL8Z;ETF;Ja;iShares MSCI Pacific ex-Japan UCITS ETF USD (Dist)
IE00B4WXJG34;A0RL81;ETF;Ja;iShares € Govt Bond 5-7yr UCITS ETF EUR (Dist)
IE00B4WXJH41;A0RL82;ETF;Ja;iShares € Govt Bond 10-15yr UCITS ETF EUR (Dist)
IE00B4WXJJ64;A0RL83;ETF;Ja;iShares Core € Govt Bond UCITS ETF EUR (Dist)
IE00B4X9L533;A1C9KK;ETF;Ja;HSBC MSCI WORLD UCITS ETF
IE00B4YBJ215;A1JSHV;ETF;Nein;SPDR S&P 400 US Mid Cap UCITS ETF USD
IE00B4YYY703;A0X8WH;FONDS;Nein;PIMCO Funds: Global Investors Series plc - PIMCO Global Core Asset Allocation Fund - E Class EUR (Hedged) Accumulation
IE00B4YZM796;A1CY7U;FONDS;Nein;PIMCO Funds: Global Investors Series plc - Dynamic Bond Fund - G Retail EUR (Hedged) Income
IE00B4Z6HC18;A0RP2B;FONDS;Nein;BNY Mellon Global Funds, plc - BNY Mellon Global Real Return Fund (EUR) Euro A
IE00B4ZJ4188;A0YAJD;FONDS;Ja;Comgest Growth PLC - COMGEST GROWTH EUROPE OPPORTUNITIES EUR Acc Class
IE00B4ZJ4634;A1JJUY;FONDS;Nein;Comgest Growth PLC - COMGEST GROWTH EUROPE S EUR Acc Class
IE00B504KD93;A0RP2K;FONDS;Nein;BNY Mellon Global Funds, plc - BNY Mellon Global Real Return Fund (USD) USD A
IE00B51B7Z02;A1JHYS;ETF;Nein;HSBC MSCI CANADA UCITS ETF
IE00B52MJD48;A0YEDQ;ETF;Ja;iShares Nikkei 225 UCITS ETF JPY (Acc)
IE00B52MJY50;A0YEDR;ETF;Ja;iShares Core MSCI Pacific ex-Japan UCITS ETF USD (Acc)
IE00B52SF786;A0YEDS;ETF;Ja;iShares MSCI Canada UCITS ETF USD (Acc)
IE00B52SFT06;A0YEDU;ETF;Ja;iShares MSCI USA UCITS ETF USD (Acc)
IE00B52VJ196;A1H7ZS;ETF;Ja;iShares MSCI Europe SRI UCITS ETF EUR (Acc)
IE00B52XQP83;A0YJ8Y;ETF;Ja;iShares MSCI South Africa UCITS ETF USD (Acc)
IE00B5377D42;A0YJ80;ETF;Ja;iShares MSCI Australia UCITS ETF USD (Acc)
IE00B539F030;A0YEDT;ETF;Ja;iShares MSCI UK UCITS ETF GBP (Acc)
IE00B53H0131;A1C79N;ETF;Nein;UBS (Irl) Fund Solutions plc - CMCI Composite SF UCITS ETF (USD) A-acc
IE00B53HP851;A0YEDM;ETF;Ja;iShares Core FTSE 100 UCITS ETF GBP (Acc)
IE00B53L3W79;A0YEDJ;ETF;Ja;iShares Core EURO STOXX 50 UCITS ETF EUR (Acc)
IE00B53L4350;A0YEDK;ETF;Ja;iShares Dow Jones Industrial Average UCITS ETF USD (Acc)
IE00B53L4X51;A0YEDP;ETF;Ja;iShares FTSE MIB UCITS ETF EUR (Acc)
IE00B53QDK08;A0YEDV;ETF;Ja;iShares MSCI Japan UCITS ETF USD (Acc)
IE00B53QG562;A0YEDX;ETF;Ja;iShares Core MSCI EMU UCITS ETF EUR (Acc)
IE00B53SZB19;A0YEDL;ETF;Ja;iShares NASDAQ 100 UCITS ETF USD (Acc)
IE00B567SW70;A1JC54;FONDS;Nein;GAM Star Fund p.l.c. - GAM Star Credit Opportunities (EUR) Ordinary Acc
IE00B57PQG06;A1H7SA;FONDS;Nein;GAM Star Fund p.l.c. - GAM Star Disruptive Growth Ordinary Acc
IE00B57X3V84;A1H7ZT;ETF;Ja;iShares Dow Jones Global Leaders Screened UCITS ETF
IE00B5B5L056;A0YELX;FONDS;Nein;PIMCO Funds: Global Investors Series plc - Dynamic Bond Fund - E Class EUR (Hedged) Accumulation
IE00B5B5TG76;A0YESX;ETF;Nein;Invesco EURO STOXX 50 UCITS ETF (Distributing)
IE00B5BD5K76;A1CY17;ETF;Nein;HSBC MSCI EUROPE UCITS ETF
IE00B5BMR087;A0YEDG;ETF;Ja;iShares Core S&P 500 UCITS ETF USD (Acc)
IE00B5KQNG97;A1C19C;ETF;Nein;HSBC S&P 500 UCITS ETF
IE00B5L01S80;A1JCM0;ETF;Nein;HSBC FTSE EPRA NAREIT DEVELOPED UCITS ETF
IE00B5L8K969;A1C1H5;ETF;Ja;iShares MSCI EM Asia UCITS ETF USD (Acc)
IE00B5M1WJ87;A1JT1B;ETF;Nein;SPDR S&P Euro Dividend Aristocrats UCITS ETF EUR
IE00B5M4WH52;A1JADV;ETF;Ja;iShares J.P. Morgan EM Local Govt Bond UCITS ETF USD (Dist)
IE00B5MJYB88;A0RPSF;ETF;Nein;Invesco STOXX Europe 600 Optimised Telecommunications UCITS ETF
IE00B5MJYC95;A0RPSG;ETF;Nein;Invesco STOXX Europe 600 Optimised Travel & Leisure UCITS ETF
IE00B5MJYX09;A0RPR8;ETF;Nein;Invesco STOXX Europe 600 Optimised Industrial Goods & Services UCITS ETF
IE00B5MJYY16;A0RPR7;ETF;Nein;Invesco STOXX Europe 600 Optimised Health Care UCITS ETF
IE00B5MTWD60;A0RPR1;ETF;Nein;Invesco STOXX Europe 600 Optimised Banks UCITS ETF
IE00B5MTWH09;A0RPSB;ETF;Nein;Invesco STOXX Europe 600 Optimised Oil & Gas UCITS ETF
IE00B5MTWY73;A0RPR2;ETF;Nein;Invesco STOXX Europe 600 Optimised Basic Resources UCITS ETF
IE00B5MTWZ80;A0RPSE;ETF;Nein;Invesco STOXX Europe 600 Optimised Technology UCITS ETF
IE00B5MTXJ97;A0RPR9;ETF;Nein;Invesco STOXX Europe 600 Optimised Insurance UCITS ETF
IE00B5MTXK03;A0RPSH;ETF;Nein;Invesco STOXX Europe 600 Optimised Utilities UCITS ETF
IE00B5MTY077;A0RPR3;ETF;Nein;Invesco STOXX Europe 600 Optimised Chemicals UCITS ETF
IE00B5MTY309;A0RPR4;ETF;Nein;Invesco STOXX Europe 600 Optimised Construction & Materials UCITS ETF
IE00B5MTYK77;A0RPR5;ETF;Nein;Invesco STOXX Europe 600 Optimised Financial Services UCITS ETF
IE00B5MTYL84;A0RPR6;ETF;Nein;Invesco STOXX Europe 600 Optimised Food & Beverage UCITS ETF
IE00B5MTZ488;A0RPSA;ETF;Nein;Invesco STOXX Europe 600 Optimised Media UCITS ETF
IE00B5MTZ595;A0RPSC;ETF;Nein;Invesco STOXX Europe 600 Optimised Personal & Household Goods UCITS ETF
IE00B5MTZM66;A0RPSD;ETF;Nein;Invesco STOXX Europe 600 Optimised Retail UCITS ETF
IE00B5NLX835;A0RPR0;ETF;Nein;Invesco STOXX Europe 600 Optimised Automobiles & Parts UCITS ETF
IE00B5SG8Z57;A1C22H;ETF;Nein;HSBC MSCI PACIFIC ex JAPAN UCITS ETF
IE00B5SSQT16;A1JCMZ;ETF;Nein;HSBC MSCI EMERGING MARKETS UCITS ETF
IE00B5V94313;A1JXZG;ETF;Ja;iShares Germany Govt Bond UCITS ETF EUR (Dist)
IE00B5VX7566;A1CXGS;ETF;Nein;HSBC MSCI JAPAN UCITS ETF
IE00B5W4TY14;A1C1H3;ETF;Ja;iShares MSCI Korea UCITS ETF USD (Acc) USD (Acc)
IE00B5WFQ436;A1CY1Q;ETF;Nein;HSBC MSCI USA UCITS ETF
IE00B5WHFQ43;A1C1H0;ETF;Ja;iShares MSCI Mexico Capped UCITS ETF USD (Acc)
IE00B5ZR2157;A1H497;ETF;Nein;PIMCO Euro Short Maturity UCITS ETF - EUR Income
IE00B60SWW18;A0RGCK;ETF;Nein;Invesco STOXX Europe 600 UCITS ETF
IE00B60SWX25;A0RGCL;ETF;Nein;Invesco EURO STOXX 50 UCITS ETF
IE00B60SWY32;A0RGCM;ETF;Nein;Invesco MSCI Europe UCITS ETF
IE00B60SX170;A0RGCQ;ETF;Nein;Invesco MSCI USA UCITS ETF
IE00B60SX287;A0RGCR;ETF;Nein;Invesco MSCI Japan UCITS ETF
IE00B60SX394;A0RGCS;ETF;Nein;Invesco MSCI World UCITS ETF
IE00B60SX402;A0RGCT;ETF;Nein;Invesco Russell 2000 UCITS ETF
IE00B622SG73;A1JBLF;ETF;Nein;PIMCO Sterling Short Maturity UCITS ETF - GBP Income
IE00B652H904;A1JNZ9;ETF;Ja;iShares EM Dividend UCITS ETF USD (Dist)
IE00B66F4759;A1C3NE;ETF;Ja;iShares € High Yield Corp Bond UCITS ETF
IE00B67B7N93;A1JE9L;ETF;Nein;PIMCO US Dollar Short Maturity UCITS ETF - USD Income
IE00B68FF474;A1H7JG;FONDS;Nein;Magna Umbrella Fund plc - Magna New Frontiers Fund R Class Shares EUR
IE00B68JD125;A1JSQY;FONDS;Nein;Seilern International Funds PLC - Seilern Europa EUR U R
IE00B6QGFW01;A1JTNB;ETF;Ja;iShares Emerging Asia Local Govt Bond UCITS ETF USD (Dist)
IE00B6R51Z18;A1JKQL;ETF;Ja;iShares Oil & Gas Exploration & Production UCITS ETF USD (Acc)
IE00B6R52036;A1JKQJ;ETF;Ja;iShares Gold Producers UCITS ETF USD (Acc)
IE00B6R52143;A1JKQK;ETF;Ja;iShares Agribusiness UCITS ETF USD (Acc)
IE00B6R52259;A1JMDF;ETF;Ja;iShares MSCI ACWI UCITS ETF USD (Acc)
IE00B6S2Z822;A1JT1C;ETF;Nein;SPDR S&P UK Dividend Aristocrats UCITS ETF GBP
IE00B6SPMN59;A1J784;ETF;Ja;iShares Edge S&P 500 Minimum Volatility UCITS ETF USD (Acc)
IE00B6TJN447;A1JV70;FONDS;Nein;Barings Global Umbrella Fund - Barings Eastern Europe Fund - Class A USD Acc
IE00B6TLBW47;A1JWS3;ETF;Ja;iShares J.P. Morgan $ EM Corp Bond UCITS ETF USD (Dist)
IE00B6X2JP23;A1JSK1;FONDS;Nein;Comgest Growth PLC - COMGEST GROWTH AMERICA EUR R Acc Class
IE00B6X2VY59;A1J5ST;ETF;Ja;iShares € Corp Bond Interest Rate Hedged UCITS ETF EUR (Dist)
IE00B6X4BP29;A1VBKD;ETC;Nein;WisdomTree Gold 3x Daily Short ETC
IE00B6X8T619;A1JSK8;FONDS;Nein;Comgest Growth PLC - COMGEST GROWTH EUROPE EUR R Acc Class
IE00B6YX5B26;A1JKSZ;ETF;Nein;SPDR S&P Emerging Markets Dividend Aristocrats UCITS ETF USD
IE00B6YX5C33;A1JULM;ETF;Ja;SPDR S&P 500 UCITS ETF USD
IE00B6YX5D40;A1JKS0;ETF;Ja;SPDR S&P U.S. Dividend Aristocrats UCITS ETF USD
IE00B6YX5F63;A1JKSV;ETF;Nein;SPDR Bloomberg Barclays 1-3 Year Euro Government Bond UCITS ETF EUR
IE00B6YX5K17;A1JKSX;ETF;Nein;SPDR Bloomberg Barclays 1-5 Year Gilt UCITS ETF GBP
IE00B6YX5L24;A1JKSY;ETF;Nein;SPDR Bloomberg Barclays 15+ Year Gilt UCITS ETF GBP
IE00B6YX5M31;A1JKSU;ETF;Nein;SPDR Bloomberg Barclays Euro High Yield Bond UCITS ETF EUR
IE00B7452L46;A1JT1A;ETF;Nein;SPDR FTSE UK All Share UCITS ETF GBP
IE00B74DQ490;A1J7MG;ETF;Ja;iShares Global High Yield Corp Bond UCITS ETF USD (Dist)
IE00B77D4428;A1JVB6;ETF;Nein;UBS (Irl) ETF plc - MSCI USA UCITS ETF (USD) A-dis
IE00B78JSG98;A1JVB8;ETF;Nein;UBS (Irl) ETF plc - MSCI USA Value UCITS ETF (USD) A-dis
IE00B7J7TB45;A1J0YD;ETF;Ja;iShares Global Corp Bond UCITS ETF USD (Dist)
IE00B7K93397;A1JVB5;ETF;Nein;UBS (Irl) ETF plc - S&P 500 UCITS ETF (USD) A-dis
IE00B7KMNP07;A1JVYP;ETF;Nein;UBS (Irl) ETF plc - Solactive Global Pure Gold Miners UCITS ETF (USD) A-dis
IE00B7KQ7B66;A1JVCA;ETF;Ja;UBS (Irl) ETF plc - MSCI World UCITS ETF (USD) A-dis
IE00B7LGZ558;A1JXZF;ETF;Ja;iShares France Govt Bond UCITS ETF - EUR DIS ETF
IE00B7LW6Y90;A1JXZH;ETF;Ja;iShares Italy Govt Bond UCITS ETF EUR (Dist)
IE00B7N3YW49;A1JU1K;ETF;Nein;PIMCO US Short-Term High Yield Corporate Bond Index UCITS ETF - USD Income
IE00B7SD4R47;A1VBKT;ETF;Nein;WisdomTree EURO STOXX 50® 3x Daily Leveraged
IE00B7WK2W23;A1JZY0;ETF;Nein;UBS (Irl) Fund Solutions plc - MSCI AC Asia Ex Japan SF UCITS ETF (USD) A-acc
IE00B7XD2195;A1VBKL;ETC;Nein;WisdomTree Silver 3x Daily Leveraged ETC
IE00B7Y34M31;A1VBKR;ETF;Nein;WisdomTree S&P 500 3x Daily Leveraged
IE00B802KR88;A1J3PA;ETF;Nein;SPDR S&P 500 Low Volatility UCITS ETF USD
IE00B80FZF09;A1JZQH;FONDS;Nein;J O Hambro Capital Management Umbrella Fund Plc - J O Hambro Capital Management Global Opportunities Fund B EUR
IE00B810Q511;A1JX54;ETF;Ja;VANGUARD FTSE 100 UCITS ETF - (GBP) Distributing
IE00B86MWN23;A1J783;ETF;Ja;iShares Edge MSCI Europe Minimum Volatility UCITS ETF EUR (Acc)
IE00B878KX55;A1VBKS;ETF;Nein;WisdomTree DAX 3x Daily Leveraged
IE00B87G8S03;A1J40N;ETF;Ja;iShares Global AAA-AA Govt Bond UCITS ETF USD (Dist)
IE00B87RLX93;A1T94L;ETF;Ja;iShares € Corp Bond Financials UCITS ETF EUR (Dist)
IE00B89JT176;A1JZQK;FONDS;Nein;J O Hambro Capital Management Umbrella Fund Plc - J O Hambro Capital Management Global Opportunities Fund B GBP
IE00B8CJW150;A1T96S;ETF;Nein;Invesco Morningstar US Energy Infrastructure MLP UCITS ETF (Distributing)
IE00B8FHGS14;A1J781;ETF;Ja;iShares Edge MSCI World Minimum Volatility UCITS ETF USD (Acc)
IE00B8GF1M35;A1J3PB;ETF;Nein;SPDR Dow Jones Global Real Estate UCITS ETF Dist USD
IE00B8GKDB10;A1T8FV;ETF;Ja;VANGUARD FTSE All-World High Dividend Yield UCITS ETF - (USD) Distributing
IE00B8GKPP93;A1VBKG;ETF;Nein;WisdomTree DAX 3x Daily Short
IE00B8HGT870;A1VBKP;ETC;Nein;WisdomTree Gold 3x Daily Leveraged ETC
IE00B8J37J31;A1J78Y;ETF;Ja;iShares MSCI Japan CHF Hedged UCITS ETF (Acc) CHF (Acc)
IE00B8JF9153;A1VBKH;ETF;Nein;WisdomTree EURO STOXX 50® 3x Daily Short
IE00B8JG1787;A1VBAP;ETC;Nein;WisdomTree Silver 3x Daily Short ETC
IE00B8K7KM88;A1VBKF;ETF;Nein;WisdomTree S&P 500 3x Daily Short
IE00B8KGV557;A1J782;ETF;Ja;iShares Edge MSCI EM Minimum Volatility UCITS ETF USD (Acc)
IE00B8KMSQ34;A1J7W9;ETF;Ja;Xtrackers S&P 500 UCITS ETF 3C - CHF Hedged
IE00B8KQN827;A1J88N;AKTIE;Ja;EATON CORP.PLC DL -,01
IE00B8N0MW85;A1J5ZE;FONDS;Nein;PIMCO Funds: Global Investors Series plc - Income Fund - E Class EUR (Hedged) Income
IE00B8X9NW27;A1T860;ETF;Nein;FIRST TRUST GLOBAL FUNDS PUBLIC LIMITED COMPANY - First Trust US Large Cap Core AlphaDEX® UCITS ETF Class A Accumulation USD
IE00B8X9NX34;A1T861;ETF;Nein;FIRST TRUST GLOBAL FUNDS PUBLIC LIMITED COMPANY - First Trust Emerging Markets AlphaDEX® UCITS ETF Class A Accumulation USD
IE00B8X9NY41;A12FF3;ETF;Nein;FIRST TRUST GLOBAL FUNDS PUBLIC LIMITED COMPANY - First Trust Eurozone AlphaDEX® UCITS ETF Class A Accumulation EUR
IE00B910VR50;A1KBQ3;ETF;Nein;SPDR MSCI EMU UCITS ETF EUR
IE00B91XRN20;A1KAVV;AKTIE;Ja;PROTHENA CORP. PLC DL-,01
IE00B945VV12;A1T8FS;ETF;Ja;VANGUARD FTSE Developed Europe UCITS ETF - (EUR) Distributing
IE00B94QKC83;A2BAGG;ETF;Nein;WisdomTree FTSE 100 2x Daily Leveraged - GBP ACC ETF
IE00B94QKF15;A2BAGE;ETF;Nein;WisdomTree FTSE 100 2x Daily Short - GBP ACC ETF
IE00B94QLN63;A1ZHVL;ETC;Nein;WisdomTree Palladium 2x Daily Leveraged - USD ACC ETP/ETC
IE00B94QLR02;A1ZHVK;ETC;Nein;WisdomTree Palladium 1x Daily Short - USD ACC ETP/ETC
IE00B94ZB998;A1T79J;ETF;Nein;Invesco Morningstar US Energy Infrastructure MLP UCITS ETF
IE00B95PGT31;A1T8FU;ETF;Ja;VANGUARD FTSE Japan UCITS ETF - (USD) Distributing
IE00B979GK47;A2PFYX;ETF;Nein;SPDR S&P U.S. Dividend Aristocrats UCITS ETF EUR Hedged
IE00B988C465;A1W2EP;ETF;Ja;iShares Global High Yield Corp Bond CHF Hedged UCITS ETF (Dist) CHF (Dist)
IE00B99FL386;A1W3VZ;ETF;Nein;SPDR® Bloomberg SASB U.S. High Yield Corporate ESG UCITS ETF USD
IE00B9CQXS71;A1T8GD;ETF;Ja;SPDR S&P Global Dividend Aristocrats UCITS ETF USD
IE00B9F5YL18;A1T8FT;ETF;Ja;VANGUARD FTSE Developed Asia Pacific ex Japan UCITS ETF - (USD) Distributing
IE00B9KNR336;A1T8GC;ETF;Nein;SPDR S&P Pan Asia Dividend Aristocrats UCITS ETF USD
IE00B9M04V95;A1W2EQ;ETF;Ja;iShares J.P. Morgan $ EM Bond CHF Hedged UCITS ETF (Dist) USD (Dist)
IE00B9M6RS56;A1W0MQ;ETF;Ja;iShares J.P. Morgan $ EM Bond EUR Hedged UCITS ETF (Dist)
IE00B9M6SJ31;A1W02Q;ETF;Ja;iShares Global Corp Bond EUR Hedged UCITS ETF (Dist)
IE00B9MRHC27;A1T791;ETF;Ja;Xtrackers MSCI Nordic UCITS ETF 1D
IE00B9MRJJ36;A1T795;ETF;Ja;Xtrackers Germany Mittelstand & MidCap UCITS ETF 1D
IE00BBL4VW61;A1W7DC;FONDS;Nein;Federated Hermes Investment Funds Plc - Federated Hermes Asia ex-Japan Equity Fund Class R USD Accumulating
IE00BBQ2W338;A1W2EL;ETF;Nein;HSBC MSCI AC FAR EAST ex JAPAN UCITS ETF
IE00BC7GZJ81;A1W3V0;ETF;Nein;SPDR Bloomberg Barclays 1-3 Year U.S. Treasury Bond UCITS ETF USD
IE00BC7GZW19;A1W3V1;ETF;Nein;SPDR Bloomberg Barclays 0-3 Year Euro Corporate Bond UCITS ETF EUR
IE00BC7GZX26;A1W3V2;ETF;Nein;SPDR Bloomberg Barclays 0-3 Year US Corporate Bond UCITS ETF USD
IE00BCBJG560;A1W56P;ETF;Ja;SPDR MSCI World Small Cap UCITS ETF - USD ACC ETF
IE00BCHWNQ94;A1W3F6;ETF;Ja;Xtrackers MSCI World Screened UCITS ETF - 1D USD DIS ETF
IE00BCHWNS19;A1W3F8;ETF;Ja;Xtrackers MSCI USA Energy UCITS ETF 1D
IE00BCHWNT26;A1W3F9;ETF;Ja;Xtrackers MSCI USA Financials UCITS ETF 1D
IE00BCHWNV48;A1W3GA;ETF;Ja;Xtrackers MSCI USA Industrials UCITS ETF 1D
IE00BCHWNW54;A1W3GB;ETF;Ja;Xtrackers MSCI USA Health Care UCITS ETF 1D
IE00BCLWRB83;A1W37Y;ETF;Ja;iShares $ Corp Bond Interest Rate Hedged UCITS ETF USD (Dist)
IE00BCLWRD08;A1W370;ETF;Ja;iShares MSCI EMU Mid Cap UCITS ETF EUR (Acc)
IE00BCLWRF22;A1W37Z;ETF;Ja;iShares MSCI EMU Large Cap UCITS ETF EUR (Acc)
IE00BCLWRG39;A1W2ES;ETF;Ja;iShares MSCI Japan USD Hedged UCITS ETF (Acc) USD (Acc)
IE00BCRY5Y77;A1W372;ETF;Ja;iShares $ Short Duration Corp Bond UCITS ETF USD (Dist)
IE00BCRY6003;A1W373;ETF;Ja;iShares $ Short Duration High Yield Corp Bond UCITS ETF USD (Dist)
IE00BCRY6227;A1W374;ETF;Ja;iShares $ Ultrashort Bond UCITS ETF USD (Dist)
IE00BCRY6557;A1W375;ETF;Ja;iShares € Ultrashort Bond UCITS ETF EUR (Dist)
IE00BD0B9B76;A2DVK8;ETF;Ja;iShares Refinitiv Inclusion and Diversity UCITS ETF
IE00BD0Q9673;A2AN8T;ETF;Nein;Invesco US High Yield Fallen Angels UCITS ETF
IE00BD1DJ122;A2AQBB;FONDS;Nein;Comgest Growth PLC - COMGEST GROWTH JAPAN EUR R Acc Class
IE00BD1F4K20;A2AP33;ETF;Ja;iShares Edge MSCI USA Size Factor UCITS ETF USD (Acc)
IE00BD1F4L37;A2AP34;ETF;Ja;iShares Edge MSCI USA Quality Factor UCITS ETF USD (Acc)
IE00BD1F4M44;A2AP35;ETF;Ja;iShares Edge MSCI USA Value Factor UCITS ETF USD (Acc)
IE00BD1F4N50;A2AP36;ETF;Ja;iShares Edge MSCI USA Momentum Factor UCITS ETF USD (Acc)
IE00BD1RP616;A2DR6L;AKTIE;Ja;BK OF IRELD GRP EO 1
IE00BD34DK07;A2AMYQ;ETF;Nein;UBS (Irl) ETF plc - S&P 500 UCITS ETF (hedged to EUR) A-acc
IE00BD3V0B10;A2JHXR;ETF;Ja;iShares S&P U.S. Banks UCITS ETF USD (Acc)
IE00BD45KH83;A2JDYF;ETF;Ja;iShares Core MSCI EM IMI UCITS ETF USD (Dist)
IE00BD4DX952;A144GB;ETF;Ja;Xtrackers ESG USD Emerging Markets Bond Quality Weighted UCITS ETF 1D
IE00BD4DXB77;A144GC;ETF;Ja;Xtrackers ESG USD Emerging Markets Bond Quality Weighted UCITS ETF 2D - EUR Hedged
IE00BD4TXV59;A2PK5J;ETF;Ja;UBS (Irl) ETF plc - MSCI World UCITS ETF (USD) A-acc
IE00BD4TYG73;A1W5DE;ETF;Nein;UBS (Irl) ETF plc - MSCI USA hedged to EUR UCITS ETF (EUR) A-acc
IE00BD5B1Y92;A2DJ8V;AKTIE;Nein;BANK OF CYPRUS HLD.EO-,10
IE00BD5HBS12;A2AT6U;ETF;Nein;FIRST TRUST GLOBAL FUNDS PUBLIC LIMITED COMPANY - First Trust FactorFX UCITS ETF Class C (Hedged) Accumulation EUR
IE00BD5HXD05;A1W561;FONDS;Nein;Comgest Growth PLC - COMGEST GROWTH EUROPE EUR Z Acc Class
IE00BD5HXK71;A1W566;FONDS;Nein;Comgest Growth PLC - COMGEST GROWTH WORLD EUR R Acc Class
IE00BD6JX574;A2DXB7;AKTIE;Ja;GLENVEAGH PROP. EO -,001
IE00BD6RZT93;A2ARXC;ETF;Ja;WisdomTree US Equity Income UCITS ETF - Acc
IE00BD6RZW23;A2AS6C;ETF;Ja;WisdomTree US Equity Income UCITS ETF - EUR Hedged Acc
IE00BD845X29;A2AT0H;AKTIE;Ja;ADIENT PLC DL-,001
IE00BD8D5G25;A2DLP1;ETF;Nein;PIMCO Euro Short-Term High Yield Corporate Bond Index UCITS ETF - EUR Accumulation
IE00BD8D5H32;A2DLP2;ETF;Nein;PIMCO Euro Short-Term High Yield Corporate Bond Index UCITS ETF - EUR Income
IE00BD8PGZ49;A2DXN8;ETF;Ja;iShares $ Treasury Bond 20+yr UCITS ETF EUR Hedged (Dist)
IE00BD8PH067;A2DXN9;ETF;Ja;iShares $ Treasury Bond 20+yr UCITS ETF CHF Hedged (Dist)
IE00BD8PH174;A2DXN7;ETF;Ja;iShares Global Inflation Linked Govt Bond UCITS ETF EUR Hedged (Dist)
IE00BD93YH54;A2JDDH;ETF;Ja;iShares Edge S&P 500 Minimum Volatility UCITS ETF USD (Dist)
IE00BD9MMD49;A2JG3B;ETF;Nein;JPM BetaBuilders US Treasury Bond 1-3 yr UCITS ETF - USD (acc)
IE00BD9MMF62;A2JG3C;ETF;Nein;JPM EUR Ultra-Short Income UCITS ETF - EUR (acc)
IE00BDB6Q211;A2AC3K;AKTIE;Ja;WILLIS TOWERS WATSON
IE00BDB7J586;A2ALVG;ETF;Ja;Xtrackers MSCI USA Minimum Volatility UCITS ETF 1D
IE00BDBRDM35;A2H6ZT;ETF;Ja;iShares Core Global Aggregate Bond UCITS ETF EUR Hedged (Acc)
IE00BDBRT036;A2DLPK;ETF;Nein;FIRST TRUST GLOBAL FUNDS PUBLIC LIMITED COMPANY - First Trust Nasdaq® Clean Edge® Green Energy UCITS ETF Class A Accumulation USD
IE00BDC5DG00;A2ALC1;AKTIE;Ja;KENMARE RES PLC EO-,001
IE00BDD48R20;A2JCCL;ETF;Ja;VANGUARD USD Corporate 1-3 Year Bond UCITS ETF - (USD) Distributing
IE00BDD48S37;A2JCCM;ETF;Ja;Vanguard EUR Corporate 1-3 Year Bond UCITS ETF - (EUR) Dis
IE00BDDRDW15;A2JQ2J;ETF;Ja;iShares J.P. Morgan ESG $ EM Bond UCITS ETF USD (Dist)
IE00BDDRDY39;A2JQ3G;ETF;Nein;JPM USD Emerging Markets Sovereign Bond UCITS ETF - EUR Hedged (acc)
IE00BDDRF478;A2JQ2H;ETF;Ja;iShares S&P 500 Communication Sector UCITS ETF USD (Acc)
IE00BDDRF700;A2JR0J;ETF;Ja;HAN-GINS Tech Megatrend Equal Weight UCITS ETF - Acc
IE00BDF12W49;A2ARXB;ETF;Ja;WisdomTree Emerging Markets Equity Income UCITS ETF - Acc
IE00BDF16114;A2ARXA;ETF;Ja;WisdomTree Europe SmallCap Dividend UCITS ETF - Acc
IE00BDFBTQ78;A2JDEJ;ETF;Ja;VanEck Global Mining UCITS ETF
IE00BDFC6G93;A2JBL7;ETF;Nein;JPM USD Emerging Markets Sovereign Bond UCITS ETF - USD (dist)
IE00BDFC6Q91;A2JBL6;ETF;Nein;JPM USD Ultra-Short Income UCITS ETF - USD (dist)
IE00BDFGJ627;A2JE3Z;ETF;Ja;iShares USD Floating Rate Bond UCITS ETF USD (Acc)
IE00BDFJYM28;A2JE32;ETF;Ja;iShares US Aggregate Bond UCITS ETF EUR Hedged (Acc)
IE00BDFJYP58;A2JE36;ETF;Ja;iShares Fallen Angels High Yield Corp Bond UCITS ETF USD (Acc)
IE00BDFK1573;A2JE39;ETF;Ja;iShares $ Treasury Bond 1-3yr UCITS ETF EUR Hedged (Acc)
IE00BDFL4P12;A2DK6R;ETF;Ja;iShares Diversified Commodity Swap UCITS ETF
IE00BDGMC594;A2DJ5B;AKTIE;Ja;AVADEL PHARMACEUTICALS
IE00BDGN9Z19;A2AP5L;ETF;Ja;Xtrackers MSCI EMU Screened UCITS ETF - 1D EUR DIS ETF
IE00BDGV0308;A2DND0;ETF;Nein;UBS (Irl) ETF plc - MSCI USA Select Factor Mix UCITS ETF (USD) A-dis
IE00BDGV0415;A2JSD1;ETF;Nein;UBS (Irl) ETF plc - MSCI USA Select Factor Mix UCITS ETF (USD) A-acc
IE00BDQYWQ65;A2DKPQ;ETF;Ja;iShares $ TIPS 0-5 UCITS ETF
IE00BDQZ5152;A2DKPP;ETF;Ja;iShares $ Intermediate Credit Bond UCITS ETF
IE00BDR55927;A2H5CB;ETF;Nein;UBS (Irl) ETF plc - MSCI ACWI Socially Responsible UCITS ETF (hedged to EUR) A-acc
IE00BDR5H073;A2H5JL;ETF;Nein;UBS (Irl) ETF plc - Global Gender Equality UCITS ETF (hedged to EUR) A-acc
IE00BDR5H412;A2H5CF;ETF;Nein;UBS (Irl) ETF plc - Global Gender Equality UCITS ETF (hedged to CHF) A-acc
IE00BDR5HM97;A2DXQ6;ETF;Ja;Xtrackers USD High Yield Corporate Bond UCITS ETF 1D
IE00BDR5HN05;A2DXQ7;ETF;Ja;Xtrackers USD High Yield Corporate Bond UCITS ETF
IE00BDS67326;A2DQKN;ETF;Ja;VanEck J.P. Morgan EM Local Currency Bond UCITS ETF
IE00BDT6FP91;A2JE3J;ETF;Nein;SPDR Refinitiv Global Convertible Bond UCITS ETF EUR Hedged
IE00BDT8V027;A2JEE2;ETF;Nein;Invesco Preferred Shares UCITS ETF (EUR Hdg)
IE00BDVPNG13;A2N7KX;ETF;Ja;WisdomTree Artificial Intelligence UCITS ETF – USD Acc
IE00BDVPNS35;A3CZJN;ETF;Ja;WisdomTree Enhanced Commodity ex-Agriculture UCITS ETF - USD Acc
IE00BDVPNV63;A3CNQ1;ETF;Ja;WisdomTree Enhanced Commodity ex-Agriculture UCITS ETF - EUR Hedged Acc
IE00BDVPTJ63;A2N6AF;ETF;Ja;Xtrackers MSCI USA Banks UCITS ETF
IE00BDZCKK11;A2DMBV;ETF;Nein;Invesco S&P 500 QVM UCITS ETF
IE00BDZVH966;A2JDYH;ETF;Ja;iShares $ TIPS UCITS ETF EUR Hedged (Acc)
IE00BDZVHD04;A2JDYL;ETF;Ja;iShares Developed Markets Property Yield UCITS ETF EUR Hedged (Acc)
IE00BDZVHG35;A2JDYM;ETF;Ja;iShares Nasdaq US Biotechnology UCITS ETF USD (Dist)
IE00BDZVHT63;A2JFZ4;FONDS;Nein;Fidelity UCITS II ICAV - Fidelity MSCI Pacific ex-Japan Index Fund P USD ACC
IE00BDZZTM54;A2DX7X;ETF;Ja;iShares MSCI World SRI UCITS ETF USD (Dist)
IE00BF0BCP69;A2DQ7M;ETF;Nein;L&G All Commodities UCITS ETF - USD Accumulating ETF
IE00BF0H7608;A2H9XR;ETF;Nein;L&G Pharma Breakthrough UCITS ETF - USD ACC
IE00BF0L3536;A2DW7N;AKTIE;Ja;AIB GROUP PLC EO -,625
IE00BF0M2Z96;A2H5GK;ETF;Nein;L&G Battery Value-Chain UCITS ETF - USD Accumulating ETF
IE00BF0M6N54;A2H5GL;ETF;Nein;L&G Ecommerce Logistics UCITS ETF - USD Accumulating ETF
IE00BF11F458;A2DUC4;ETF;Ja;iShares $ Floating Rate Bond UCITS ETF EUR Hedged (Dist)
IE00BF11F565;A2DUC3;ETF;Ja;iShares Core € Corp Bond UCITS ETF EUR (Acc)
IE00BF16M727;A2P4HV;ETF;Nein;FIRST TRUST GLOBAL FUNDS PUBLIC LIMITED COMPANY - First Trust Nasdaq Cybersecurity UCITS ETF A USD
IE00BF1B7389;A2JQU5;ETF;Nein;SPDR MSCI ACWI UCITS ETF EUR Hedged
IE00BF1QPL78;A2H8NQ;ETF;Nein;SPDR Bloomberg Barclays Global Aggregate Bond UCITS ETF EUR Hedged
IE00BF20LF40;A2DRG3;ETF;Ja;iShares MSCI Europe Mid Cap UCITS ETF EUR (Acc)
IE00BF2B0K52;A2DTF1;ETF;Nein;Franklin LibertyQ Emerging Markets UCITS ETF
IE00BF2B0L69;A2DTF2;ETF;Nein;Franklin LibertyQ European Dividend UCITS ETF
IE00BF2B0M76;A2DTF0;ETF;Nein;Franklin LibertyQ Global Dividend UCITS ETF
IE00BF2B0P08;A2DTFZ;ETF;Nein;Franklin LibertyQ U.S. Equity UCITS ETF
IE00BF2FN646;A2N7D2;ETF;Nein;Invesco US Treasury Bond 7-10 Year UCITS ETF
IE00BF2FN869;A2PELX;ETF;Nein;Invesco US Treasury Bond 7-10 Year UCITS ETF EUR Hdg Dist
IE00BF2FNG46;A2N7D1;ETF;Nein;Invesco US Treasury Bond 1-3 Year UCITS ETF
IE00BF2FNQ44;A2N8PA;ETF;Nein;Invesco US Treasury Bond 3-7 Year UCITS ETF
IE00BF2GFH28;A2N7D0;ETF;Nein;Invesco US Treasury Bond UCITS ETF
IE00BF2NR112;A2DTQZ;AKTIE;Ja;GREENCOAT RENEWAB.EO-,01
IE00BF2QSQ20;A2JAE2;ETF;Ja;iShares Edge MSCI USA Quality Factor UCITS ETF USD (Dist)
IE00BF3N6Y61;A2DUCY;ETF;Ja;iShares $ Corp Bond UCITS ETF EUR Hedged (Dist)
IE00BF3N6Z78;A2DUC2;ETF;Ja;iShares Global Corp Bond UCITS ETF USD Hedged (Acc)
IE00BF3N7094;A2DUCZ;ETF;Ja;iShares € High Yield Corp Bond UCITS ETF EUR (Acc)
IE00BF3N7102;A2DUCX;ETF;Ja;iShares $ High Yield Corp Bond UCITS ETF EUR Hedged (Dist)
IE00BF3N7219;A2DUC1;ETF;Ja;iShares Fallen Angels High Yield Corp Bond UCITS ETF EUR Hedged (Dist)
IE00BF4G6Y48;A2DWM6;ETF;Nein;JPM Global Research Enhanced Index Equity (ESG) UCITS ETF - USD (acc)
IE00BF4G6Z54;A2DWM5;ETF;Nein;JPM Global Emerging Markets Research Enhanced Index Equity (ESG) UCITS ETF - USD (acc)
IE00BF4G7076;A2DWM7;ETF;Ja;JPM US Research Enhanced Index Equity UCITS ETF - USD (acc)
IE00BF4G7183;A2DWM4;ETF;Nein;JPM Europe Research Enhanced Index Equity (ESG) UCITS ETF - EUR (acc)
IE00BF4NQ904;A2N390;ETF;Nein;HSBC MSCI CHINA A UCITS ETF
IE00BF4RFH31;A2DWBY;ETF;Ja;iShares MSCI World Small Cap UCITS ETF USD (Acc)
IE00BF4TW453;A2F4WK;ETF;Nein;WisdomTree Bund 30Y 3x Daily Short
IE00BF4TWC33;A2HH1S;ETC;Ja;WisdomTree Industrial Metals Enhanced ETC
IE00BF4TWF63;A2HH1T;ETC;Nein;WisdomTree Energy Enhanced ETC
IE00BF51K025;A2DX8R;ETF;Nein;Invesco USD Corporate Bond UCITS ETF
IE00BF51K249;A2DX8S;ETF;Nein;Invesco Euro Corporate Bond UCITS ETF
IE00BF540Y54;A2H6ZS;ETF;Ja;iShares Core Global Aggregate Bond UCITS ETF GBP Hedged (Dist)
IE00BF540Z61;A2JEMG;ETF;Ja;VanEck Global Fallen Angel High Yield Bond UCITS ETF
IE00BF541080;A2JEMH;ETF;Ja;VanEck Emerging Markets High Yield Bond UCITS ETF
IE00BF553838;A2N5WA;ETF;Ja;iShares J.P. Morgan ESG $ EM Bond UCITS ETF USD (Acc)
IE00BF59RV63;A2N76C;ETF;Nein;JPM USD Corporate Bond Research Enhanced Index UCITS ETF - USD (acc)
IE00BF59RW70;A2N76E;ETF;Nein;JPM EUR Corporate Bond 1-5 yr Research Enhanced Index UCITS ETF - EUR (acc)
IE00BF59RX87;A2N76D;ETF;Nein;JPM EUR Corporate Bond Research Enhanced Index UCITS ETF - EUR (acc)
IE00BF5DXP42;A2JC8P;ETF;Nein;FIRST TRUST GLOBAL FUNDS PUBLIC LIMITED COMPANY - First Trust Indxx Innovative Transaction & Process UCITS ETF Class A Accumulation USD
IE00BF5GB717;A2JBMD;ETF;Ja;iShares € Floating Rate Bond UCITS ETF EUR (Dist)
IE00BF8HV600;A1W6DH;ETF;Nein;PIMCO US Short-Term High Yield Corporate Bond Index UCITS ETF - EUR (Hedged) Income
IE00BF8HV717;A1W6DJ;ETF;Nein;PIMCO Covered Bond UCITS ETF - EUR Income
IE00BF8J5974;A2H5F5;ETF;Ja;Xtrackers iBoxx USD Corporate Bond Yield Plus UCITS ETF 1D
IE00BF92J153;A2H5GM;ETF;Nein;L&G Digital Payments UCITS ETF - USD Accumulating ETF
IE00BF92LV92;A2JFY7;ETF;Nein;Ossiam ESG Low Carbon Shiller Barclays CAPE® US Sector UCITS ETF 1A/A (EUR)
IE00BFD2H405;A2N9EF;ETF;Nein;FIRST TRUST GLOBAL FUNDS PUBLIC LIMITED COMPANY - First Trust Cloud Computing UCITS ETF Class A Accumulation USD
IE00BFF5RX68;A2JAE3;ETF;Ja;iShares Edge MSCI USA Value Factor UCITS ETF USD (Dist)
IE00BFF5RZ82;A2JAE4;ETF;Ja;iShares Edge MSCI USA Momentum Factor UCITS ETF USD (Dist)
IE00BFM15T99;A2N8RU;ETF;Ja;iShares Core MSCI Japan IMI UCITS ETF USD (Dist)
IE00BFM6T814;A2JKT1;ETF;Ja;iShares Emerging Asia Local Govt Bond UCITS ETF USD (Acc)
IE00BFM6T921;A2JKTX;ETF;Ja;iShares Developed Markets Property Yield UCITS ETF USD (Acc)
IE00BFM6TB42;A2JKTY;ETF;Ja;iShares Global Corp Bond UCITS ETF USD (Acc)
IE00BFM6TC58;A2JKTZ;ETF;Ja;iShares $ Treasury Bond 20+yr UCITS ETF USD (Acc)
IE00BFM6TD65;A2JKT0;ETF;Ja;iShares J.P. Morgan $ EM Corp Bond UCITS ETF USD (Acc)
IE00BFMKQ930;A2JNWQ;ETF;Ja;Xtrackers iBoxx USD Corporate Bond Yield Plus UCITS ETF 2C - EUR Hedged
IE00BFMM8Y81;A2JGQE;ETF;Ja;iShares Spain Govt Bond UCITS ETF USD Hedged (Acc)
IE00BFMM9235;A2JGQJ;ETF;Ja;iShares Italy Govt Bond UCITS ETF USD Hedged (Acc)
IE00BFMNHK08;A2JHSG;ETF;Ja;Xtrackers MSCI Europe ESG UCITS ETF 1C
IE00BFMNPS42;A2JHSH;ETF;Ja;Xtrackers MSCI USA ESG UCITS ETF 1C
IE00BFMXVQ44;A2PFN5;ETF;Ja;VANGUARD FTSE 250 UCITS ETF - (GBP) Accumulating
IE00BFMXXD54;A2PFN2;ETF;Ja;VANGUARD S&P 500 UCITS ETF - (USD) Accumulating
IE00BFMXYP42;A2PFN4;ETF;Ja;VANGUARD FTSE 100 UCITS ETF - (GBP) Accumulating
IE00BFMXYX26;A2PLS8;ETF;Ja;VANGUARD FTSE Japan UCITS ETF - (USD) Accumulating
IE00BFMXYY33;A2PL2G;ETF;Ja;VANGUARD FTSE Japan UCITS ETF - EUR Hedged Accumulating
IE00BFNM3B99;A2N48B;ETF;Ja;iShares MSCI EMU ESG Screened UCITS ETF EUR (Acc)
IE00BFNM3C07;A2N48C;ETF;Ja;iShares MSCI EMU ESG Screened UCITS ETF EUR (Dist)
IE00BFNM3D14;A2N48D;ETF;Ja;iShares MSCI Europe ESG Screened UCITS ETF EUR (Acc)
IE00BFNM3F38;A2N48E;ETF;Ja;iShares MSCI Europe ESG Screened UCITS ETF EUR (Dist)
IE00BFNM3G45;A2N6TB;ETF;Ja;iShares MSCI USA ESG Screened UCITS ETF USD (Acc)
IE00BFNM3H51;A2N6TC;ETF;Ja;iShares MSCI USA ESG Screened UCITS ETF USD (Dist)
IE00BFNM3J75;A2N6TD;ETF;Ja;iShares MSCI World ESG Screened UCITS ETF USD (Acc)
IE00BFNM3K80;A2N6TE;ETF;Ja;iShares MSCI World ESG Screened UCITS ETF USD (Dist)
IE00BFNM3L97;A2N6TF;ETF;Ja;iShares MSCI Japan ESG Screened UCITS ETF USD (Acc)
IE00BFNM3M05;A2N6TG;ETF;Ja;iShares MSCI Japan ESG Screened UCITS ETF USD (Dist)
IE00BFNM3N12;A2N6TJ;ETF;Ja;iShares MSCI EM IMI ESG Screened UCITS ETF USD (Dist)
IE00BFNM3P36;A2N6TH;ETF;Ja;iShares MSCI EM IMI ESG Screened UCITS ETF USD (Acc)
IE00BFNNN236;A2JQ0E;ETF;Ja;WisdomTree AT1 CoCo Bond UCITS ETF
IE00BFRT3W74;A1W869;AKTIE;Ja;ALLEGION PLC DL 1
IE00BFTWP510;A1W8WD;ETF;Nein;SPDR EURO STOXX Low Volatility UCITS ETF EUR
IE00BFWFPX50;A2JPTK;ETF;Nein;SPDR S&P U.S. Communication Services Select Sector UCITS ETF USD
IE00BFWFPY67;A2JPTJ;ETF;Nein;SPDR Bloomberg Barclays Emerging Markets Local Bond UCITS ETF USD Unhedged Acc
IE00BFWXDV39;A2JKUU;ETF;Nein;Franklin LibertyQ AC Asia ex Japan UCITS ETF
IE00BFWXDX52;A2JKUW;ETF;Nein;Franklin Liberty USD Investment Grade Corporate Bond UCITS ETF
IE00BFWXDY69;A2JKUX;ETF;Nein;Franklin Liberty Euro Short Maturity UCITS ETF
IE00BFXR5Q31;A2N4RG;ETF;Nein;L&G US Equity UCITS ETF - USD ACC
IE00BFXR5S54;A2N4PQ;ETF;Nein;L&G Global Equity UCITS ETF - USD Accumulating ETF
IE00BFXR5T61;A2N4PR;ETF;Nein;L&G Japan Equity UCITS ETF - USD Accumulating ETF
IE00BFXR5V83;A2N4PS;ETF;Nein;L&G Europe ex UK Equity UCITS ETF - EUR Accumulating ETF
IE00BFXR5W90;A2N4PT;ETF;Nein;L&G Asia Pacific ex Japan Equity UCITS ETF - USD Accumulating ETF
IE00BFXR6159;A2N4PW;ETF;Nein;L&G Multi-Strategy Enhanced Commodities UCITS ETF - USD Accumulating ETF
IE00BFXYHY63;A2JKT2;ETF;Ja;iShares $ Treasury Bond 3-7yr UCITS ETF USD (Dist)
IE00BFY0GT14;A2N6CW;ETF;Ja;SPDR MSCI World UCITS ETF USD
IE00BFYN8Y92;A2JR0G;ETF;Ja;EMQQ Emerging Markets Internet & Ecommerce UCITS ETF - Acc
IE00BFYTYS33;A2JDDJ;ETF;Ja;iShares Edge MSCI World Value Factor UCITS ETF USD (Dist)
IE00BFZPF439;A2JK9Y;ETF;Nein;Invesco AT1 Capital Bond UCITS ETF (EUR Hdg)
IE00BFZPF546;A2JK8Z;ETF;Ja;iShares J.P. Morgan EM Local Govt Bond UCITS ETF USD (Acc)
IE00BFZXGZ54;A2N6RV;ETF;Nein;Invesco EQQQ NASDAQ-100 UCITS ETF Acc
IE00BG04LT92;A2JDYP;ETF;Ja;Xtrackers USD High Yield Corporate Bond UCITS ETF 2C - EUR Hedged
IE00BG04LZ52;A2JDYU;ETF;Ja;Xtrackers MSCI USA UCITS ETF
IE00BG04M077;A2JDYV;ETF;Ja;Xtrackers MSCI USA UCITS ETF 2C - EUR Hedged
IE00BG0J4841;A2JNYG;ETF;Ja;iShares Digital Security UCITS ETF USD (Dist)
IE00BG0J4957;A2JMGF;ETF;Ja;iShares Broad $ High Yield Corp Bond UCITS ETF - USD DIS ETF
IE00BG0J4B71;A2JMZE;ETF;Ja;iShares Broad EUR High Yield Corporate Bond UCITS ETF EUR (Dist)
IE00BG0J4C88;A2JMGE;ETF;Ja;iShares Digital Security UCITS ETF
IE00BG0NY640;A0PGVT;ETF;Nein;Invesco MSCI Europe ESG Leaders Catholic Principles UCITS ETF
IE00BG0SKF03;A2JJAQ;ETF;Ja;iShares Edge MSCI EM Value Factor UCITS ETF USD (Acc)
IE00BG11HV38;A2PDNV;ETF;Ja;iShares MSCI World ESG Enhanced UCITS ETF USD (Dist)
IE00BG13YG34;A2JDDB;ETF;Ja;iShares Edge MSCI Europe Quality Factor UCITS ETF EUR (Dist)
IE00BG13YH41;A2JDDC;ETF;Ja;iShares Edge MSCI Europe Value Factor UCITS ETF EUR (Dist)
IE00BG13YJ64;A2JDDD;ETF;Ja;iShares Edge MSCI Europe Momentum Factor UCITS ETF EUR (Dist)
IE00BG13YK79;A2JDDE;ETF;Ja;iShares Edge MSCI Europe Minimum Volatility UCITS ETF EUR (Dist)
IE00BG13YL86;A2JDDF;ETF;Ja;iShares Edge MSCI Europe Multifactor UCITS ETF EUR (Dist)
IE00BG13YZ23;A2JDDG;ETF;Ja;iShares Edge MSCI USA Multifactor UCITS ETF USD (Dist)
IE00BG143G97;A2JF6S;ETF;Ja;VANGUARD Germany All Cap UCITS ETF - (EUR) Distributing
IE00BG36TC12;A2JHSE;ETF;Ja;Xtrackers MSCI Japan ESG UCITS ETF 1C
IE00BG370F43;A2JHSF;ETF;Ja;Xtrackers MSCI Emerging Markets ESG UCITS ETF 1C
IE00BG47KB92;A2N9W4;ETF;Ja;VANGUARD Global Aggregate Bond UCITS ETF - EUR Hedged Distributing
IE00BG47KH54;A2PJZJ;ETF;Ja;VANGUARD Global Aggregate Bond UCITS ETF - EUR Hedged Accumulating
IE00BG5QQ390;A2N9ZM;ETF;Ja;iShares $ Corp Bond 0-3yr ESG UCITS ETF EUR Hedged (Acc)
IE00BG7PHW03;A2PAZC;FONDS;Nein;Barings Investment Funds plc - Barings German Growth Fund - Class B EUR Acc
IE00BG7PP820;A2JQDH;ETF;Nein;Invesco Communications S&P US Select Sector UCITS ETF
IE00BG88WG77;A2JQ0F;ETF;Ja;WisdomTree Enhanced Commodity UCITS ETF – EUR Hedged Acc
IE00BG8BCY43;A2N8HQ;ETF;Nein;JPM USD Ultra-Short Income UCITS ETF - USD (acc)
IE00BGBN6P67;A2PA3S;ETF;Nein;Invesco CoinShares Global Blockchain UCITS ETF
IE00BGCSB447;A2JNLJ;ETF;Ja;iShares $ Ultrashort Bond UCITS ETF USD (Acc)
IE00BGDPWV87;A2N8RP;ETF;Ja;iShares Asia Property Yield UCITS ETF USD (Acc)
IE00BGDPWW94;A2N9LL;ETF;Ja;iShares MSCI Europe SRI UCITS ETF EUR (Dist)
IE00BGDQ0L74;A2N8FS;ETF;Ja;iShares European Property Yield UCITS ETF EUR (Acc)
IE00BGDQ0T50;A2N9LJ;ETF;Ja;iShares MSCI EM SRI UCITS ETF USD (Dist)
IE00BGDQ0V72;A2N9LK;ETF;Ja;iShares MSCI Japan SRI UCITS ETF USD (Dist)
IE00BGH1M568;A1XAEY;AKTIE;Ja;PERRIGO CO. PLCEO -,001
IE00BGHQ0G80;A1W8SB;ETF;Ja;Xtrackers MSCI AC World Screened UCITS ETF - 1C EUR ACC ETF
IE00BGJWWT11;A2PM7M;ETF;Nein;Invesco Euro Government Bond 5-7 Year UCITS ETF
IE00BGJWWV33;A2PM7L;ETF;Nein;Invesco Euro Government Bond 3-5 Year UCITS ETF
IE00BGJWWW40;A2PM7N;ETF;Nein;Invesco Euro Government Bond 7-10 Year UCITS ETF
IE00BGJWWX56;A2N7D3;ETF;Nein;Invesco Euro Government Bond UCITS ETF
IE00BGJWWY63;A2N7D4;ETF;Nein;Invesco Euro Government Bond 1-3 Year UCITS ETF
IE00BGJWX091;A2N4YV;ETF;Ja;Xtrackers S&P 500 UCITS ETF 1D - EUR Hedged
IE00BGL86Z12;A2N9FP;ETF;Ja;iShares Electric Vehicles and Driving Technology UCITS ETF USD (Acc)
IE00BGPP6473;A2PDTT;ETF;Ja;iShares $ Treasury Bond 3-7yr UCITS ETF EUR Hedged (Dist)
IE00BGPP6697;A2PDTS;ETF;Ja;iShares $ Treasury Bond 7-10yr UCITS ETF EUR Hedged (Dist)
IE00BGQ0J979;A2PJDS;ETF;Ja;iShares J.P. Morgan $ EM Bond UCITS ETF CHF Hedged (Acc)
IE00BGQYRQ28;A1W9KC;ETF;Ja;Xtrackers MSCI USA Consumer Staples UCITS ETF 1D
IE00BGQYRR35;A1W9KB;ETF;Ja;Xtrackers MSCI USA Consumer Discretionary UCITS ETF 1D
IE00BGQYRS42;A1W9KD;ETF;Ja;Xtrackers MSCI USA Information Technology UCITS ETF 1D
IE00BGR7L912;A2PBNQ;ETF;Ja;iShares $ Treasury Bond 0-1yr UCITS ETF USD (Dist)
IE00BGSF1X88;A2PBNP;ETF;Ja;iShares $ Treasury Bond 0-1yr UCITS ETF USD (Acc)
IE00BGV5VM45;A2JCAG;ETF;Ja;Xtrackers S&P Europe ex UK UCITS ETF 1D
IE00BGV5VN51;A2N6LC;ETF;Ja;Xtrackers Artificial Intelligence & Big Data UCITS ETF 1C
IE00BGV5VR99;A2N6LL;ETF;Ja;Xtrackers Future Mobility UCITS ETF 1C
IE00BGYWCB81;A2PCCJ;ETF;Ja;VANGUARD USD Emerging Markets Government Bond UCITS ETF - (USD) Accumulating
IE00BGYWFK87;A2PCCH;ETF;Ja;VANGUARD USD Corporate Bond UCITS ETF - (USD) Accumulating
IE00BGYWFL94;A2P743;ETF;Ja;VANGUARD USD Corporate Bond UCITS ETF - EUR Hedged Accumulating
IE00BGYWFS63;A2PCCK;ETF;Ja;VANGUARD USD Treasury Bond UCITS ETF - (USD) Accumulating
IE00BGYWSV06;A2PCCG;ETF;Ja;VANGUARD USD Corporate 1-3 Year Bond UCITS ETF - (USD) Accumulating
IE00BGYWSW13;A3ES6A;ETF;Ja;VANGUARD USD Corporate 1-3 Year Bond UCITS ETF - EUR Hedged Accumulating
IE00BGYWT403;A2PA8G;ETF;Ja;VANGUARD EUR Corporate Bond UCITS ETF - (EUR) Accumulating
IE00BH04FZ00;A40U3V;ETF;Ja;Vanguard EUR Corporate 1-3 Year Bond UCITS ETF - (EUR) Acc
IE00BH04GL39;A2PA8D;ETF;Ja;VANGUARD EUR Eurozone Government Bond UCITS ETF - (EUR) Accumulating
IE00BH04GW44;A2PCCL;ETF;Ja;VANGUARD U.K. Gilt UCITS ETF - (GBP) Accumulating
IE00BH361H73;A1W9VB;ETF;Ja;Xtrackers MSCI North America High Dividend Yield UCITS ETF 1C
IE00BH3YZ803;A2N84X;ETF;Nein;Invesco S&P SmallCap 600 UCITS ETF
IE00BH4G7D40;A2PSB1;ETF;Ja;iShares $ Corp Bond ESG UCITS ETF EUR Hedged (Dist)
IE00BH4GPZ28;A2PSPE;ETF;Nein;SPDR S&P 500 ESG Screened UCITS ETF USD
IE00BH4GR342;A2PRUC;ETF;Nein;SPDR Dow Jones Global Real Estate UCITS ETF Acc USD
IE00BHBFDF83;A1XBTG;ETF;Nein;L&G E Fund MSCI China A UCITS ETF - USD Accumulating ETF
IE00BHJYDV33;A2N7NF;ETF;Nein;Invesco MDAX UCITS ETF
IE00BHNGHX58;A2PZ97;ETF;Nein;Ossiam US Minimum Variance ESG NR UCITS ETF 1A/A (EUR)
IE00BHXMHK04;A2PEZ8;ETF;Nein;UBS (Irl) ETF plc - S&P 500 ESG UCITS ETF (USD) A-dis
IE00BHXMHL11;A2PEVA;ETF;Nein;UBS (Irl) ETF plc - S&P 500 ESG UCITS ETF (USD) A-acc
IE00BHXMHQ65;A2PEJ2;ETF;Nein;UBS (Irl) ETF plc - S&P 500 ESG UCITS ETF (hedged to EUR) A-acc
IE00BHZPHZ28;A2PDNS;ETF;Ja;iShares MSCI EMU ESG Enhanced UCITS ETF EUR (Dist)
IE00BHZPJ015;A2PCB1;ETF;Ja;iShares MSCI EMU ESG Enhanced UCITS ETF EUR (Acc)
IE00BHZPJ239;A2PCB0;ETF;Ja;iShares MSCI EM ESG Enhanced UCITS ETF USD (Acc)
IE00BHZPJ346;A2PDNT;ETF;Ja;iShares MSCI Japan ESG Enhanced UCITS ETF USD (Dist)
IE00BHZPJ452;A2PCB2;ETF;Ja;iShares MSCI Japan ESG Enhanced UCITS ETF USD (Acc)
IE00BHZPJ569;A2PCB4;ETF;Ja;iShares MSCI World ESG Enhanced UCITS ETF USD (Acc)
IE00BHZPJ676;A2PDNW;ETF;Ja;iShares MSCI Europe ESG Enhanced UCITS ETF EUR (Dist)
IE00BHZPJ783;A2PCB5;ETF;Ja;iShares MSCI Europe ESG Enhanced UCITS ETF EUR (Acc)
IE00BHZPJ890;A2PDNU;ETF;Ja;iShares MSCI USA ESG Enhanced UCITS ETF USD (Dist)
IE00BHZPJ908;A2PCB3;ETF;Ja;iShares MSCI USA ESG Enhanced UCITS ETF USD (Acc)
IE00BHZRQZ17;A2PB5W;ETF;Ja;Franklin FTSE India UCITS ETF - USD ACC
IE00BHZRR030;A2PB5X;ETF;Ja;Franklin FTSE Korea UCITS ETF - USD ACC ETF
IE00BHZRR147;A2PB5V;ETF;Nein;Franklin FTSE China UCITS ETF - USD ACC ETF
IE00BHZRR253;A2PB5T;ETF;Nein;Franklin Liberty Euro Green Bond UCITS ETF
IE00BJ06C044;A2PUSW;ETF;Nein;JPM US Research Enhanced Index Equity (ESG) UCITS ETF - USD (dist)
IE00BJ0KDQ92;A1XB5U;ETF;Ja;Xtrackers MSCI World UCITS ETF 1C
IE00BJ0KDR00;A1XB5V;ETF;Ja;Xtrackers MSCI USA UCITS ETF 1C
IE00BJ38QD84;A1XFN1;ETF;Ja;SPDR Russell 2000 U.S. Small Cap UCITS ETF USD
IE00BJ5CMD00;A2PPCE;ETF;Nein;Goldman Sachs ActiveBeta Emerging Markets Equity UCITS ETF CLASS USD (Acc.)
IE00BJ5CNR11;A2PPCD;ETF;Nein;Goldman Sachs ActiveBeta US Large Cap Equity UCITS ETF CLASS USD (Acc.)
IE00BJ5FQX74;A2PNWJ;AKTIE;Ja;UNIPHAR PLC EO -,08
IE00BJ5JNY98;A2PHCC;ETF;Ja;iShares MSCI World Information Technology Sector UCITS ETF USD (Dist)
IE00BJ5JNZ06;A2PHCD;ETF;Ja;iShares MSCI World Health Care Sector UCITS ETF USD (Dist)
IE00BJ5JP097;A2PHCE;ETF;Ja;iShares MSCI World Financials Sector ESG UCITS ETF USD (Dist)
IE00BJ5JP105;A2PHCF;ETF;Ja;iShares MSCI World Energy Sector UCITS ETF USD (Dist)
IE00BJ5JP212;A2PHCG;ETF;Ja;iShares MSCI World Consumer Discretionary Sector UCITS ETF USD (Dist)
IE00BJ5JP329;A2PHCH;ETF;Ja;iShares MSCI World Consumer Staples Sector UCITS ETF USD (Dist)
IE00BJ5JPG56;A2PGQN;ETF;Ja;iShares MSCI China UCITS ETF USD (Acc)
IE00BJ5JPH63;A2PGVX;ETF;Ja;iShares J.P. Morgan $ EM Bond UCITS ETF EUR Hedged (Acc)
IE00BJ5JPJ87;A2PGTG;ETF;Ja;iShares MSCI Saudi Arabia Capped UCITS ETF USD (Dist)
IE00BJBLDK52;A2PG7C;ETF;Nein;Ossiam US ESG Low Carbon Equity Factors UCITS ETF 1A/A (EUR)
IE00BJGWQN72;A2PQVE;ETF;Ja;WisdomTree Cloud Computing UCITS ETF - USD Acc
IE00BJK3WF00;A2PK49;ETF;Nein;JPM BetaBuilders US Treasury Bond 0-1 yr UCITS ETF - USD (acc)
IE00BJK55B31;A2PNZL;ETF;Ja;iShares $ High Yield Corp Bond ESG UCITS ETF USD (Acc)
IE00BJK55C48;A2PNZM;ETF;Ja;iShares € High Yield Corp Bond ESG UCITS ETF EUR (Acc)
IE00BJK9H753;A2PEJW;ETF;Nein;JPM BetaBuilders US Equity UCITS ETF - USD (acc)
IE00BJK9HD13;A2PD1S;ETF;Nein;JPM BetaBuilders EUR Govt Bond UCITS ETF - EUR (acc)
IE00BJK9HH50;A2PD1R;ETF;Nein;JPM BetaBuilders US Treasury Bond UCITS ETF - USD (acc)
IE00BJL36X53;A2PJDY;ETF;Nein;SPDR ICE BofA 0-5 Year EM USD Government Bond UCITS ETF EUR Hedged
IE00BJLKK341;A2PV2S;ETF;Ja;iShares MSCI EMU SRI UCITS ETF EUR (Acc)
IE00BJM0B415;A2PW7Y;ETF;Ja;iShares MSCI EMU SRI UCITS ETF EUR (Dist)
IE00BJP26C72;A2PW6R;ETF;Ja;iShares $ Ultrashort Bond ESG UCITS ETF USD (Dist)
IE00BJP26D89;A2PW6Q;ETF;Ja;iShares € Ultrashort Bond ESG UCITS ETF EUR (Dist)
IE00BJP26F04;A2PW6S;ETF;Ja;iShares £ Ultrashort Bond ESG UCITS ETF GBP (Dist)
IE00BJQRDK83;A2PHLM;ETF;Nein;Invesco MSCI World ESG Universal Screened UCITS ETF
IE00BJQRDL90;A2PHLN;ETF;Nein;Invesco MSCI Europe ESG Universal Screened UCITS ETF
IE00BJQRDM08;A2PHLP;ETF;Nein;Invesco MSCI USA ESG Universal Screened UCITS ETF
IE00BJQRDN15;A2PHJT;ETF;Nein;Invesco Quantitative Strategies ESG Global Equity Multi-Factor UCITS ETF Acc
IE00BJQRDP39;A2PHJU;ETF;Nein;Invesco Quantitative Strategies ESG Global Equity Multi-Factor UCITS ETF EUR PfHdg Acc
IE00BJQTJ848;A2PFPC;ETF;Ja;HAN-GINS Indxx Healthcare Megatrend Equal Weight UCITS ETF - Acc
IE00BJRCLL96;A2PJEP;ETF;Nein;JPM Global Equity Multi-Factor UCITS ETF - USD (acc)
IE00BJSBCS90;A2PPCG;ETF;Nein;Goldman Sachs Access China Government Bond UCITS ETF CLASS USD (Dist)
IE00BJSFQW37;A2PGVV;ETF;Ja;iShares Global Corp Bond UCITS ETF EUR Hedged (Dist)
IE00BJSFR200;A2PGVW;ETF;Ja;iShares Global High Yield Corp Bond UCITS ETF EUR Hedged (Dist)
IE00BJXRZJ40;A2PX6V;ETF;Nein;Rize Cybersecurity and Data Privacy UCITS ETF USD ACC
IE00BJXT3B87;A2PZBC;ETF;Nein;UBS (Irl) ETF plc - MSCI USA Socially Responsible UCITS ETF (USD) A-dis
IE00BJXT3C94;A2PZBD;ETF;Nein;UBS (Irl) ETF plc - MSCI USA Socially Responsible UCITS ETF (USD) A-acc
IE00BJZ2DC62;A1XEJS;ETF;Ja;Xtrackers MSCI USA Screened UCITS ETF - 1C USD ACC ETF
IE00BJZ2DD79;A1XEJT;ETF;Ja;Xtrackers Russell 2000 UCITS ETF 1C
IE00BK1PV445;A1XEY1;ETF;Ja;Xtrackers MSCI USA UCITS ETF 1D
IE00BK1PV551;A1XEY2;ETF;Ja;Xtrackers MSCI World UCITS ETF 1D
IE00BK4W7N32;A2PSEQ;ETF;Ja;iShares $ Corp Bond ESG UCITS ETF USD (Dist)
IE00BK5BC677;A2PM51;ETF;Nein;L&G Healthcare Breakthrough UCITS ETF - USD Accumulating ETF
IE00BK5BC891;A2PM52;ETF;Ja;L&G Clean Water UCITS ETF - USD Accumulating ETF
IE00BK5BCD43;A2PM50;ETF;Nein;L&G Artificial Intelligence UCITS ETF - USD Accumulating ETF
IE00BK5BCH80;A2QFEN;ETF;Nein;L&G Clean Energy ETF - USD Accumulating ETF
IE00BK5BQT80;A2PKXG;ETF;Ja;VANGUARD FTSE All-World UCITS ETF - (USD) Accumulating
IE00BK5BQV03;A2PLS9;ETF;Ja;VANGUARD FTSE Developed World UCITS ETF - (USD) Accumulating
IE00BK5BQW10;A2PLBJ;ETF;Ja;VANGUARD FTSE North America UCITS ETF - (USD) Accumulating
IE00BK5BQX27;A2PLBK;ETF;Ja;VANGUARD FTSE Developed Europe UCITS ETF - (EUR) Accumulating
IE00BK5BQY34;A2PLBL;ETF;Ja;Vanguard FTSE Developed Europe ex UK UCITS ETF (EUR) Accumulating
IE00BK5BQZ41;A2PLTA;ETF;Ja;VANGUARD FTSE Developed Asia Pacific ex Japan UCITS ETF - (USD) Accumulating
IE00BK5BR626;A2PLTB;ETF;Ja;Vanguard FTSE All-World High Dividend Yield UCITS ETF (USD) Accumulating
IE00BK5BR733;A2PLTC;ETF;Ja;VANGUARD FTSE Emerging Markets UCITS ETF - (USD) Accumulating
IE00BK5H8015;A2PPQZ;ETF;Nein;SPDR STOXX Europe 600 SRI UCITS ETF EUR
IE00BK5TW727;A2PR3B;FONDS;Nein;Baillie Gifford Worldwide Funds PLC - Baillie Gifford Worldwide Long Term Global Growth Fund A EUR Accumulation
IE00BK5TWD80;A2PR3E;FONDS;Nein;Baillie Gifford Worldwide Funds PLC - Baillie Gifford Worldwide US Equity Growth Fund A EUR Accumulation
IE00BK72HH44;A2PZBH;ETF;Nein;UBS (Irl) ETF plc - MSCI World Socially Responsible UCITS ETF (USD) A-dis
IE00BK72HJ67;A2PZBJ;ETF;Nein;UBS (Irl) ETF plc - MSCI World Socially Responsible UCITS ETF (USD) A-acc
IE00BK72HM96;A2PZBK;ETF;Nein;UBS (Irl) ETF plc - MSCI World Socially Responsible UCITS ETF (hedged to EUR) A-acc
IE00BK80XL30;A2P8EJ;ETF;Nein;Invesco MSCI China All Shares Stock Connect UCITS ETF Acc
IE00BK8JH525;A2PUE9;ETF;Nein;SPDR Bloomberg Barclays Emerging Markets Local Bond UCITS ETF USD Base CCY EUR Hedged
IE00BK95B138;A2PNJP;ETF;Ja;iShares $ Treasury Bond UCITS ETF USD (Dist)
IE00BK9ZQ967;A2P09K;AKTIE;Ja;TRANE TECHNOLOG. PLC DL 1
IE00BKBF6616;A2PKUR;ETF;Ja;iShares Core MSCI EMU UCITS ETF USD Hedged (Acc)
IE00BKBF6H24;A2PKSQ;ETF;Ja;iShares Core MSCI World UCITS ETF EUR Hedged (Dist)
IE00BKF09C98;A2PNJM;ETF;Ja;iShares $ High Yield Corp Bond ESG UCITS ETF USD (Dist)
IE00BKFB6K94;A2PRV8;ETF;Nein;UBS (Irl) Fund Solutions plc - MSCI China A SF UCITS ETF (USD) A-acc
IE00BKFB6L02;A2PRV7;ETF;Nein;UBS (Irl) Fund Solutions plc - CMCI Commodity Carry SF UCITS ETF (USD) A-acc
IE00BKKCKJ46;A2PWZJ;ETF;Nein;JPM Global High Yield Corporate Bond Multi-Factor UCITS ETF - USD (acc)
IE00BKKKWJ26;A2PY8F;ETF;Ja;iShares $ Corp Bond ESG UCITS ETF USD (Acc)
IE00BKLC5874;A2PNJN;ETF;Ja;iShares € High Yield Corp Bond ESG UCITS ETF EUR (Dist)
IE00BKLF1R75;A2PUJK;ETF;Ja;WisdomTree Battery Solutions UCITS ETF USD Acc
IE00BKLTRN76;A2PRHB;ETF;Nein;L&G MSCI Europe Climate Pathway UCITS ETF - EUR ACC
IE00BKLWY790;A2PVZ0;ETF;Nein;L&G US ESG Exclusions Paris Aligned UCITS ETF - USD ACC
IE00BKM4GZ66;A111X9;ETF;Ja;iShares Core MSCI EM IMI UCITS ETF USD (Acc)
IE00BKM4H197;A111YA;ETF;Ja;iShares MSCI EM Consumer Growth UCITS ETF USD (Acc)
IE00BKM4H312;A111YB;ETF;Ja;iShares MSCI USA Quality Dividend UCITS ETF USD (Dist)
IE00BKP5L409;A2PU3R;ETF;Ja;iShares US Mortgage Backed Securities UCITS ETF - EUR ACC H ETF
IE00BKP5L730;A2PTCF;ETF;Ja;iShares J.P. Morgan ESG $ EM Bond UCITS ETF EUR Hedged (Acc)
IE00BKPSFC54;A2P3WJ;ETF;Ja;iShares MSCI World Quality Dividend UCITS ETF USD (Acc)
IE00BKPSFD61;A2P3WK;ETF;Ja;iShares China CNY Bond UCITS ETF USD (Acc)
IE00BKPT2S34;A2P1KU;ETF;Ja;iShares Global Inflation Linked Govt Bond UCITS ETF EUR Hedged (Acc)
IE00BKPTXQ89;A2P4PH;ETF;Ja;Alerian Midstream Energy Dividend UCITS ETF - Dist
IE00BKPX3K41;A2P1KV;ETF;Ja;iShares MSCI AC Far East ex-Japan UCITS ETF USD (Acc)
IE00BKRWN659;A2PSPZ;ETF;Ja;iShares $ Development Bank Bonds UCITS ETF USD (Acc)
IE00BKS7L097;A2PX8A;ETF;Nein;Invesco S&P 500 ESG UCITS ETF
IE00BKS8QN04;A1VF92;ETF;Nein;WisdomTree Bund 10Y 3x Daily Short
IE00BKS8QT65;A1VF93;ETF;Nein;WisdomTree US Treasuries 10Y 3x Daily Short
IE00BKSBGS44;A2P0ZN;ETF;Nein;Fidelity Sustainable Research Enhanced US Equity UCITS ETF Accumulating USD Shares
IE00BKSBGT50;A2P0ZP;ETF;Nein;Fidelity Sustainable Research Enhanced Europe Equity UCITS ETF Accumulation Shares
IE00BKSBGV72;A2P1GK;ETF;Nein;Fidelity Sustainable Research Enhanced Global Equity UCITS ETF Accumulating USD Shares
IE00BKSCBX74;A3CMCT;ETF;Nein;UBS (Irl) ETF plc - MSCI World Small Cap Socially Responsible UCITS ETF (USD) A-acc
IE00BKT1CS59;A2P0CC;ETF;Ja;iShares J.P. Morgan $ EM Corp Bond UCITS ETF EUR Hedged (Acc)
IE00BKT6BH25;A2PRGZ;ETF;Ja;iShares EUR Corp Bond ex-Financials 1-5yr ESG UCITS ETF - ACC ETF
IE00BKT6FT27;A2PRG2;ETF;Ja;iShares Global Govt Bond UCITS ETF EUR Hedged (Dist)
IE00BKT6FV49;A2PRG3;ETF;Ja;iShares Core MSCI Japan IMI UCITS ETF EUR Hedged (Acc)
IE00BKT6RT64;A2PRG0;ETF;Ja;iShares China CNY Bond UCITS ETF USD Hedged (Dist)
IE00BKT6VQ12;A2PRG1;ETF;Ja;iShares China CNY Bond UCITS ETF - EUR ACC H ETF
IE00BKTLJB70;A2PQUC;ETF;Ja;iShares Smart City Infrastructure UCITS ETF USD (Dist)
IE00BKTLJC87;A2PQUB;ETF;Ja;iShares Smart City Infrastructure UCITS ETF USD (Acc)
IE00BKVD2N49;A3CQU7;AKTIE;Ja;SEAGATE TEC.HLD.DL-,00001
IE00BKVL7331;A2PY8D;ETF;Ja;iShares Edge MSCI USA Minimum Volatility ESG UCITS ETF USD (Acc)
IE00BKVL7778;A2PY8C;ETF;Ja;iShares Edge MSCI World Minimum Volatility ESG UCITS ETF USD (Acc)
IE00BKVL7D31;A2PYV3;ETF;Ja;iShares Edge MSCI Europe Minimum Volatility ESG UCITS ETF EUR (Acc)
IE00BKWD3C98;A2PVD0;ETF;Nein;Invesco US Treasury Bond 0-1 Year UCITS ETF Dist
IE00BKWQ0C77;A1191M;ETF;Nein;SPDR MSCI Europe Consumer Discretionary UCITS ETF EUR
IE00BKWQ0D84;A1191N;ETF;Nein;SPDR MSCI Europe Consumer Staples UCITS ETF EUR
IE00BKWQ0F09;A1191P;ETF;Nein;SPDR MSCI Europe Energy UCITS ETF EUR
IE00BKWQ0G16;A1191R;ETF;Nein;SPDR MSCI Europe Financials UCITS ETF EUR
IE00BKWQ0H23;A1191S;ETF;Nein;SPDR MSCI Europe Health Care UCITS ETF EUR
IE00BKWQ0J47;A1191T;ETF;Nein;SPDR MSCI Europe Industrials UCITS ETF EUR
IE00BKWQ0K51;A1191U;ETF;Nein;SPDR MSCI Europe Technology UCITS ETF EUR
IE00BKWQ0L68;A1191V;ETF;Nein;SPDR MSCI Europe Materials UCITS ETF EUR
IE00BKWQ0M75;A1191W;ETF;Nein;SPDR MSCI Europe Small Cap UCITS ETF EUR
IE00BKWQ0N82;A1191X;ETF;Nein;SPDR MSCI Europe Communication Services UCITS ETF EUR
IE00BKWQ0P07;A1191Y;ETF;Nein;SPDR MSCI Europe Utilities UCITS ETF EUR
IE00BKWQ0Q14;A1191Q;ETF;Nein;SPDR MSCI Europe UCITS ETF EUR
IE00BKX55Q28;A12CX0;ETF;Ja;VANGUARD FTSE 250 UCITS ETF - (GBP) Distributing
IE00BKX55R35;A12CXY;ETF;Ja;VANGUARD FTSE North America UCITS ETF - (USD) Distributing
IE00BKX55S42;A12CXZ;ETF;Ja;Vanguard FTSE Developed Europe ex UK UCITS ETF (EUR) Distributing
IE00BKX55T58;A12CX1;ETF;Ja;VANGUARD FTSE Developed World UCITS ETF - (USD) Distributing
IE00BKY40J65;A2PXVQ;ETF;Nein;HSBC USA SUSTAINABLE EQUITY UCITS ETF
IE00BKY4W127;A2QSKH;ETC;Ja;WisdomTree Broad Commodities UCITS ETF ETC
IE00BKY55S33;A2PXVN;ETF;Nein;HSBC JAPAN SUSTAINABLE EQUITY UCITS ETF
IE00BKY55W78;A2PXVM;ETF;Nein;HSBC EUROPE SUSTAINABLE EQUITY UCITS ETF
IE00BKY58G26;A2PXVH;ETF;Nein;HSBC ASIA PACIFIC EX JAPAN SUSTAINABLE EQUITY UCITS ETF
IE00BKY59G90;A2PXVK;ETF;Nein;HSBC EMERGING MARKET SUSTAINABLE EQUITY UCITS ETF
IE00BKY59K37;A2PXVJ;ETF;Nein;HSBC DEVELOPED WORLD SUSTAINABLE EQUITY UCITS ETF
IE00BKYC3F77;A2PWHR;AKTIE;Ja;CIMPRESS PLC EO-,01
IE00BKZGB098;A116RM;ETF;Nein;HSBC MULTI FACTOR WORLDWIDE EQUITY UCITS ETF
IE00BL0BMG90;A2P2A8;ETF;Ja;iShares Global Govt Bond Climate UCITS ETF USD (Dist)
IE00BL0BMZ89;A2P6EP;ETF;Ja;VanEck Morningstar Global Wide Moat UCITS ETF
IE00BL25JL35;A1103D;ETF;Ja;Xtrackers MSCI World Quality UCITS ETF 1C
IE00BL25JM42;A1103E;ETF;Ja;Xtrackers MSCI World Value UCITS ETF 1C
IE00BL25JN58;A1103F;ETF;Ja;Xtrackers MSCI World Minimum Volatility UCITS ETF 1C
IE00BL25JP72;A1103G;ETF;Ja;Xtrackers MSCI World Momentum UCITS ETF 1C
IE00BL58LJ19;A2P5C7;ETF;Ja;Xtrackers ESG USD Corporate Bond UCITS ETF 1C
IE00BL58LL31;A2P5C9;ETF;Ja;Xtrackers ESG USD Corporate Bond UCITS ETF 2C - EUR hedged
IE00BL643144;A2QB9J;ETF;Ja;Digital Infrastructure and Connectivity UCITS ETF - Acc
IE00BL6K6H97;A3CRPV;ETF;Nein;L&G India INR Governemnet Bond UCITS ETF - USD Distributing ETF
IE00BL6K8C82;A3CPAH;ETF;Ja;iShares MSCI Europe Paris-Aligned Climate UCITS ETF EUR (Acc)
IE00BL6K8D99;A3CPAC;ETF;Ja;iShares MSCI EMU Paris-Aligned Climate UCITS ETF EUR (Acc)
IE00BL977C92;A2P1KX;ETF;Ja;iShares MSCI China UCITS ETF USD (Dist)
IE00BLCH1X54;A2P1FV;ETF;Nein;Invesco US Treasury Bond 0-1 Year UCITS ETF EUR Hdg Acc
IE00BLCHJ534;A2QPB5;ETF;Ja;GLOBAL X U.S. Infrastructure Development UCITS ETF
IE00BLCHJB90;A2QPBW;ETF;Ja;GLOBAL X Robotics & Artificial Intelligence UCITS ETF
IE00BLCHJH52;A2QPB6;ETF;Ja;GLOBAL X Renewable Energy Producers UCITS ETF
IE00BLCHJN13;A2QPB3;ETF;Ja;GLOBAL X Lithium & Battery Tech UCITS ETF
IE00BLCHJT74;A2QPB1;ETF;Ja;GLOBAL X Internet of Things UCITS ETF
IE00BLCHJZ35;A2QPBZ;ETF;Ja;GLOBAL X FinTech UCITS ETF
IE00BLDGH447;A2P2A6;ETF;Ja;iShares € Govt Bond Climate UCITS ETF EUR (Dist)
IE00BLDGH553;A2P2A7;ETF;Ja;iShares € Govt Bond Climate UCITS ETF EUR (Acc)
IE00BLF7VX27;A2QB0R;ETF;Nein;SPDR Bloomberg SASB U.S. Corporate ESG UCITS ETF Acc USD
IE00BLLZQ805;A2P1TV;ETF;Ja;BlackRock ESG Multi-Asset Growth Portfolio UCITS ETF EUR (Acc)
IE00BLLZQS08;A2P1TU;ETF;Ja;BlackRock ESG Multi-Asset Moderate Portfolio UCITS ETF EUR (Acc)
IE00BLNMYC90;A1106A;ETF;Ja;Xtrackers S&P 500 Equal Weight UCITS ETF 1C
IE00BLNN3691;A116P6;AKTIE;Ja;WEATHERFORD INTL DL -,001
IE00BLP1HW54;A2P2JR;AKTIE;Ja;AON PLC A DL -,01
IE00BLP53M98;A2P1TT;ETF;Ja;BlackRock ESG Multi-Asset Conservative Portfolio UCITS ETF EUR (Acc)
IE00BLP58571;A112M8;AKTIE;Ja;IRISH CONTINENTAL GRP UTS
IE00BLPK3577;A2QGAH;ETF;Ja;WisdomTree Cybersecurity UCITS ETF USD Acc
IE00BLR6Q544;A2QKQ5;ETF;Ja;GLOBAL X Video Games & Esports UCITS ETF
IE00BLR6QB00;A2QKQ1;ETF;Ja;GLOBAL X Telemedicine & Digital Health UCITS ETF
IE00BLRB0242;A2QGZV;ETF;Nein;Invesco Global Clean Energy UCITS ETF Acc
IE00BLRPN388;A2P2QA;ETF;Nein;Fidelity Sustainable Research Enhanced Emerging Markets Equity UCITS ETF Accumulating USD Shares
IE00BLRPPV00;A2P66X;ETF;Ja;VANGUARD U.S. Treasury 0-1 Year Bond UCITS ETF - (USD) Accumulating
IE00BLRPQH31;A2P876;ETF;Nein;Rize Sustainable Future of Food UCITS ETF USD ACC
IE00BLRPQL76;A2QFVU;ETF;Nein;L&G ESG China CNY Bond UCITS ETF - USD Distributing ETF
IE00BLRPQP15;A2QFQ5;ETF;Nein;L&G ESG Emerging Markets Government Bond (USD) 0-5 Year UCITS ETF - USD Distributing ETF
IE00BLRPRD67;A2QFQ4;ETF;Nein;L&G ESG USD Corporate Bond UCITS ETF - DIS ETF
IE00BLRPRF81;A2QFP0;ETF;Nein;L&G ESG Emerging Markets Corporate Bond (USD) UCITS ETF - DIS ETF
IE00BLRPRJ20;A3GL7D;ETF;Nein;WisdomTree NASDAQ 100 3x Daily Short
IE00BLRPRK35;A3GL7F;ETC;Nein;WisdomTree Brent Crude Oil 3x Daily Short ETC
IE00BLRPRL42;A3GL7E;ETF;Nein;WisdomTree NASDAQ 100 3x Daily Leveraged
IE00BLS09M33;A115FG;AKTIE;Ja;PENTAIR PLC DL-,01
IE00BLS09N40;A14JCP;ETF;Nein;WisdomTree EURO STOXX Banks 3x Daily Leveraged
IE00BLSN7P11;A2QMF1;ETF;Nein;UBS (Irl) ETF plc - S&P 500 ESG ELITE UCITS ETF (USD) A-acc
IE00BLSN7W87;A2QMFY;ETF;Nein;UBS (Irl) ETF plc - S&P 500 ESG ELITE UCITS ETF (hedged to EUR) A-acc
IE00BLSNMW37;A114UD;ETF;Nein;Invesco Global Buyback Achievers UCITS ETF
IE00BM67HJ62;A113FC;ETF;Ja;Xtrackers MSCI Emerging Markets ex China UCITS ETF - 1C GBP ACC ETF
IE00BM67HK77;A113FD;ETF;Ja;Xtrackers MSCI World Health Care UCITS ETF 1C
IE00BM67HL84;A113FE;ETF;Ja;Xtrackers MSCI World Financials UCITS ETF 1C
IE00BM67HM91;A113FF;ETF;Ja;Xtrackers MSCI World Energy UCITS ETF 1C
IE00BM67HN09;A113FG;ETF;Ja;Xtrackers MSCI World Consumer Staples UCITS ETF 1C
IE00BM67HP23;A113FH;ETF;Ja;Xtrackers MSCI World Consumer Discretionary UCITS ETF 1C
IE00BM67HQ30;A113FJ;ETF;Ja;Xtrackers MSCI World Utilities UCITS ETF 1C
IE00BM67HR47;A113FK;ETF;Ja;Xtrackers MSCI World Communication Services UCITS ETF 1C
IE00BM67HS53;A113FL;ETF;Ja;Xtrackers MSCI World Materials UCITS ETF 1C
IE00BM67HT60;A113FM;ETF;Ja;Xtrackers MSCI World Information Technology UCITS ETF 1C
IE00BM67HV82;A113FN;ETF;Ja;Xtrackers MSCI World Industrials UCITS ETF 1C
IE00BM67HW99;A113FP;ETF;Ja;Xtrackers S&P 500 UCITS ETF 1C - EUR Hedged
IE00BM67HX07;A113FQ;ETF;Ja;Xtrackers S&P 500 UCITS ETF 2C - GBP Hedged
IE00BM8QRZ79;A2QQ9R;ETF;Nein;Invesco Solar Energy UCITS ETF Acc
IE00BM8QS095;A3CMY8;ETF;Nein;Invesco MSCI China Technology All Shares Stock Connect UCITS ETF Acc
IE00BM8R0J59;A2QR39;ETF;Ja;GLOBAL X Nasdaq 100 Covered Call UCITS ETF
IE00BM8R0N95;A2QRCP;ETF;Ja;GLOBAL X Genomics & Biotechnology UCITS ETF
IE00BM97MR69;A2P7TP;ETF;Ja;Xtrackers US Treasuries Ultrashort Bond UCITS ETF 1C
IE00BM9GRM34;A2QKWP;ETF;Nein;Fidelity Sustainable Global Corporate Bond Multifactor UCITS ETF Income USD Shares
IE00BM9GRP64;A2QKWQ;ETF;Nein;Fidelity Sustainable USD EM Bond UCITS ETF Income USD Shares
IE00BM9TSP27;A2QPTX;ETF;Ja;WisdomTree Emerging Markets ex-State-Owned Enterprises ESG Screened UCITS ETF – Acc
IE00BMBKBZ46;A2P6AX;ETF;Ja;iShares S&P 500 Health Care Sector UCITS ETF EUR Hedged (Dist)
IE00BMC38736;A2QC5J;ETF;Ja;VanEck Semiconductor UCITS ETF
IE00BMC5DV85;A2P2W6;ETF;Nein;UBS (Irl) Fund Solutions plc - CMCI Commodity Carry SF UCITS ETF (hedged to EUR) A-acc
IE00BMCZLH06;A2QA0V;ETF;Ja;iShares $ Development Bank Bonds UCITS ETF EUR Hedged (Acc)
IE00BMCZLJ20;A2QA0W;ETF;Ja;iShares Edge MSCI World Minimum Volatility UCITS ETF USD (Dist)
IE00BMD8KP97;A2QPVX;ETF;Nein;Invesco NASDAQ Next Generation 100 UCITS ETF Acc
IE00BMDBM966;A2QFR0;ETF;Ja;iShares Edge MSCI Europe Minimum Volatility Advanced UCITS ETF
IE00BMDBMG37;A2QFR1;ETF;Ja;iShares MSCI Europe SRI UCITS ETF USD (Acc)
IE00BMDBMH44;A2QGKT;ETF;Ja;iShares MSCI UK IMI ESG Leaders UCITS ETF GBP (Dist)
IE00BMDBMK72;A2QGKU;ETF;Ja;iShares MSCI Pacific ex-Japan ESG Enhanced UCITS ETF USD (Acc)
IE00BMDBMN04;A2QFXF;ETF;Ja;iShares € Green Bond UCITS ETF EUR (Dist)
IE00BMDBMT65;A2QGU0;ETF;Nein;Invesco MSCI Pacific Ex Japan ESG Universal Screened UCITS ETF Acc
IE00BMDBMW94;A2QGU2;ETF;Nein;Invesco MSCI Europe Ex UK ESG Universal Screened UCITS ETF Acc
IE00BMDBMY19;A2QGUZ;ETF;Nein;Invesco MSCI Emerging Markets ESG Universal Screened UCITS ETF Acc
IE00BMDFDY08;A2QA0U;ETF;Ja;iShares $ High Yield Corp Bond ESG UCITS ETF EUR Hedged (Acc)
IE00BMDH1538;A2QMWR;ETF;Ja;VanEck Hydrogen Economy UCITS ETF
IE00BMDKNW35;A2QQ8F;ETF;Ja;VanEck Crypto and Blockchain Innovators UCITS ETF
IE00BMDWYZ92;A2P4WJ;ETF;Nein;JPM Carbon Transition Global Equity UCITS ETF - USD (acc)
IE00BMFKG444;A2QJU3;ETF;Ja;Xtrackers NASDAQ 100 UCITS ETF 1C
IE00BMFNW783;A3CPGE;ETF;Ja;The Travel UCITS ETF - USD ACC ETF
IE00BMG6Z448;A2QAFK;ETF;Ja;iShares MSCI EM ex-China UCITS ETF - USD ACC ETF
IE00BMGNVD65;A2P8AZ;ETF;Ja;iShares Core Global Aggregate Bond UCITS ETF USD Hedged (Dist)
IE00BMH5VP31;A2QNSA;ETF;Ja;iShares Edge MSCI World Minimum Volatility ESG UCITS ETF EUR Hedged (Acc)
IE00BMH5XY61;A2QPBX;ETF;Ja;GLOBAL X E-commerce UCITS ETF
IE00BMH5Y327;A2QPB0;ETF;Ja;GLOBAL X Data Center REITs & Digital Infrastructure UCITS ETF
IE00BMH5Y871;A2QPB2;ETF;Ja;GLOBAL X Cybersecurity UCITS ETF
IE00BMH5YF48;A2QPBV;ETF;Ja;GLOBAL X Cloud Computing UCITS ETF
IE00BMH5YL08;A2QPB4;ETF;Ja;GLOBAL X CleanTech UCITS ETF
IE00BMH5YR69;A2QPBY;ETF;Ja;GLOBAL X Autonomous & Electric Vehicles UCITS ETF
IE00BMP3HG27;A11471;ETF;Nein;UBS (Irl) ETF plc - S&P Dividend Aristocrats ESG UCITS ETF (USD) A-dis
IE00BMP3HN93;A11477;ETF;Nein;UBS (Irl) ETF plc - MSCI United Kingdom IMI Socially Responsible UCITS ETF (GBP) A-dis
IE00BMTM6B32;A3GM4L;ETC;Nein;WisdomTree WTI Crude Oil 3x Daily Leveraged ETC
IE00BMTX1Y45;A2QAJB;ETF;Ja;iShares S&P 500 Swap UCITS ETF
IE00BMTX2B82;A2P9XA;ETF;Ja;iShares AEX UCITS ETF EUR (Acc)
IE00BMVB5K07;A2P7TN;ETF;Ja;VANGUARD LifeStrategy 20% Equity UCITS ETF - (EUR) Accumulating
IE00BMVB5L14;A2P7TG;ETF;Ja;VANGUARD LifeStrategy 20% Equity UCITS ETF - (EUR) Distributing
IE00BMVB5M21;A2P7TJ;ETF;Ja;VANGUARD LifeStrategy 40% Equity UCITS ETF - (EUR) Accumulating
IE00BMVB5N38;A2P7TL;ETF;Ja;VANGUARD LifeStrategy 40% Equity UCITS ETF - (EUR) Distributing
IE00BMVB5P51;A2P7TK;ETF;Ja;VANGUARD LifeStrategy 60% Equity UCITS ETF - (EUR) Accumulating
IE00BMVB5Q68;A2P7TM;ETF;Ja;VANGUARD LifeStrategy 60% Equity UCITS ETF - (EUR) Distributing
IE00BMVB5R75;A2P7TF;ETF;Ja;VANGUARD LifeStrategy 80% Equity UCITS ETF - (EUR) Accumulating
IE00BMVB5S82;A2P7TH;ETF;Ja;VANGUARD LifeStrategy 80% Equity UCITS ETF - (EUR) Distributing
IE00BMW3QX54;A12DB1;ETF;Nein;L&G ROBO Global® Robotics and Automation UCITS ETF - USD ACC
IE00BMW42074;A2QBZ2;ETF;Ja;iShares MSCI Europe Consumer Staples Sector UCITS ETF EUR (Acc)
IE00BMW42181;A2QBZ0;ETF;Ja;iShares MSCI Europe Health Care Sector UCITS ETF EUR (Acc)
IE00BMW42298;A2QBZ7;ETF;Ja;iShares MSCI Europe Consumer Discretionary Sector UCITS ETF EUR (Acc)
IE00BMW42306;A2QBZ4;ETF;Ja;iShares MSCI Europe Financials Sector UCITS ETF EUR (Acc)
IE00BMW42413;A2QBZ3;ETF;Ja;iShares MSCI Europe Information Technology Sector UCITS ETF EUR (Acc)
IE00BMW42520;A2QBZ6;ETF;Ja;iShares MSCI Europe Industrials Sector UCITS ETF EUR (Acc)
IE00BMW42637;A2QBZ1;ETF;Ja;iShares MSCI Europe Energy Sector UCITS ETF EUR (Acc)
IE00BMWXKN31;A2QHV0;ETF;Nein;HSBC HANG SENG TECH UCITS ETF
IE00BMX0B524;A2P742;ETF;Ja;VANGUARD U.K. Gilt UCITS ETF - EUR Hedged Accumulating
IE00BMX0B631;A2P741;ETF;Ja;VANGUARD USD Treasury Bond UCITS ETF - EUR Hedged Accumulating
IE00BMX0DF60;A2P64W;ETF;Ja;iShares US Medical Devices UCITS ETF USD (Acc)
IE00BMXC7V63;A2QQYY;ETF;Ja;iShares S&P 500 Paris-Aligned Climate UCITS ETF USD (Acc)
IE00BMXC7W70;A2QQYX;ETF;Ja;iShares MSCI World Paris-Aligned Climate UCITS ETF USD (Acc)
IE00BMY76136;A2P63R;ETF;Ja;Xtrackers MSCI World ESG UCITS ETF 2C - EUR Hedged
IE00BMYDM794;A2QMAL;ETF;Nein;L&G Hydrogen Economy UCITS ETF - USD Accumulating ETF
IE00BMYDM802;A2QRY0;ETF;Nein;L&G Quality Equity Dividends ESG Exclusions UK UCITS ETF - GBP DIS
IE00BMYDM919;A2QK9U;ETF;Nein;L&G Quality Equity Dividends ESG Exclusions Europe ex-UK UCITS ETF - EUR DIS
IE00BMYDMB35;A2QK9W;ETF;Nein;L&G Quality Equity Dividends ESG Exclusions Asia Pacific ex-Japan UCITS ETF - USD DIS
IE00BMYDMC42;A2QK9V;ETF;Nein;L&G Quality Equity Dividends ESG Exclusions Emerging Markets UCITS ETF - USD DIS ETF
IE00BMYMHS24;A2P5A6;ETF;Ja;Saturna Al-Kawthar Global Focused Equity UCITS ETF - Acc
IE00BMZ17T93;A2QDPY;ETF;Ja;iShares MSCI World SRI UCITS ETF GBP Hedged (Dist)
IE00BMZ17W23;A2QDP2;ETF;Ja;iShares MSCI World SRI UCITS ETF EUR Hedged (Dist)
IE00BMZ17X30;A2QDP1;ETF;Ja;iShares MSCI World SRI UCITS ETF USD Hedged (Dist)
IE00BN0YSK89;A2QEDN;ETF;Nein;Ossiam Food for Biodiversity UCITS ETF 1A/A (EUR)
IE00BN2BCY94;A2QCGW;ETF;Ja;Xtrackers Developed Green Real Estate ESG UCITS ETF - 1C USD ACC ETF
IE00BN4PXC48;A2QNQK;ETF;Nein;UBS (Irl) ETF plc - UBS Climate Aware Global Developed Equity CTB UCITS ETF (USD) A-acc
IE00BN4Q0370;A2QNQJ;ETF;Nein;UBS (Irl) ETF plc - MSCI World Climate Paris Aligned UCITS ETF (USD) A-acc
IE00BN4Q0602;A2QNQQ;ETF;Nein;UBS (Irl) ETF plc - MSCI USA Climate Paris Aligned UCITS ETF (USD) A-acc
IE00BN4Q0933;A2QNQM;ETF;Nein;UBS (Irl) ETF plc - MSCI Europe Climate Paris Aligned UCITS ETF (EUR) A-acc
IE00BN4Q0L55;A2QNQH;ETF;Nein;UBS (Irl) ETF plc - MSCI EMU Climate Paris Aligned UCITS ETF (EUR) A-acc
IE00BN4Q0P93;A2QNQN;ETF;Nein;UBS (Irl) ETF plc - MSCI ACWI Climate Paris Aligned UCITS ETF (USD) A-acc
IE00BN4Q0X77;A2QNQP;ETF;Nein;UBS (Irl) ETF plc - MSCI Japan Climate Paris Aligned UCITS ETF (JPY) A-acc
IE00BN4Q1675;A2QNQL;ETF;Nein;UBS (Irl) ETF plc - MSCI Emerging Markets Climate Paris Aligned UCITS ETF (USD) A-acc
IE00BN92ZL31;A2QR13;ETF;Ja;iShares MSCI World Paris-Aligned Climate UCITS ETF USD (Dist)
IE00BN940Z87;A2QG32;ETF;Nein;UBS (Irl) Fund Solutions plc - CMCI Commodity Carry Ex-Agriculture SF UCITS ETF (USD) A-acc
IE00BN941009;A2QG31;ETF;Nein;UBS (Irl) Fund Solutions plc - CMCI Commodity Carry Ex-Agriculture SF UCITS ETF (hedged to EUR) A-acc
IE00BNC0M350;A3CM9R;ETF;Nein;UBS (Irl) ETF plc - MSCI USA ESG Universal Low Carbon Select UCITS ETF (USD) A-acc
IE00BNC0M913;A3CM9U;ETF;Nein;UBS (Irl) ETF plc - MSCI EMU ESG Universal Low Carbon Select UCITS ETF (EUR) A-acc
IE00BNC0MD55;A3CM9V;ETF;Nein;UBS (Irl) ETF plc - MSCI Japan ESG Universal Low Carbon Select UCITS ETF (JPY) A-acc
IE00BNC17X36;A2QC11;AKTIE;Ja;FUSION FUEL GREEN CL.A
IE00BNC1F287;A2QG4B;ETF;Ja;iClima Global Decarbonisation Enablers UCITS ETF - Acc
IE00BNC1G699;A2QGNE;ETF;Ja;Xtrackers MSCI EMU ESG UCITS ETF 1C
IE00BNC1G707;A2QGNF;ETF;Ja;Xtrackers MSCI USA Communication Services UCITS ETF 1D
IE00BNDS1P30;A2QL8W;ETF;Ja;Vanguard ESG Global Corporate Bond UCITS ETF EUR Hedged Accumulating
IE00BNDS1Q47;A2QL8X;ETF;Ja;Vanguard ESG Global Corporate Bond UCITS ETF EUR Hedged Distributing
IE00BNG8L278;A2QL8U;ETF;Ja;VANGUARD ESG Global All Cap UCITS ETF - (USD) Accumulating
IE00BNG8L385;A2QL8V;ETF;Ja;VANGUARD ESG Global All Cap UCITS ETF - (USD) Distributing
IE00BNGFMX61;A2QD43;ETF;Nein;Fidelity Sustainable Research Enhanced Japan Equity UCITS ETF Accumulating JPY Shares
IE00BNGFMY78;A2QD42;ETF;Nein;Fidelity Sustainable Research Enhanced Pacific ex-Japan Equity UCITS ETF Accumulating USD Shares
IE00BNGJJT35;A2QP63;ETF;Nein;Invesco S&P 500 Equal Weight UCITS ETF Acc
IE00BNH72088;A12CZS;ETF;Nein;SPDR Refinitiv Global Convertible Bond UCITS ETF USD
IE00BNKF6C99;DBX0AB;ETF;Ja;Xtrackers MSCI Europe Consumer Discretionary Screened UCITS ETF - 1C EUR ACC ETF
IE00BNRQM384;A2QMHS;ETF;Nein;Invesco NASDAQ-100 Swap UCITS ETF Acc
IE00BNTVVR89;A3CPAP;ETF;Ja;AuAg ESG Gold Mining UCITS ETF - Acc
IE00BP3QZ601;A12ATE;ETF;Ja;iShares Edge MSCI World Quality Factor UCITS ETF USD (Acc)
IE00BP3QZ825;A12ATF;ETF;Ja;iShares Edge MSCI World Momentum Factor UCITS ETF USD (Acc)
IE00BP3QZB59;A12ATG;ETF;Ja;iShares Edge MSCI World Value Factor UCITS ETF USD (Acc)
IE00BP3QZD73;A12ATH;ETF;Ja;iShares Edge MSCI World Size Factor UCITS ETF USD (Acc)
IE00BP3QZJ36;A12ATD;ETF;Ja;iShares MSCI France UCITS ETF EUR (Acc)
IE00BP46NG52;A119P6;ETF;Nein;SPDR ICE BofA 0-5 Year EM USD Government Bond UCITS ETF USD
IE00BP8FKB21;A118P8;ETF;Ja;Xtrackers FTSE Developed Europe ex UK Real Estate UCITS ETF 1C
IE00BP9F2H18;A118V7;ETF;Nein;PIMCO US Low Duration Corporate Bond UCITS ETF - USD Income
IE00BP9F2J32;A118V8;ETF;Nein;PIMCO Euro Low Duration Corporate Bond UCITS ETF - EUR Income
IE00BPRCH686;A119GW;ETF;Nein;Invesco JPX-Nikkei 400 UCITS ETF
IE00BPVLQD13;A119J2;ETF;Ja;Xtrackers MSCI Japan Screened UCITS ETF - 1D JPY DIS ETF
IE00BPVLQF37;A119J3;ETF;Ja;Xtrackers MSCI Japan ESG Screened UCIST ETF 2D - GBP Hedged
IE00BQ1YBR67;A12GPH;FONDS;Nein;Comgest Growth PLC - COMGEST GROWTH EUROPE OPPORTUNITIES EUR Dis Class
IE00BQ70R696;A12CCJ;ETF;Nein;Invesco Nasdaq Biotech UCITS ETF
IE00BQN1K562;A12DPM;ETF;Ja;iShares Edge MSCI Europe Quality Factor UCITS ETF EUR (Acc)
IE00BQN1K786;A12DPN;ETF;Ja;iShares Edge MSCI Europe Momentum Factor UCITS ETF EUR (Acc)
IE00BQN1K901;A12DPP;ETF;Ja;iShares Edge MSCI Europe Value Factor UCITS ETF EUR (Acc)
IE00BQN1KC32;A12DPQ;ETF;Ja;iShares Edge MSCI Europe Size Factor UCITS ETF EUR (Acc)
IE00BQQ3Q067;A12HUR;ETF;Ja;WisdomTree Emerging Markets Equity Income UCITS ETF
IE00BQQP9F84;A12CCL;ETF;Ja;VanEck Gold Miners UCITS ETF
IE00BQQP9G91;A12CCM;ETF;Ja;VanEck Junior Gold Miners UCITS ETF
IE00BQQP9H09;A12CCN;ETF;Ja;VanEck Morningstar US Sustainable Wide Moat UCITS ETF
IE00BQT3WG13;A12DPT;ETF;Ja;iShares MSCI China A UCITS ETF USD (Acc)
IE00BQWJFQ70;A12EAR;ETF;Nein;SPDR Morningstar Multi-Asset Global Infrastructure UCITS ETF USD
IE00BQXKVQ19;A12B98;ETF;Ja;Xtrackers MSCI GCC Select Swap UCITS ETF 1C
IE00BQZJBM26;A12HUS;ETF;Ja;WisdomTree Emerging Markets SmallCap Dividend UCITS ETF
IE00BQZJBQ63;A12HUV;ETF;Ja;WisdomTree US Equity Income UCITS ETF
IE00BQZJBX31;A12HUT;ETF;Ja;WisdomTree Europe Equity Income UCITS ETF
IE00BQZJC527;A12HUU;ETF;Ja;WisdomTree Europe SmallCap Dividend UCITS ETF
IE00BRB36B93;A12C16;ETF;Ja;Xtrackers MSCI Japan ESG Screened UCIST ETF 3C - EUR Hedged
IE00BRKWGL70;A12DYR;ETF;Nein;Invesco S&P 500 UCITS ETF (EUR Hdg)
IE00BS7K8821;A12DYT;ETF;Nein;SPDR Bloomberg Barclays 3-5 Year Euro Government Bond UCITS ETF EUR
IE00BSJCQV56;A14P7G;ETF;Nein;SPDR FTSE EPRA Europe Ex UK Real estate UCITS ETF EUR
IE00BSKRJX20;A12HMZ;ETF;Ja;iShares € Govt Bond 20yr Target Duration UCITS ETF EUR (Dist)
IE00BSKRJZ44;A12HL9;ETF;Ja;iShares $ Treasury Bond 20+yr UCITS ETF USD (Dist)
IE00BSKRK281;A12HSP;ETF;Ja;iShares € Corp Bond BBB-BB UCITS ETF EUR (Dist)
IE00BSPLC298;A12HU7;ETF;Nein;SPDR MSCI Europe Small Cap Value Weighted UCITS ETF EUR
IE00BSPLC306;A12HU6;ETF;Nein;SPDR MSCI Europe Value UCITS ETF EUR
IE00BSPLC413;A12HU5;ETF;Ja;SPDR MSCI USA Small Cap Value Weighted UCITS ETF USD
IE00BSPLC520;A12HU4;ETF;Nein;SPDR MSCI USA Value UCITS ETF USD
IE00BTGD1B38;A12GMT;ETF;Ja;Xtrackers MSCI Japan ESG Screened UCIST ETF 4C - USD Hedged
IE00BTJRMP35;A12GVR;ETF;Ja;Xtrackers MSCI Emerging Markets UCITS ETF 1C
IE00BTN1Y115;A14M2J;AKTIE;Ja;MEDTRONIC PLC DL-,0001
IE00BVFZGC04;A18C5F;ETC;Nein;WisdomTree Bloomberg WTI Crude Oil ETC
IE00BVFZGD11;A179AH;ETC;Nein;WisdomTree Bloomberg Brent Crude Oil ETC
IE00BVGC6645;A14MTZ;ETF;Nein;Invesco JPX-Nikkei 400 UCITS ETF (EUR Hdg)
IE00BVXBH163;A14SCC;ETF;Ja;WisdomTree Europe Equity UCITS ETF - USD Hedged
IE00BVXC4854;A14SCB;ETF;Ja;WisdomTree Japan Equity UCITS ETF - USD Hedged
IE00BVZ6SP04;A14PHG;ETF;Nein;PIMCO Euro Short Maturity UCITS ETF - EUR Accumulation
IE00BW0DJK52;A2AF5Y;FONDS;Nein;Baillie Gifford Worldwide Funds PLC - Baillie Gifford Worldwide Emerging Markets Leading Companies Fund B EUR Accumulation
IE00BWBXM278;A14QBY;ETF;Nein;SPDR S&P U.S. Consumer Discretionary Select Sector UCITS ETF USD
IE00BWBXM385;A14QBZ;ETF;Nein;SPDR S&P U.S. Consumer Staples Select Sector UCITS ETF USD
IE00BWBXM492;A14QB0;ETF;Nein;SPDR S&P U.S. Energy Select Sector UCITS ETF USD
IE00BWBXM500;A14QB1;ETF;Nein;SPDR S&P U.S. Financials Select Sector UCITS ETF USD
IE00BWBXM617;A14QB2;ETF;Nein;SPDR S&P U.S. Health Care Select Sector UCITS ETF USD
IE00BWBXM724;A14QB3;ETF;Nein;SPDR S&P U.S. Industrials Select Sector UCITS ETF USD
IE00BWBXM831;A14QB4;ETF;Nein;SPDR S&P U.S. Materials Select Sector UCITS ETF USD
IE00BWBXM948;A14QB5;ETF;Nein;SPDR S&P U.S. Technology Select Sector UCITS ETF USD
IE00BWBXMB69;A14QB6;ETF;Nein;SPDR S&P U.S. Utilities Select Sector UCITS ETF USD
IE00BWK1SP74;A14R3K;ETF;Ja;iShares MSCI EMU CHF Hedged UCITS ETF (Acc)
IE00BWT3KJ20;A14Y6U;ETF;Nein;UBS (Irl) ETF plc - Factor MSCI USA Low Volatility UCITS ETF (hedged to EUR) A-acc
IE00BWT3KL42;A14Y6V;ETF;Nein;UBS (Irl) ETF plc - Factor MSCI USA Prime Value UCITS ETF (hedged to EUR) A-acc
IE00BWT3KN65;A14Y6W;ETF;Nein;UBS (Irl) ETF plc - Factor MSCI USA Quality UCITS ETF (hedged to EUR) A-acc
IE00BWT6H894;A14RX5;AKTIE;Ja;FLUTTER ENTMT PLC EO-,09
IE00BWTN6Y99;A14RHD;ETF;Nein;Invesco S&P 500 High Dividend Low Volatility UCITS ETF
IE00BWTNM966;A14S1P;ETF;Nein;FIRST TRUST GLOBAL FUNDS PUBLIC LIMITED COMPANY - First Trust Germany AlphaDEX® UCITS ETF Class A Distribution EUR
IE00BWZN1T31;A14SMA;ETF;Ja;iShares MSCI EMU USD Hedged UCITS ETF (Acc)
IE00BX7RQY03;A14XL8;ETF;Nein;UBS (Irl) ETF plc - Factor MSCI USA Low Volatility UCITS ETF (USD) A-dis
IE00BX7RR706;A14XL9;ETF;Nein;UBS (Irl) ETF plc - Factor MSCI USA Prime Value UCITS ETF (USD) A-dis
IE00BX7RRJ27;A14XMA;ETF;Nein;UBS (Irl) ETF plc - Factor MSCI USA Quality UCITS ETF (USD) A-dis
IE00BXDZNK39;A14Z35;ETF;Nein;UBS (Irl) ETF plc - Factor MSCI USA Quality UCITS ETF (hedged to GBP) A-dis
IE00BY7QL619;A2AQCA;AKTIE;Ja;JOHNSON CONTR.INTL.DL-,01
IE00BYM31M36;A2AFCX;ETF;Ja;iShares Fallen Angels High Yield Corp Bond UCITS ETF
IE00BYM8JD58;A2ABQ2;ETF;Nein;Invesco Real Estate S&P US Select Sector UCITS ETF
IE00BYML9W36;A1405W;ETF;Nein;Invesco S&P 500 UCITS ETF (Distributing)
IE00BYMLZY74;A2AE1P;ETF;Ja;WisdomTree Enhanced Commodity UCITS ETF - USD Acc
IE00BYMS5W68;A2DHWJ;ETF;Nein;Invesco KBW NASDAQ Fintech UCITS ETF
IE00BYPC1H27;A14T8G;ETF;Ja;iShares China CNY Bond UCITS ETF USD (Dist)
IE00BYPHT736;A2ACJ8;ETF;Ja;Xtrackers iBoxx EUR Corporate Bond Yield Plus UCITS ETF 1D
IE00BYPLS672;A14WU5;ETF;Ja;L&G Cyber Security UCITS ETF - USD Accumulating ETF
IE00BYQCZJ13;A1403D;ETF;Ja;WisdomTree Japan Equity UCITS ETF - EUR Hedged Acc
IE00BYQCZN58;A1403E;ETF;Ja;WisdomTree Japan Equity UCITS ETF - JPY Acc
IE00BYQCZX56;A1403C;ETF;Ja;WisdomTree Europe Equity UCITS ETF - EUR Acc
IE00BYSX4176;A2PPW8;ETF;Nein;Fidelity Europe Quality Income UCITS ETF Income Shares
IE00BYSX4283;A2DWQY;ETF;Nein;Fidelity Europe Quality Income UCITS ETF Accumulation Shares
IE00BYSX4739;A2PQDR;ETF;Nein;Fidelity Emerging Markets Quality Income UCITS ETF Income Shares
IE00BYSX4846;A2DWQW;ETF;Nein;Fidelity Emerging Markets Quality Income UCITS ETF Accumulating USD Shares
IE00BYSZ5R67;A2ACRL;ETF;Nein;SPDR Bloomberg Barclays 3-7 Year U.S. Treasury Bond UCITS ETF USD
IE00BYSZ5T81;A2ACRN;ETF;Nein;SPDR Bloomberg Barclays 7-10 Year U.S. Treasury Bond UCITS ETF USD
IE00BYSZ5V04;A2ACRP;ETF;Nein;SPDR Bloomberg Barclays 10+ Year U.S. Treasury Bond UCITS ETF USD
IE00BYSZ6062;A2ACRK;ETF;Nein;SPDR Bloomberg Barclays 10+ Year Euro Government Bond UCITS ETF EUR
IE00BYT5CV85;A2AHR4;ETF;Nein;UBS (Irl) Fund Solutions plc - CMCI Ex-Agriculture SF UCITS ETF (hedged to EUR) A-acc
IE00BYTBXV33;A1401Z;AKTIE;Ja;RYANAIR HLDGS PLC EO-,006
IE00BYTH5R14;A3CNJJ;ETF;Nein;SPDR S&P U.S. Dividend Aristocrats ESG UCITS ETF Dist USD
IE00BYTH5S21;A3CNJH;ETF;Nein;SPDR S&P Global Dividend Aristocrats ESG UCITS ETF Dist USD
IE00BYTH5T38;A3CNJK;ETF;Nein;SPDR S&P Euro Dividend Aristocrats ESG UCITS ETF Dist EUR
IE00BYTH6238;A14X88;ETF;Nein;FIRST TRUST GLOBAL FUNDS PUBLIC LIMITED COMPANY - First Trust US Equity Opportunities UCITS ETF Class A Accumulation USD
IE00BYTRRB94;A2AE58;ETF;Nein;SPDR MSCI World Health Care UCITS ETF USD
IE00BYTYHM11;A2BGRH;ETF;Nein;WisdomTree Emerging Markets 3x Daily Short
IE00BYTYHN28;A2BCZZ;ETF;Nein;WisdomTree Emerging Markets 3x Daily Leveraged
IE00BYV12Y75;A2ACRD;ETF;Nein;SPDR Bloomberg Barclays 1-10 Year U.S. Corporate Bond UCITS ETF USD unhedged
IE00BYV1Y969;A2DWQ0;ETF;Nein;Fidelity US Quality Income UCITS ETF Accumulating EUR (Hedged) Shares
IE00BYV1YH46;A2DWQ2;ETF;Nein;Fidelity Global Quality Income UCITS ETF Income EUR (Hedged) Shares
IE00BYVJRP78;A2AFCZ;ETF;Ja;iShares MSCI EM SRI UCITS ETF USD (Acc)
IE00BYVJRQ85;A2AFC1;ETF;Ja;iShares MSCI Japan SRI EUR Hedged UCITS ETF (Acc)
IE00BYVJRR92;A2AFC0;ETF;Ja;iShares MSCI USA SRI UCITS ETF USD (Acc)
IE00BYVQ9F29;A2N34W;ETF;Ja;iShares Nasdaq 100 UCITS ETF EUR Hedged (Acc)
IE00BYVTMS52;A2DT9V;ETF;Nein;Invesco EQQQ NASDAQ-100 UCITS ETF (EUR Hdg)
IE00BYVTMZ20;A2DT9W;ETF;Nein;Invesco US High Yield Fallen Angels UCITS ETF (EUR Hdg)
IE00BYVZV757;A2H9US;ETF;Nein;JPM BetaBuilders EUR Govt Bond 1-3 yr UCITS ETF - EUR (acc)
IE00BYWQWR46;A2PLDF;ETF;Ja;VanEck Video Gaming and eSports UCITS ETF
IE00BYWZ0333;A2H5ES;ETF;Ja;iShares Automation & Robotics UCITS ETF USD (Dist)
IE00BYWZ0440;A2H5EU;ETF;Ja;iShares Global High Yield Corp Bond UCITS ETF USD (Acc)
IE00BYX2JD69;A2DVB9;ETF;Ja;iShares MSCI World SRI UCITS ETF EUR (Acc)
IE00BYX5K108;A2AN46;ETF;Nein;Invesco MSCI Europe ex-UK UCITS ETF
IE00BYX5M039;A2JE5S;FONDS;Nein;Fidelity UCITS II ICAV - Fidelity MSCI Emerging Markets Index Fund P USD ACC
IE00BYX5M476;A2JE5T;FONDS;Nein;Fidelity UCITS II ICAV - Fidelity MSCI Emerging Markets Index Fund P-ACC-Euro
IE00BYX5MD61;A2JE5U;FONDS;Nein;Fidelity UCITS II ICAV - Fidelity MSCI Europe Index Fund P EUR ACC
IE00BYX5MJ24;A2JFZ5;FONDS;Nein;Fidelity UCITS II ICAV - Fidelity MSCI Europe Index Fund P USD ACC
IE00BYX5ML46;A2JE5W;FONDS;Nein;Fidelity UCITS II ICAV - Fidelity MSCI Europe Index Fund P EUR Hedged ACC
IE00BYX5MS15;A2JE56;FONDS;Nein;Fidelity UCITS II ICAV - Fidelity S&P 500 Index Fund P USD ACC
IE00BYX5MX67;A2JE57;FONDS;Nein;Fidelity UCITS II ICAV - Fidelity S&P 500 Index Fund P EUR ACC
IE00BYX5N110;A2JE59;FONDS;Nein;Fidelity UCITS II ICAV - Fidelity S&P 500 Index Fund P EUR Hedged ACC
IE00BYX5N334;A2JE5Y;FONDS;Nein;Fidelity UCITS II ICAV - Fidelity MSCI Japan Index Fund P USD ACC
IE00BYX5N771;A2JE5Z;FONDS;Nein;Fidelity UCITS II ICAV - Fidelity MSCI Japan Index Fund P EUR ACC
IE00BYX5NH74;A2JE51;FONDS;Nein;Fidelity UCITS II ICAV - Fidelity MSCI Japan Index Fund P EUR Hedged ACC
IE00BYX5NK04;A2JE52;FONDS;Nein;Fidelity UCITS II ICAV - Fidelity MSCI World Index Fund P USD ACC
IE00BYX5NX33;A2JE53;FONDS;Nein;Fidelity UCITS II ICAV - Fidelity MSCI World Index Fund P EUR ACC
IE00BYX5P602;A2JE55;FONDS;Nein;Fidelity UCITS II ICAV - Fidelity MSCI World Index Fund P EUR Hedged ACC
IE00BYX8XC17;A2AUE9;ETF;Ja;iShares MSCI Japan SRI UCITS ETF
IE00BYX8XD24;A2AUE8;ETF;Ja;iShares Edge S&P 500 Minimum Volatility UCITS ETF EUR Hedged (Acc)
IE00BYXG2H39;A2DWAW;ETF;Ja;iShares Nasdaq US Biotechnology UCITS ETF
IE00BYXPSP02;A2DN9Z;ETF;Ja;iShares $ Treasury Bond 1-3yr UCITS ETF USD (Acc)
IE00BYXPXK00;A2DN91;ETF;Ja;iShares Edge MSCI World Multifactor UCITS ETF EUR Hedged (Acc)
IE00BYXPXL17;A2DN90;ETF;Ja;iShares Edge MSCI World Minimum Volatility UCITS ETF EUR Hedged (Acc)
IE00BYXVGX24;A2DL7C;ETF;Ja;Fidelity US Quality Income UCITS ETF Income USD Shares
IE00BYXVGY31;A2DL7D;ETF;Nein;Fidelity US Quality Income UCITS ETF Accumulating USD Shares
IE00BYXVGZ48;A2DL7E;ETF;Ja;Fidelity Global Quality Income UCITS ETF Income Shares
IE00BYXYX521;A2DPAK;ETF;Nein;Invesco Bloomberg Commodity ex-Agriculture UCITS ETF
IE00BYXYX745;A2DRG1;ETF;Ja;iShares MSCI Europe Mid Cap UCITS ETF EUR (Dist)
IE00BYXYYJ35;A2DN9X;ETF;Ja;iShares $ Corp Bond UCITS ETF USD (Acc)
IE00BYXYYK40;A2DN9U;ETF;Ja;iShares J.P. Morgan $ EM Bond UCITS ETF USD (Acc)
IE00BYXYYL56;A2DN9Y;ETF;Ja;iShares $ High Yield Corp Bond UCITS ETF USD (Acc)
IE00BYXYYM63;A2DN9W;ETF;Ja;iShares US Aggregate Bond UCITS ETF USD (Acc)
IE00BYXYYP94;A2DN9V;ETF;Ja;iShares $ Short Duration Corp Bond UCITS ETF USD (Acc)
IE00BYYHSM20;A2DRG4;ETF;Ja;iShares MSCI Europe Quality Dividend UCITS ETF
IE00BYYHSQ67;A2DRG5;ETF;Ja;iShares MSCI World Quality Dividend UCITS ETF
IE00BYYLVJ24;A2DQ70;ETF;Nein;UBS (Irl) Fund Solutions plc - Bloomberg Commodity CMCI SF UCITS ETF (hedged to EUR) A-acc
IE00BYYPF474;A2APJN;FONDS;Nein;Aegon Asset Management Investment Company (Ireland) plc Aegon Global Diversified Income Fund A Acc EUR
IE00BYYR0489;A14ZV2;ETF;Ja;iShares MSCI Saudi Arabia Capped UCITS ETF USD (Acc)
IE00BYYW2V44;A2AGXP;ETF;Nein;SPDR S&P 500 UCITS ETF EUR Hedged
IE00BYYXBF44;A2AHZU;ETF;Nein;Invesco FTSE Emerging Markets High Dividend Low Volatility UCITS ETF
IE00BYZ28V50;A2H5EV;ETF;Ja;iShares Global Govt Bond UCITS ETF USD (Acc)
IE00BYZ28W67;A2H5ET;ETF;Ja;iShares Core FTSE 100 UCITS ETF USD Hedged (Acc)
IE00BYZK4552;A2ANH0;ETF;Ja;iShares Automation & Robotics UCITS ETF USD (Acc)
IE00BYZK4669;A2ANH1;ETF;Ja;iShares Ageing Population UCITS ETF USD (Acc)
IE00BYZK4776;A2ANH2;ETF;Ja;iShares Healthcare Innovation UCITS ETF USD (Acc)
IE00BYZK4883;A2ANH3;ETF;Ja;iShares Digitalisation UCITS ETF USD (Acc)
IE00BYZNF849;A2DH15;ETF;Ja;Xtrackers Global Infrastructure ESG UCITS ETF - 1C USD ACC ETF
IE00BYZTVT56;A142NT;ETF;Ja;iShares € Corp Bond ESG UCITS ETF EUR (Dist)
IE00BYZTVV78;A142NU;ETF;Ja;iShares € Corp Bond 0-3yr ESG UCITS ETF EUR (Dist)
IE00BZ02LR44;A2AQST;ETF;Ja;Xtrackers MSCI World ESG UCITS ETF 1C
IE00BZ036H21;A14XH5;ETF;Ja;Xtrackers USD Corporate Bond UCITS ETF 1D
IE00BZ036J45;A14XH4;ETF;Ja;Xtrackers USD Corporate Bond UCITS ETF 2D - EUR Hedged
IE00BZ043R46;A2DWBL;ETF;Ja;iShares Core Global Aggregate Bond UCITS ETF USD Hedged (Acc)
IE00BZ048462;A2DS7X;ETF;Ja;iShares $ Floating Rate Bond UCITS ETF USD (Dist)
IE00BZ048579;A2DS7Y;ETF;Ja;iShares $ Corp Bond 0-3yr ESG UCITS ETF USD (Dist)
IE00BZ0G8860;A14071;ETF;Nein;SPDR Bloomberg Barclays 10+ Year U.S. Corporate Bond UCITS ETF USD
IE00BZ0G8977;A14072;ETF;Nein;SPDR Bloomberg Barclays U.S. TIPS UCITS ETF USD
IE00BZ0G8B96;A143DA;ETF;Nein;SPDR MSCI Japan UCITS ETF JPY
IE00BZ0G8C04;A143DB;ETF;Nein;SPDR MSCI Japan UCITS ETF EUR Hedged
IE00BZ0PKS76;A14YN9;ETF;Ja;iShares Edge MSCI USA Multifactor UCITS ETF
IE00BZ0PKT83;A14YPA;ETF;Ja;iShares Edge MSCI World Multifactor UCITS ETF USD (Acc)
IE00BZ0PKV06;A14YPB;ETF;Ja;iShares Edge MSCI Europe Multifactor UCITS ETF EUR (Acc)
IE00BZ0XVF52;A2JKH4;ETF;Nein;WisdomTree AT1 CoCo Bond UCITS ETF - USD
IE00BZ163G84;A143JK;ETF;Ja;VANGUARD EUR Corporate Bond UCITS ETF - (EUR) Distributing
IE00BZ163H91;A143JL;ETF;Ja;VANGUARD EUR Eurozone Government Bond UCITS ETF - (EUR) Distributing
IE00BZ163K21;A143JM;ETF;Ja;VANGUARD USD Corporate Bond UCITS ETF - (USD) Distributing
IE00BZ163L38;A143JQ;ETF;Ja;VANGUARD USD Emerging Markets Government Bond UCITS ETF - (USD) Distributing
IE00BZ163M45;A143JN;ETF;Ja;VANGUARD USD Treasury Bond UCITS ETF - (USD) Distributing
IE00BZ171348;A2JNLK;ETF;Ja;iShares Global AAA-AA Govt Bond UCITS ETF USD (Acc)
IE00BZ173T46;A2N9LH;ETF;Ja;iShares MSCI USA SRI UCITS ETF USD (Dist)
IE00BZ173V67;A2JN2K;ETF;Ja;iShares MSCI USA SRI UCITS ETF EUR Hedged (Dist)
IE00BZ173W74;A2JNLG;ETF;Ja;iShares $ Corp Bond Interest Rate Hedged UCITS ETF USD (Acc)
IE00BZ17CN18;A2JNLH;ETF;Ja;iShares $ Short Duration High Yield Corp Bond UCITS ETF USD (Acc)
IE00BZ1NCS44;A2JQ2G;ETF;Ja;iShares Bloomberg Roll Select Commodity Swap UCITS ETF USD (Acc)
IE00BZ2GV965;A141AP;ETF;Nein;UBS (Irl) Fund Solutions plc - CMCI Ex-Agriculture SF UCITS ETF (USD) A-acc
IE00BZ4BMM98;A2ABHF;ETF;Nein;Invesco EURO STOXX High Dividend Low Volatility UCITS ETF
IE00BZ56RG20;A2AGPV;ETF;Ja;WisdomTree US Quality Dividend Growth UCITS ETF - USD Acc
IE00BZ56RN96;A2AG1D;ETF;Ja;WisdomTree Global Quality Dividend Growth UCITS ETF - USD DIS
IE00BZ56SW52;A2AG1E;ETF;Ja;WisdomTree Global Quality Dividend Growth UCITS ETF - USD Acc
IE00BZ56SY76;A2AG1F;ETF;Ja;WisdomTree Eurozone Quality Dividend Growth UCITS ETF - EUR
IE00BZ56TQ67;A2AG1G;ETF;Ja;WisdomTree Eurozone Quality Dividend Growth UCITS ETF - EUR Acc
IE00BZ6V7883;A2AGYT;ETF;Ja;iShares US Mortgage Backed Securities UCITS ETF USD (Dist)
IE00BZCQB185;A2AFCY;ETF;Ja;iShares MSCI India UCITS ETF USD (Acc)
IL0010811243;904218;AKTIE;Ja;ELBIT SYS LTD
IL0010823123;885455;AKTIE;Ja;MAGIC SOFTWARE ENT.IS-,01
IL0010823792;893169;AKTIE;Ja;TOWER SEMICON. LTD IS-,10
IL0010824113;901638;AKTIE;Ja;CHECK POINT SOFTW. TECHS
IL0010825102;886167;AKTIE;Ja;GILAT SATELLITE NETWORKS
IL0010826688;909554;AKTIE;Ja;RADCOM LTD
IL0010826928;898666;AKTIE;Ja;SILICOM LTD IS-,01
IL0010829658;922683;AKTIE;Ja;AUDIOCODES LTD. IS 0,01
IL0010830961;920474;AKTIE;Ja;SUPERCOM LTD. IS 50
IL0010845571;937092;AKTIE;Ja;NOVA LTD.
IL0010851660;941230;AKTIE;Ja;CERAG.NETW.
IL0010952641;A0H0YX;AKTIE;Nein;CAMTEK LTD.
IL0010958192;A0JC7P;AKTIE;Ja;PERION NETWORK LTD.
IL0011216723;A14RF6;AKTIE;Ja;KORNIT DIGITAL IS -,01
IL0011267213;A1J5UR;AKTIE;Ja;STRATASYS LTD
IL0011284465;A1W3GY;AKTIE;Ja;PLUS500 LTD. LS -,01
IL0011301780;A1W7AU;AKTIE;Ja;WIX.COM LTD IS -,01
IL0011331076;A12BMB;AKTIE;Ja;LIFEWARD LTD. IS -,01
IL0011334468;A12CPP;AKTIE;Ja;CYBERARK SOFTWARE IS-,01
IL0011336851;A14QUF;AKTIE;Ja;CHECK-CAP LTD IS 48
IL0011407140;A2DTCV;AKTIE;Ja;UROGEN PHARMA LTD IS -,01
IL0011410359;A2DUAF;AKTIE;Ja;ETHERNITY NETW.(DI) -,001
IL0011582033;A2PLX6;AKTIE;Ja;FIVERR INTERNATIONAL LTD
IL0011595993;A2PP3A;AKTIE;Ja;INMODE LTD IS -,01
IL0011691438;A2QMMU;AKTIE;Ja;COGNYTE SOFTWARE LTD
IL0011751653;A3CPL6;AKTIE;Ja;SIMILARWEB LTD IS-,01
IL0011754137;A3CTML;AKTIE;Ja;TABOOLA COM LTD
IL0011762130;A3CR1P;AKTIE;Ja;MONDAY.COM LTD
IL0012165630;A411KE;AKTIE;Ja;NEXXEN INTL.LTD. IS -,01
IL0065100930;A2QNF3;AKTIE;Ja;ZIM INTEGRATED SHIPP.SRV.
IM00B5VQMV65;A1CWWN;AKTIE;Ja;ENTAIN PLC EO-,01
IM00B6QH1J21;A12AS6;AKTIE;Ja;AGRONOMICS LTD.LS-0000001
IM00B7S9G985;A1J0S4;AKTIE;Ja;PLAYTECH PLC LS-,01
IT0000062072;850312;AKTIE;Ja;GENERALI S.P.A.
IT0000062957;851715;AKTIE;Ja;MEDIOBCA EO 0,50
IT0000066123;897832;AKTIE;Ja;BPER BANCA EO 3
IT0000072170;A116MH;AKTIE;Ja;FINECOBANK BCA FIN.EO-,33
IT0000072618;850605;AKTIE;Ja;INTESA SANPAOLO
IT0000076502;868988;AKTIE;Ja;DANIELI + C.
IT0000076536;875920;AKTIE;Ja;SOGEFI SPA EO 0,52
IT0000784196;918561;AKTIE;Ja;BCA POP.DI SONDRIO EO 3
IT0001031084;A0LCVJ;AKTIE;Ja;BANCA GENERALI B EO 1
IT0001073045;924693;AKTIE;Ja;BANCA PROFILO
IT0001078911;904257;AKTIE;Ja;INTERPUMP GRP EO 0,52
IT0001128047;911069;AKTIE;Ja;CEMBRE S.P.A. EO 0,52
IT0001157020;909581;AKTIE;Ja;ERG S.P.A. EO 0,10
IT0001206769;915322;AKTIE;Ja;SOL S.P.A. EO 0,52
IT0001207098;924293;AKTIE;Ja;ACEA S.P.A. EO 5,16
IT0001233417;915445;AKTIE;Ja;A2A S.P.A. EO 0,52
IT0001250932;471473;AKTIE;Ja;HERA S.P.A. EO 1
IT0001347308;925963;AKTIE;Ja;BUZZI
IT0001384590;A0MW4X;AKTIE;Ja;AEFFE S.P.A. EO -,25
IT0001454435;502721;AKTIE;Nein;TXT E-SOLUTIONS EO-,50
IT0001469383;874533;AKTIE;Ja;MONDADORI ED. EO 0,26
IT0001469995;588267;AKTIE;Ja;DIGITAL BROS S.P.A.
IT0003027817;591767;AKTIE;Ja;IREN S.P.A. EO 1
IT0003073266;A0H0Y6;AKTIE;Ja;PIAGGIO + C. NAM.
IT0003097257;675689;AKTIE;Ja;BIESSE S.P.A. EO 1
IT0003115950;694642;AKTIE;Ja;DE' LONGHI S.P.A. O.N.
IT0003121677;866464;AKTIE;Ja;CREDITO EMILIANO EO 1
IT0003128367;928624;AKTIE;Ja;ENEL S.P.A. EO 1
IT0003132476;897791;AKTIE;Ja;ENI S.P.A.
IT0003153415;764545;AKTIE;Ja;SNAM S.P.A.
IT0003153621;A0HG7H;AKTIE;Ja;TAMBURI INVT PARTN.EO-,52
IT0003173629;A14V3M;AKTIE;Ja;BANCA SISTEMA SPA EO-,12
IT0003188064;764940;AKTIE;Ja;BANCA IFIS S.P.A. EO 1
IT0003242622;A0B5N8;AKTIE;Ja;TERNA R.E.N. SPA EO -,22
IT0003261697;A0B6Q3;AKTIE;Ja;AZIMUT HLDG S.P.A.
IT0003365613;215601;AKTIE;Ja;FIERA MILANO S.P.A.
IT0003372205;164219;AKTIE;Ja;EDISON SPA RISP.NC EO 1
IT0003428445;A0ERXE;AKTIE;Ja;MARR S.P.A. EO-,50
IT0003492391;A0MTB2;AKTIE;Ja;DIASORIN S.P.A. EO 1
IT0003497168;120470;AKTIE;Ja;TELECOM ITALIA
IT0003549422;A2PV7P;AKTIE;Ja;SANLORENZO IN SIGLA SL
IT0003621783;A0BMUB;AKTIE;Ja;SOC. SPORT. LAZIO EO 0,6
IT0003697080;A0DNCF;AKTIE;Ja;GEOX S.P.A. EO-,10
IT0003796171;A14V64;AKTIE;Ja;POSTE ITALIANE SPA EO-,51
IT0003828271;A0EABR;AKTIE;Ja;RECORDATI SPA EO -,125
IT0003850929;A0EQ3J;AKTIE;Ja;ESPRINET S.P.A. EO -,15
IT0003856405;A0ETQX;AKTIE;Ja;LEONARDO S.P.A. EO 4,40
IT0003865570;A0ET41;AKTIE;Ja;WEBUILD S.P.A.
IT0003874101;A0NDNB;AKTIE;Ja;PRADA SPA EO 1
IT0003895668;A0HL7K;AKTIE;Ja;EUROTECH S.P.A.
IT0004053440;A0JMQC;AKTIE;Ja;DATALOGIC EO -,52
IT0004056880;A0JMJX;AKTIE;Ja;AMPLIFON S.P.A. EO-,02
IT0004147952;A0LF18;AKTIE;Ja;NEWRON PHARMACEUT. EO-,20
IT0004176001;A0MP84;AKTIE;Ja;PRYSMIAN S.P.A. EO 0,10
IT0004195308;A0MUDJ;AKTIE;Ja;MOLTIPLY GROUP
IT0004329733;A0NEXV;AKTIE;Ja;CAIRO COMNCT.
IT0004552359;A1CSQF;AKTIE;Ja;KME GROUP S.P.A.
IT0004604762;A1CYET;AKTIE;Ja;SAFILO GROUP S.P.A. EO 5
IT0004712375;A1JB7F;AKTIE;Ja;SALVATORE FERRAG. EO -,10
IT0004720733;A1JAJM;AKTIE;Ja;ALERION CLEANPOWER
IT0004729759;A1JCG0;AKTIE;Ja;SESA S.P.A.
IT0004764699;A1JWYK;AKTIE;Ja;BRUNELLO CUCINELLI SPA
IT0004776628;A2ACT1;AKTIE;Ja;BANCA MEDIOLANUM NOM.
IT0004810054;A1JWCF;AKTIE;Ja;UNIPOL ASSICURAZIONI NAM.
IT0004931058;A1W0E6;AKTIE;Ja;MAIRE SPA
IT0004931496;A1WZXW;AKTIE;Ja;RCS MEDIAGROUP EO 1
IT0004965148;A1W66W;AKTIE;Ja;MONCLER S.P.A.
IT0004967292;A1W96K;AKTIE;Ja;F.I.L.A. S.P.A.
IT0004998065;A110YL;AKTIE;Ja;ANIMA HOLDING S.P.A.
IT0005037210;A119H6;AKTIE;Ja;TINEXTA S.P.A.
IT0005043507;A14PJ1;AKTIE;Ja;OVS S.P.A.
IT0005054967;A12FBT;AKTIE;Ja;RAI WAY SPA O.N.
IT0005090300;A14UAV;AKTIE;Ja;INFRASTRUT.WIRELESS ITAL.
IT0005119810;A14XKE;AKTIE;Ja;AVIO S.P.A.
IT0005162406;A2AHWL;AKTIE;Ja;TECHNOGYM S.P.A.
IT0005176406;A2ANNA;AKTIE;Ja;ENAV S.P.A. EO 1
IT0005186371;A3DK0W;AKTIE;Ja;INDUSTRIE DE NORA
IT0005211237;A2DF66;AKTIE;Ja;ITALGAS S.P.A. O.N.
IT0005218380;A2DJF1;AKTIE;Ja;BCA BPM S.P.A.
IT0005239360;A2DJV6;AKTIE;Ja;UNICREDIT
IT0005241192;A2DPVN;AKTIE;Ja;AQUAFIL S.P.A.
IT0005244402;A2DM29;AKTIE;Ja;BFF BANK S.P.A.
IT0005246191;A2PFNM;AKTIE;Ja;COMER INDS S.P.A.
IT0005253205;A2DRQR;AKTIE;Ja;ITALMOBILIARE
IT0005274094;A2DU6N;AKTIE;Ja;PHARMANUTRA S.P.A.
IT0005278236;A2DX1M;AKTIE;Ja;PIRELLI + C.
IT0005282865;A2G9K9;AKTIE;Ja;REPLY S.P.A. EO 0,13
IT0005283111;A2DYQD;AKTIE;Nein;IL SOLE 24 ORE S.P.A.
IT0005283640;A2G8X2;AKTIE;Ja;SERI INDUSTRIAL EO -,18
IT0005340051;A2JR1Q;AKTIE;Ja;SCIUKER FRAMES SPA
IT0005345233;A2N8XM;AKTIE;Ja;GAROFALO HEALTH CARE
IT0005359192;A2PFBF;AKTIE;Ja;ILLIMITY BANK
IT0005366767;A2PF9H;AKTIE;Ja;NEXI S.P.A.
IT0005373417;A2PME7;AKTIE;Ja;ELES SEMICO.EQUIPM. S.P.A
IT0005385213;A2PSR9;AKTIE;Ja;NEWPRINCES S.P.A.
IT0005388266;A2PU1J;AKTIE;Ja;SALCEF GROUP S.P.A.
IT0005411209;A2P5NE;AKTIE;Ja;GVS S.P.A.
IT0005412298;A2P7FV;AKTIE;Ja;INNOVATEC S.P.A.
IT0005430936;A2QLMH;AKTIE;Nein;EVISO SPA
IT0005438046;A3CN3X;AKTIE;Ja;SECO S.P.A.
IT0005439085;A3CQXD;AKTIE;Ja;ITALIAN SEA GROUP
IT0005440893;A3CRAT;AKTIE;Ja;WIIT S.P.A.
IT0005452658;A3CUMB;AKTIE;Ja;STEVANATO GROUP SPA O.N.
IT0005453250;A3CWAH;AKTIE;Ja;EL.EN. S.P.A.
IT0005466963;A3C67T;AKTIE;Ja;RACING FORCE SPA
IT0005482333;A3DES7;AKTIE;Ja;TECHNOPROBE S.P.A.
IT0005495657;A3DN68;AKTIE;Ja;SAIPEM
IT0005496473;A3DNT1;AKTIE;Ja;TESSELLIS S.P.A.
IT0005500712;A3DRZU;AKTIE;Ja;ENERGY S.P.A.
IT0005508921;A3DU7S;AKTIE;Ja;BCA MONTE D.PASCHI D.SIE.
IT0005513202;A3EA3V;AKTIE;Ja;REVO INSURANCE SPA O.N.
IT0005526295;A3D8N4;AKTIE;Ja;RIGSAVE S.P.A.
IT0005527616;A3D6PC;AKTIE;Ja;EUROGROUP LAMINAT. S.P.A.
IT0005541336;A3EDET;AKTIE;Ja;LOTTOMATICA GROUP S.P.A.
IT0005572778;A401NW;AKTIE;Ja;JUVENTUS FOOTBALL
IT0005594418;A40E1W;AKTIE;Ja;NEXT GEOSOLUTIONS EUROPE
IT0005595423;A40HJX;AKTIE;Ja;SYS DAT S.P.A. O.N.
IT0005599938;A40H69;AKTIE;Ja;FINCANTIERI SPA O.N.
IT0005610958;A40P08;AKTIE;Ja;DOVALUE S.P.A.
IT0005619843;A40P5W;AKTIE;Ja;LANDI RENZO S.P.A. EO O.N
IT0005628778;A40ZHT;AKTIE;Ja;HAIKA+ S.P.A. EO1
JE00B1VS2W53;A0N6XG;ETC;Ja;WisdomTree Physical Platinum ETC
JE00B1VS3002;A0N6XH;ETC;Ja;WisdomTree Physical Palladium ETC
JE00B1VS3333;A0N6XJ;ETC;Ja;WisdomTree Physical Silver ETC
JE00B1VS3770;A0N6XK;ETC;Nein;WisdomTree Physical Gold ETC
JE00B1VS3W29;A0N6XL;ETC;Ja;WisdomTree Physical Precious Metals ETC
JE00B24DK975;A0V4ZX;ETC;Nein;WisdomTree WTI Crude Oil 1x Daily Short ETC
JE00B24DKC09;A0V6YV;ETC;Nein;WisdomTree Gold 1x Daily Short ETC
JE00B24DKH53;A0V6YZ;ETC;Nein;WisdomTree Natural Gas 1x Daily Short ETC
JE00B24DKJ77;A0V6Y0;ETC;Nein;WisdomTree Nickel 1x Daily Short ETC
JE00B24DKK82;A0V6BQ;ETC;Nein;WisdomTree Silver 1x Daily Short ETC
JE00B24DLX86;A1ELL7;ETC;Nein;WisdomTree WTI Crude Oil Longer Dated - USD ACC ETP/ETC
JE00B24DMC49;A0SVXT;ETC;Nein;WisdomTree Broad Commodities Longer Dated ETC
JE00B24DMD55;A0SVXU;ETC;Nein;WisdomTree Energy Longer Dated ETC
JE00B24DMJ18;A0SVXX;ETC;Ja;WisdomTree Industrial Metals Longer Dated ETC
JE00B24DMK23;A0SVXY;ETC;Nein;WisdomTree Agriculture Longer Dated ETC
JE00B2NFT427;A0V6ZP;ETC;Nein;WisdomTree Agriculture 2x Daily Leveraged ETC
JE00B2NFTD12;A0V5V4;ETC;Nein;WisdomTree Coffee 2x Daily Leveraged ETC
JE00B2NFTF36;A0V6ZW;ETC;Nein;WisdomTree Copper 2x Daily Leveraged ETC
JE00B2NFTG43;A0V6ZX;ETC;Nein;WisdomTree Corn 2x Daily Leveraged ETC
JE00B2NFTL95;A0V6Z0;ETC;Nein;WisdomTree Gold 2x Daily Leveraged ETC
JE00B2NFTS64;A0V5BA;ETC;Nein;WisdomTree Silver 2x Daily Leveraged ETC
JE00B2NFTW01;A0V5V2;ETC;Nein;WisdomTree Sugar 2x Daily Leveraged ETC
JE00B2NFV134;A0V60A;ETC;Nein;WisdomTree Platinum 2x Daily Leveraged ETC
JE00B2NFV803;A0V607;ETC;Nein;WisdomTree Cocoa 2x Daily Leveraged ETC
JE00B3KNMS14;A1BEGS;ETF;Nein;WisdomTree Short JPY Long EUR
JE00B3L54023;A1BEGJ;ETF;Nein;WisdomTree Short CHF Long EUR
JE00B3MQG751;A1BEGZ;ETF;Nein;WisdomTree Long SEK Short EUR
JE00B3MR2Q90;A1BEGH;ETF;Nein;WisdomTree Long CHF Short EUR
JE00B3MRDD32;A1BEGV;ETF;Nein;WisdomTree Long NOK Short EUR
JE00B3MW7P88;A1CVXV;AKTIE;Ja;WEST CHINA CEMENT LS-,002
JE00B3MWC642;A1BEGR;ETF;Nein;WisdomTree Long JPY Short EUR
JE00B3RNTN80;A1EKY1;ETF;Nein;WisdomTree Long USD Short EUR
JE00B3SBYQ91;A1EKY2;ETF;Nein;WisdomTree Short USD Long EUR
JE00B3SX3R93;A1E3HE;ETF;Nein;WisdomTree Long CHF Short GBP - ACC ETF
JE00B3WPFZ34;A1E3G3;ETF;Nein;WisdomTree Long USD Short GBP - ACC ETF
JE00B3XGSP64;A1EKYV;ETF;Nein;WisdomTree Long AUD Short EUR
JE00B44F1611;A1NZLC;ETC;Nein;WisdomTree WTI Crude Oil - EUR Daily Hedged ETC
JE00B4PDKD43;A1NZLB;ETC;Ja;WisdomTree Copper - EUR Daily Hedged ETC
JE00B4RKQV36;A1NZLD;ETC;Nein;WisdomTree Gold - EUR Daily Hedged ETC
JE00B4T3BW64;A1JAGV;AKTIE;Ja;GLENCORE PLC DL -,01
JE00B55Q3P39;A1JBXU;AKTIE;Ja;GENEL ENERGY LS -,10
JE00B588CD74;A1DCTK;ETC;Ja;WisdomTree Physical Swiss Gold ETC
JE00B5SV2703;A1NZLG;ETC;Ja;WisdomTree Silver - EUR Daily Hedged ETC
JE00B66M4S72;A1BEF2;ETF;Nein;WisdomTree Short CNY Long USD
JE00B6822V48;A1BEF1;ETF;Nein;WisdomTree Long CNY Short USD
JE00B68GS416;A1BEE9;ETF;Nein;WisdomTree Long EUR Short USD - ACC ETF
JE00B68GSP26;A1BEFH;ETF;Nein;WisdomTree Long JPY Short USD - ACC ETF
JE00B6SV8B36;A1RX1N;ETC;Nein;WisdomTree Broad Commodities Ex-Agriculture and Livestock ETC
JE00B6XF0923;A1NZLE;ETC;Nein;WisdomTree Natural Gas - EUR Daily Hedged ETC
JE00B6Y3DV84;A1JY9Y;AKTIE;Ja;CIRATA PLC LS -,10
JE00B7305Z55;A1N3G0;ETC;Ja;WisdomTree Brent Crude Oil - EUR Daily Hedged ETC
JE00B766LB87;A1N90E;ETF;Nein;WisdomTree Brent Crude Oil - GBP Daily Hedged - ACC H ETF
JE00B78CGV99;A1N49M;ETC;Ja;WisdomTree Brent Crude Oil ETC
JE00B78CP782;A1N49N;ETC;Ja;WisdomTree Brent Crude Oil Longer Dated ETC
JE00B78DPL57;A1TY7E;ETF;Nein;WisdomTree Brent Crude Oil 1x Daily Short - USD ACC ETF
JE00B78NNK09;A1NZLH;ETC;Nein;WisdomTree Wheat - EUR Daily Hedged ETC
JE00B78NNS84;A1NZLA;ETC;Nein;WisdomTree Broad Commodities - EUR Daily Hedged ETC
JE00B78NNV14;A1PCJ7;ETC;Nein;WisdomTree Energy - EUR Daily Hedged ETC
JE00B78NPQ01;A1NZLF;ETC;Ja;WisdomTree Precious Metals - EUR Daily Hedged ETC
JE00B78NPW60;A1PCKA;ETC;Nein;WisdomTree Industrial Metals - EUR Daily Hedged ETC
JE00B78NPY84;A1NZK9;ETC;Nein;WisdomTree Agriculture - EUR Daily Hedged ETC
JE00B8DFY052;A1RX98;ETC;Ja;WisdomTree Physical Gold - EUR Daily Hedged ETC
JE00B8KF9B49;A1J2BZ;AKTIE;Ja;WPP PLC LS-,10
JE00BD4H0R42;A2DSS6;AKTIE;Ja;IMAGING BIOMETR. LS -,01
JE00BDD9Q840;A2BC41;ETC;Nein;WisdomTree WTI Crude Oil 2x Daily Leveraged ETC
JE00BDD9Q956;A2BC4J;ETC;Nein;WisdomTree Natural Gas 2x Daily Leveraged ETC
JE00BDD9QB77;A2BC83;ETC;Nein;WisdomTree Nickel 2x Daily Leveraged ETC
JE00BDD9QC84;A2BC84;ETC;Nein;WisdomTree Wheat 2x Daily Leveraged ETC
JE00BDD9QD91;A2BC4R;ETC;Nein;WisdomTree Brent Crude Oil 2x Daily Leveraged ETC
JE00BF0XVB15;A2DY13;AKTIE;Ja;CALEDONIA MINING O.N.
JE00BF50RG45;A2JEX5;AKTIE;Ja;YELLOW CAKE PLC LS-,01
JE00BG6L7297;A1XFBJ;AKTIE;Ja;BOOHOO GROUP PLC LS -,01
JE00BJ1DLW90;A2PG8B;AKTIE;Ja;MAN GROUP DL-0342857142
JE00BJ1F3079;A2PKFL;AKTIE;Ja;AMCOR PLC DL -,01
JE00BJJN4441;A2PLSH;AKTIE;Ja;CLARIVATE PLC
JE00BL970N11;A3CVT3;AKTIE;Ja;GAMBLING.COM GRP ON
JE00BLD8Y945;A2QQ9U;AKTIE;Ja;COINSHARES I. LS-000247
JE00BLKGSR75;A2QJTQ;AKTIE;Ja;INTERGRATED DIA.H DL 0,25
JE00BMDZN391;A2QMAV;AKTIE;Ja;TP ICAP GROUP PLC LS -,25
JE00BMM1XC77;A12Z4E;ETF;Nein;WisdomTree Long USD Short EUR 5x Daily
JE00BMM1XD84;A12Z4F;ETF;Nein;WisdomTree Short USD Long EUR 5x Daily
JE00BN2CJ301;A3GNFN;ETC;Ja;WisdomTree Core Physical Gold ETC
JE00BN574F90;A14NPS;AKTIE;Ja;WIZZ AIR HLDGS LS -,0001
JE00BN7KB334;A3G8J6;ETC;Nein;WisdomTree Natural Gas ETC
JE00BN7KB441;A3G8J4;ETC;Nein;WisdomTree Corn ETC
JE00BN7KB557;A3G8J3;ETC;Nein;WisdomTree Coffee ETC
JE00BN7KB664;A3G8J7;ETC;Nein;WisdomTree Wheat ETC
JE00BN7KB771;A3G8J5;ETC;Nein;WisdomTree Lean Hogs ETC
JE00BNG8LN89;A3G4JY;ETC;Ja;WisdomTree California Carbon ETC
JE00BP2PWW32;A3GTR6;ETC;Ja;WisdomTree Carbon ETC
JE00BPRDNL86;A3G4FD;ETC;Ja;CoinShares Physical Top 10 Crypto Market ETP/ETC
JE00BPRDNM93;A3G4FE;ETC;Ja;CoinShares Physical Smart Contract Platform ETP/ETC
JE00BQC4YW14;A409NH;AKTIE;Ja;WNS HOLDINGS LTD. LS-,1
JE00BQRFDY49;A4AE1X;ETC;Ja;WisdomTree Core Physical Silver ETC
JE00BRX98089;A40B55;AKTIE;Ja;CVC CAPITAL PARTNERS PLC
JE00BS44BN30;A3EXD1;AKTIE;Ja;BIRKENSTOCK HOLDING PLC
JE00BTDN8H13;A417CC;AKTIE;Nein;APTIV PLC DL -,01
JE00BTJ01443;A40WEL;AKTIE;Ja;CLEANTECH LITH. LS -,02
JE00BYSS4X48;A140ML;AKTIE;Ja;NOVOCURE LTD
JE00BYVQYS01;A2DGJL;AKTIE;Ja;IWG PLC DL -,0124
JP3027670003;798197;AKTIE;Ja;NIPPON BUILDING FUND INC.
JP3027680002;798084;AKTIE;Ja;JAPAN REAL EST.INVESTM.
JP3101850000;A0JDJ6;AKTIE;Ja;AIZAWA SECURITIES GROUP
JP3102000001;863680;AKTIE;Ja;AISIN CORP.
JP3104890003;A0NFRJ;AKTIE;Ja;TIS INC.
JP3111200006;857993;AKTIE;Ja;ASAHI KASEI
JP3112000009;853783;AKTIE;Ja;AGC INC.
JP3116000005;853764;AKTIE;Ja;ASAHI GROUP HOLDINGS LTD.
JP3116700000;A0RL25;AKTIE;Ja;ARE HOLDINGS INC.
JP3118000003;860398;AKTIE;Ja;ASICS CORP.
JP3119600009;853681;AKTIE;Ja;AJINOMOTO
JP3119820003;A40CPM;AKTIE;Nein;ASTROSCALE HLDS INC. O.N.
JP3122380003;A2DULL;AKTIE;Ja;ADVENTURE INC
JP3122400009;868805;AKTIE;Ja;ADVANTEST CORP.
JP3122800000;858465;AKTIE;Ja;AMADA CO. LTD.
JP3126330004;920376;AKTIE;Ja;ALPHA SYSTEMS INC.
JP3126400005;856461;AKTIE;Ja;ALPS ALPLINE CO. LTD.
JP3127700007;779518;AKTIE;Ja;ANGES, INC.
JP3131090007;A1W6W5;AKTIE;Ja;IIDA GROUP HLDGS CO.
JP3134800006;854347;AKTIE;Ja;IHI CORP.
JP3137200006;858329;AKTIE;Ja;ISUZU MOTORS LTD
JP3142500002;A0LB29;AKTIE;Ja;IDEMITSU KOSAN CO. LTD
JP3143600009;855471;AKTIE;Ja;ITOCHU CORP.
JP3148800000;854866;AKTIE;Ja;IBIDEN CO.LTD
JP3151600008;851298;AKTIE;Ja;IWATANI CORP.
JP3152750000;925295;AKTIE;Ja;GMO INTERNET GROUP INC.
JP3158800007;859490;AKTIE;Ja;UBE CORP.
JP3160300004;213712;AKTIE;Ja;FUJI OIL CO. LTD.
JP3160400002;855526;AKTIE;Ja;EISAI CO. LTD
JP3162600005;874794;AKTIE;Ja;SMC CORP.
JP3164630000;887293;AKTIE;Ja;SQUARE ENIX HLDGS CO.LTD.
JP3164720009;812960;AKTIE;Ja;RENESAS ELECTRONICS CORP.
JP3165000005;A1CTAF;AKTIE;Ja;SOMPO HOLDINGS INC.
JP3165600002;854088;AKTIE;Ja;NTN CORP.
JP3165700000;895009;AKTIE;Ja;NTT DATA GROUP CORP.
JP3165950001;924323;AKTIE;Ja;EBARA JITSUGYO
JP3166000004;858656;AKTIE;Ja;EBARA CORP.
JP3167500002;932299;AKTIE;Ja;LEOPALACE21
JP3170800001;869386;AKTIE;Ja;OSG CORP.
JP3173540000;A1W458;AKTIE;Ja;OPEN HOUSE GROUP CO. LTD.
JP3174410005;859846;AKTIE;Ja;OJI HOLDINGS CORP.
JP3180400008;858464;AKTIE;Ja;OSAKA GAS CO. LTD
JP3183200009;A0B9K6;AKTIE;Ja;JAPAN EXCHANGE GROUP INC.
JP3188200004;502503;AKTIE;Ja;OTSUKA CORP.
JP3188220002;A1C9KC;AKTIE;Ja;OTSUKA HOLDINGS CO.LTD.
JP3190000004;858426;AKTIE;Ja;OBAYASHI CORP.
JP3190800007;871213;AKTIE;Ja;OKASAN SECS GROUP INC.
JP3191550007;A0D9U1;AKTIE;Ja;NISSAN SECURITIES GROUP
JP3194000000;857207;AKTIE;Ja;OKI EL. IND.
JP3197600004;859650;AKTIE;Ja;ONO PHARMACEUT.
JP3197800000;856877;AKTIE;Ja;OMRON CORP.
JP3198900007;903984;AKTIE;Ja;ORIENTAL LAND CO.
JP3200450009;851769;AKTIE;Ja;ORIX CORP.
JP3201200007;856840;AKTIE;Ja;OLYMPUS CORP.
JP3202150003;726692;AKTIE;Ja;ONCOTHERAPY SCIENCE INC.
JP3205800000;857031;AKTIE;Ja;KAO CORP.
JP3206000006;A0B6VG;AKTIE;Ja;KAKAKU.COM INC.
JP3208200000;864681;AKTIE;Ja;KAGOME CO. LTD
JP3209000003;859901;AKTIE;Ja;CASIO COMPUTER
JP3210200006;857003;AKTIE;Ja;KAJIMA CORP.
JP3217100001;868613;AKTIE;Ja;KANEMATSU CORP.
JP3218900003;886135;AKTIE;Ja;CAPCOM CO.LTD
JP3223800008;862868;AKTIE;Ja;KAWASAKI KISEN
JP3224200000;858920;AKTIE;Ja;KAWASAKI HEAVY IND.
JP3228600007;853264;AKTIE;Ja;KANSAI EL. PWR
JP3233250004;A14Z8K;AKTIE;Ja;JAPAN POST INSURANCE CO.
JP3235900002;A0D8WH;AKTIE;Ja;GUNGHO ONLINE ENTMT
JP3236200006;874827;AKTIE;Ja;KEYENCE CORP.
JP3236330001;A2QB8W;AKTIE;Ja;KIOXIA HOLDINGS CORP.
JP3240400006;856983;AKTIE;Ja;KIKKOMAN CORP.
JP3242800005;853055;AKTIE;Ja;CANON INC.
JP3244800003;862858;AKTIE;Ja;KEWPIE CORP.
JP3247010006;A2ASC1;AKTIE;Ja;KYUSHU RAILWAY COMPANY
JP3249600002;860614;AKTIE;Ja;KYOCERA CORP.
JP3256000005;858523;AKTIE;Ja;KYOWA KIRIN CO. LTD.
JP3258000003;853682;AKTIE;Ja;KIRIN HOLDINGS CO. LTD.
JP3263000006;859960;AKTIE;Ja;KINDEN CORP.
JP3264870001;A2PRU1;AKTIE;Ja;GIFTEE INC.
JP3266400005;857751;AKTIE;Ja;KUBOTA CORP.
JP3268950007;897036;AKTIE;Ja;MEDIPAL HOLDINGS CORP.
JP3269600007;858272;AKTIE;Ja;KURARAY CO. LTD Y 50
JP3270000007;851119;AKTIE;Ja;KURITA WATER IND.
JP3271400008;858069;AKTIE;Ja;CRED. SAISON CO.LTD
JP3274150006;A0DQ0T;AKTIE;Ja;SHIP HEALTHCARE HLDG.INC.
JP3278600006;867002;AKTIE;Nein;KEISEI EL. RWY
JP3279400000;872366;AKTIE;Ja;KEIHAN HOLDINGS CO. LTD.
JP3283460008;A0RLRP;AKTIE;Ja;KOEI TECMO HLDGS CO. LTD.
JP3283650004;931250;AKTIE;Ja;KOSE CORP.
JP3289800009;858737;AKTIE;Ja;KOBE STEEL
JP3291200008;A0JMY8;AKTIE;Ja;KOBE BUSSAN CO. LTD
JP3292200007;859112;AKTIE;Ja;JTEKT CORP.
JP3293330001;A3EWFS;AKTIE;Ja;KOKUSAI ELECTRIC CORP.
JP3294460005;A0JD4G;AKTIE;Ja;INPEX CORP.
JP3300200007;870269;AKTIE;Ja;KONAMI GROUP CORP.
JP3300600008;857929;AKTIE;Ja;KONICA MINOLTA INC.
JP3301100008;920477;AKTIE;Ja;KOBAYASHI PHARMACEUT.
JP3304200003;854658;AKTIE;Ja;KOMATSU LTD
JP3305530002;358654;AKTIE;Ja;COMSYS HLDGS CORP.
JP3309000002;860475;AKTIE;Ja;PENTA-OCEAN CONSTR.
JP3311400000;936388;AKTIE;Ja;CYBERAGENT INC. O.N.
JP3311530004;A1XFZ0;AKTIE;Ja;CYBERDYNE INC.
JP3320800000;851177;AKTIE;Ja;SAPPORO HOLDINGS
JP3322930003;A0HGFA;AKTIE;Ja;SUMCO CORP.
JP3326410002;887064;AKTIE;Ja;SANKYO CO. LTD 6417
JP3329600005;858419;AKTIE;Ja;SANKEN EL.
JP3336000009;864318;AKTIE;Ja;SANTEN PHARMA.
JP3336560002;A1WZT4;AKTIE;Ja;SUNTORY BEVERAG.+FOOD LTD
JP3343200006;866933;AKTIE;Ja;SANRIO CO. LTD
JP3344400001;851742;AKTIE;Ja;SANWA HOLDINGS CORP.
JP3347200002;855648;AKTIE;Ja;SHIONOGI + CO. LTD
JP3350800003;870712;AKTIE;Nein;SHIKOKU EL. PWR
JP3351100007;897966;AKTIE;Ja;SYSMEX CORP.
JP3351500008;A3DT3P;AKTIE;Ja;SHIZUOKA FIN. GROUP INC.
JP3351600006;854002;AKTIE;Ja;SHISEIDO CO. LTD
JP3352400000;856503;AKTIE;Ja;CITIZEN WATCH CO. LTD.
JP3355400007;A12D58;AKTIE;Ja;SHIFT INC.
JP3358000002;865682;AKTIE;Ja;SHIMANO INC.
JP3358800005;857801;AKTIE;Ja;SHIMIZU CORP.
JP3359600008;855383;AKTIE;Ja;SHARP
JP3362700001;862503;AKTIE;Ja;MITSUI OSK LINES
JP3368000000;859554;AKTIE;Ja;RESONAC HOLDINGS CORP.
JP3371200001;859118;AKTIE;Ja;SHIN-ETSU CHEM.
JP3375800004;880115;AKTIE;Ja;SHINKO EL.IND.LTD
JP3379550001;724563;AKTIE;Ja;JX ADVANCED METALS CORP.
JP3379950003;A0BMJN;AKTIE;Ja;SHIN NIPPON BIOMED.LAB.
JP3381000003;859164;AKTIE;Ja;NIPPON STEEL CORP.
JP3385820000;A0B9FC;AKTIE;Ja;GS YUASA CORP.
JP3385890003;A0EQZ2;AKTIE;Ja;GMO PAYMENT GATEWAY INC.
JP3386030005;724564;AKTIE;Ja;JFE HOLDINGS INC.
JP3386410009;A0Q89Q;AKTIE;Ja;JVCKENWOOD CORP.
JP3386450005;A1CS9H;AKTIE;Ja;ENEOS HOLDINGS INC.
JP3386490001;A1W8E3;AKTIE;Ja;ZIGEXN CO.LTD.
JP3386690006;A2PWQC;AKTIE;Ja;JMDC INC.
JP3388200002;863094;AKTIE;Ja;AEON CO.LTD.
JP3389900006;887715;AKTIE;Ja;JAFCO GROUP CO. LTD.
JP3396350005;A0MMJB;AKTIE;Ja;SKY PERFECT JSAT HLDG.INC
JP3397200001;857310;AKTIE;Ja;SUZUKI MOTOR
JP3399310006;A0M0A8;AKTIE;Ja;ZOZO INC.
JP3400400002;880446;AKTIE;Ja;SCSK CORP.
JP3400900001;857803;AKTIE;Ja;SUMITOMO OSAKA CEM.
JP3401400001;853490;AKTIE;Ja;SUMITOMO CHEM.
JP3402600005;859470;AKTIE;Ja;SUMITOMO MET.MNG
JP3404200002;868271;AKTIE;Ja;SUMITOMO RUBBER IND.
JP3404600003;860364;AKTIE;Ja;SUMITOMO CORP.
JP3405400007;859555;AKTIE;Ja;SUMITOMO HEAVY
JP3407200009;541893;AKTIE;Ja;OSAKA TITANIUM TECHNO.CO.
JP3407400005;857716;AKTIE;Ja;SUMITOMO EL.IND.
JP3409000001;855211;AKTIE;Ja;SUMITOMO RTY DEV.
JP3409800004;869989;AKTIE;Ja;SUMITOMO FORESTRY
JP3414750004;471496;AKTIE;Ja;SEIKO EPSON CORP.
JP3415400005;863769;AKTIE;Ja;SEINO HLDGS CO.LTD.
JP3419050004;A0B799;AKTIE;Ja;SEGA SAMMY HOLDINGS INC.
JP3419400001;855112;AKTIE;Ja;SEKISUI CHEM.
JP3420600003;850022;AKTIE;Ja;SEKISUI HOUSE
JP3421100003;A0BK3K;AKTIE;Nein;JAPAN PETROLEUM EXPLORAT.
JP3421800008;863529;AKTIE;Ja;SECOM CO. LTD
JP3422950000;A0F7DY;AKTIE;Ja;SEVEN + I HLDGS CO. LTD
JP3423800006;870772;AKTIE;Ja;SENKO GROUP HOLDINGS
JP3424950008;914766;AKTIE;Ja;TOKYO CENTURY CORP.
JP3429300001;565375;AKTIE;Ja;ZENSHO HOLDINGS CO. LTD.
JP3429800000;861920;AKTIE;Ja;ANA HOLDINGS INC.
JP3431300007;A0B7EK;AKTIE;Ja;NXERA PHARMA CO. LTD.
JP3435000009;853687;AKTIE;Ja;SONY GROUP CORP.
JP3435750009;A0B8RE;AKTIE;Ja;M3 INC.
JP3436100006;891624;AKTIE;Ja;SOFTBANK GROUP CORP.
JP3436120004;591037;AKTIE;Ja;SBI HOLDINGS INC.
JP3443600006;857627;AKTIE;Ja;TAISEI CORP.
JP3448000004;859172;AKTIE;Ja;PAC. MET. CO. LTD
JP3449020001;858354;AKTIE;Ja;TAIHEIYO CEMENT
JP3452000007;863428;AKTIE;Ja;TAIYO YUDEN CO. LTD
JP3456000003;853496;AKTIE;Ja;TAKASHIMAYA
JP3459600007;864062;AKTIE;Ja;TAKARA HLDGS
JP3460200003;A0DNGL;AKTIE;Ja;TAKARA BIO INC.
JP3463000004;853849;AKTIE;Ja;TAKEDA PHARM.CO.LTD.
JP3471000004;863491;AKTIE;Ja;TAMURA CORP.
JP3475350009;A0F57T;AKTIE;Ja;DAIICHI SANKYO CO. LTD
JP3476480003;A1CS49;AKTIE;Ja;DAI-ICHI LIFE HOLDINGS
JP3481200008;A0DNH7;AKTIE;Ja;METAPLANET INC.
JP3481800005;857771;AKTIE;Ja;DAIKIN IND. LTD
JP3485800001;863989;AKTIE;Ja;DAICEL CORP.
JP3486800000;878928;AKTIE;Ja;DAITO TR. CONSTR.
JP3491000000;864104;AKTIE;Ja;DAIDO STEEL
JP3493400000;864407;AKTIE;Ja;DIC CORP.
JP3493800001;856615;AKTIE;Ja;DAI NIPPON PRINTG
JP3494600004;859619;AKTIE;Ja;SCREEN HOLDINGS CO. LTD.
JP3495000006;858257;AKTIE;Ja;SUMITOMO PHARMA CO. LTD.
JP3496400007;887603;AKTIE;Ja;KDDI CORP.
JP3500610005;766461;AKTIE;Ja;RESONA HOLDINGS INC.
JP3502200003;857092;AKTIE;Ja;DAIWA SEC. GRP INC.
JP3505000004;856805;AKTIE;Ja;DAIWA HOUSE IND.
JP3511800009;869440;AKTIE;Ja;CHIBA BK LTD
JP3519400000;857216;AKTIE;Ja;CHUGAI PHARMACEUT'L
JP3522200009;864366;AKTIE;Ja;CHUGOKU EL. PWR
JP3526600006;853840;AKTIE;Ja;CHUBU EL. PWR
JP3528600004;603165;AKTIE;Ja;CHIYODA CORP.
JP3538800008;857032;AKTIE;Ja;TDK CORP.
JP3539220008;A0B9FA;AKTIE;Ja;T + D HOLDINGS INC.
JP3544000007;855254;AKTIE;Ja;TEIJIN LTD
JP3546800008;867003;AKTIE;Ja;TERUMO CORP.
JP3547670004;A0PA8F;AKTIE;Ja;PERSOL HOLDINGS CO. LTD.
JP3548500002;892495;AKTIE;Ja;DTS CORP.
JP3548610009;A0DQUH;AKTIE;Ja;DENA CO. LTD.
JP3549600009;858463;AKTIE;Ja;DENKA CO., LTD.
JP3551200003;A0B78P;AKTIE;Ja;ELECTRIC POWER DEV.CO.LTD
JP3551500006;858734;AKTIE;Ja;DENSO CORP.
JP3551520004;763961;AKTIE;Ja;DENTSU GROUP INC.
JP3554400006;851440;AKTIE;Ja;TOYO KANETSU
JP3555700008;905280;AKTIE;Ja;TOWA CORP.
JP3560800009;862859;AKTIE;Ja;TOKAI CARBON
JP3566800003;908593;AKTIE;Ja;CENTRAL JAP RWY
JP3567410000;914434;AKTIE;Ja;TOKYU CONSTRUCTION CO.LTD
JP3569200003;A1W44J;AKTIE;Ja;TOKYU FUDOSAN HOLDINGS
JP3571400005;865510;AKTIE;Ja;TOKYO ELECTRON LTD
JP3573000001;855664;AKTIE;Ja;TOKYO GAS CO. LTD
JP3574200006;864105;AKTIE;Ja;TOKYU CORP.
JP3582600007;850796;AKTIE;Ja;TOKYO TATEMONO
JP3583900000;A40S1G;AKTIE;Ja;TOKYO METRO CO. LTD O.N.
JP3585800000;854307;AKTIE;Ja;TOKYO ELECTR.POW.CO.HLDGS
JP3594000006;857990;AKTIE;Ja;TOSHIBA TEC CORP.
JP3595200001;859557;AKTIE;Ja;TOSOH CORP.
JP3598600009;868112;AKTIE;Ja;TOHO CO. LTD
JP3599000001;862871;AKTIE;Ja;TOHO ZINC
JP3605400005;860809;AKTIE;Ja;TOHOKU EL. PWR CO.
JP3613400005;860369;AKTIE;Ja;TOYO SEIKAN GRP HLDGS LTD
JP3619800000;860856;AKTIE;Ja;TOYOBO CO.
JP3621000003;853974;AKTIE;Ja;TORAY IND.
JP3623150004;891725;AKTIE;Ja;TOWA PHARMA. CO.
JP3625000009;860381;AKTIE;Ja;TOKUYAMA CORP.
JP3626800001;872998;AKTIE;Ja;LIXIL CORP.
JP3629000005;857049;AKTIE;Ja;TOPPAN HOLDINGS INC.
JP3633400001;853510;AKTIE;Ja;TOYOTA MOTOR CORP.
JP3634200004;880236;AKTIE;Ja;TOYODA GOSEI CO.LTD
JP3634600005;863567;AKTIE;Ja;TOYOTA INDS
JP3635000007;866920;AKTIE;Ja;TOYOTA TSUSHO
JP3636000006;A1C7QQ;AKTIE;Ja;TRI CHEMICAL LABORAT.INC.
JP3637300009;915793;AKTIE;Ja;TREND MICRO INC.
JP3638600001;858423;AKTIE;Ja;DOWA HOLDINGS INC.
JP3639650005;914702;AKTIE;Ja;PAN PACIFIC INT.HLDG.CORP
JP3647800006;866579;AKTIE;Ja;NAGASE + CO. LTD
JP3651120002;A0NCX4;AKTIE;Ja;NANO MRNA CO. LTD.
JP3657400002;853326;AKTIE;Ja;NIKON CORP.
JP3659000008;903186;AKTIE;Ja;WEST JAPAN RWY
JP3663900003;255124;AKTIE;Ja;SOJITZ CORP.
JP3665200006;856386;AKTIE;Ja;NICHIREI CORP.
JP3667600005;859157;AKTIE;Ja;JGC HOLDINGS CORP.
JP3670800006;859269;AKTIE;Ja;NISSAN CHEMICAL CORP.
JP3672400003;853686;AKTIE;Ja;NISSAN MOTOR
JP3673600007;875746;AKTIE;Ja;NIPRO CORP.
JP3675600005;858470;AKTIE;Ja;NISSIN FOODS HLDGS CO.LTD
JP3676800000;859590;AKTIE;Ja;NISSHIN SEI.
JP3678000005;853942;AKTIE;Ja;NISSHINBO HOLDINGS INC.
JP3684000007;862930;AKTIE;Ja;NITTO DENKO
JP3684400009;863674;AKTIE;Ja;NITTO BOSEKI
JP3686800008;864743;AKTIE;Ja;NIPPON SHEET GLASS
JP3690400001;862853;AKTIE;Ja;NIPPON CARBON
JP3694400007;858047;AKTIE;Ja;NIPPON KAYAKU
JP3695200000;862417;AKTIE;Ja;NGK INSULATORS
JP3695600001;864398;AKTIE;Ja;NIPPON GAS CO. LTD
JP3699400002;880957;AKTIE;Ja;JAPAN AIRPORT TER.
JP3700200003;A1J41T;AKTIE;Ja;NIPPON LIGHT MET. HLDGS
JP3705200008;855181;AKTIE;Ja;JAPAN AIRLINES CO. LTD
JP3711200000;A0LCLC;AKTIE;Ja;AOZORA BANK LTD
JP3711600001;857546;AKTIE;Ja;NIPPON SANSO HOLDINGS
JP3718800000;854348;AKTIE;Ja;NISSUI CORP.
JP3720800006;853685;AKTIE;Ja;NSK LTD.
JP3721400004;858684;AKTIE;Ja;JAPAN STEEL WKS LTD
JP3721600009;859267;AKTIE;Ja;NIPPON PAPER INDS CO.LTD
JP3723000000;864936;AKTIE;Ja;NIPPN CORP.
JP3725400000;863859;AKTIE;Ja;ZEON CORP.
JP3726800000;893151;AKTIE;Ja;JAPAN TOBACCO
JP3732000009;A2N9LF;AKTIE;Ja;SOFTBANK CORP.
JP3732200005;855278;AKTIE;Ja;NIPPON TELEVISON HLDG.INC
JP3733000008;853675;AKTIE;Ja;NEC CORP.
JP3733400000;866059;AKTIE;Ja;NIPPON EL. GLASS
JP3734600004;864734;AKTIE;Ja;NIPPON DENKO CO.LTD
JP3734800000;878403;AKTIE;Ja;NIDEC CORP.
JP3735400008;873029;AKTIE;Ja;NIPPON TEL. TEL.
JP3738600000;863460;AKTIE;Ja;NITERRA CO. LTD.
JP3743000006;853946;AKTIE;Ja;NH FOODS LTD.
JP3749400002;858541;AKTIE;Ja;NIPPON PAINT HLDGS CO.LTD
JP3750400008;906582;AKTIE;Ja;MICRONICS JAPAN CO. LTD
JP3750500005;693608;AKTIE;Ja;MCDONALD S HLDG CO.J.
JP3752900005;A14Z74;AKTIE;Ja;JAPAN POST HOLDINGS CO.
JP3753000003;859849;AKTIE;Ja;NIPPON YUSEN
JP3756600007;864009;AKTIE;Ja;NINTENDO CO. LTD
JP3758190007;A1JPFB;AKTIE;Ja;NEXON CO. LTD
JP3762600009;857054;AKTIE;Ja;NOMURA HLDGS
JP3762800005;630026;AKTIE;Ja;NOMURA RESEARCH IN.
JP3763000001;863851;AKTIE;Ja;NORITAKE CO. LTD
JP3765150002;912928;AKTIE;Ja;HARMONIC DRIVE
JP3768600003;860797;AKTIE;Ja;HASEKO CORP.
JP3778630008;A0F6LZ;AKTIE;Ja;BANDAI NAMCO HOLDINGS INC
JP3780100008;905986;AKTIE;Ja;PARK24 CO. LTD
JP3783420007;899393;AKTIE;Ja;HIKARI TSUSHIN INC.
JP3783600004;887942;AKTIE;Ja;EAST JAPAN RWY
JP3784600003;864341;AKTIE;Ja;HISAMITSU PHARMA.
JP3787000003;869254;AKTIE;Ja;HITACHI CONSTR.MACH.
JP3788600009;853219;AKTIE;Ja;HITACHI LTD
JP3789000001;858468;AKTIE;Ja;KANADEVIA CORP.
JP3792600003;853852;AKTIE;Ja;HINO MOTORS LTD
JP3800390001;A0KD08;AKTIE;Ja;BIC CAMERA INC.
JP3801300009;A3C48R;AKTIE;Ja;PHC HOLDINGS CORP.
JP3802300008;891638;AKTIE;Ja;FAST RETAILING CO. YN 50
JP3802400006;863731;AKTIE;Ja;FANUC CORP.
JP3805010000;A0MMJH;AKTIE;Ja;FUKUOKA FINL GROUP
JP3811000003;859317;AKTIE;Ja;FUJIKURA LTD
JP3814000000;854607;AKTIE;Ja;FUJIFILM HOLDINGS CORP.
JP3814800003;857977;AKTIE;Ja;SUBARU CORP.
JP3816200004;938283;AKTIE;Ja;FUJI PHARMA CO.LTD.
JP3818000006;855182;AKTIE;Ja;FUJITSU LTD
JP3818800009;863431;AKTIE;Ja;FUJITEC
JP3820000002;857726;AKTIE;Ja;FUJI ELECTRIC CO. LTD.
JP3826800009;861451;AKTIE;Ja;FURUKAWA CO.
JP3827200001;854857;AKTIE;Ja;FURUKAWA ELECTRIC CO.LTD.
JP3829750003;A1W9Q7;AKTIE;Ja;V-CUBE INC.
JP3830000000;857451;AKTIE;Ja;BROTHER IND.
JP3830800003;857226;AKTIE;Ja;BRIDGESTONE CORP.
JP3833200003;857096;AKTIE;Ja;PRIMA MEAT PACKERS
JP3833600004;864677;AKTIE;Ja;PRESS KOGYO CO. LTD
JP3834800009;869699;AKTIE;Ja;HEIWA REAL ESTATE
JP3835760004;A142P7;AKTIE;Ja;BELLSYSTEM24 HLDGS O.N.
JP3837800006;856625;AKTIE;Ja;HOYA CORP.
JP3841800000;875974;AKTIE;Ja;HOKUETSU
JP3845770001;A0RD5X;AKTIE;Ja;HOSHIZAKI CORP.
JP3845800006;863779;AKTIE;Nein;HOSIDEN CORP.
JP3853000002;864348;AKTIE;Ja;HORIBA LTD
JP3854600008;853226;AKTIE;Ja;HONDA MOTOR
JP3861250003;A0MX5Z;AKTIE;Ja;MAEDA KOSEN CO. LTD
JP3862400003;856907;AKTIE;Ja;MAKITA CORP.
JP3863800003;694425;AKTIE;Ja;MATSUI SECURITIES CO. LTD
JP3866800000;853666;AKTIE;Ja;PANASONIC HOLDINGS CORP.
JP3868400007;854131;AKTIE;Ja;MAZDA MOTOR CORP
JP3869960009;A2DXY2;AKTIE;Ja;MONEY FORWARD INC.
JP3869970008;A0B7CU;AKTIE;Ja;MONEX GROUP INC.
JP3870400003;855670;AKTIE;Ja;MARUI GROUP CO. LTD.
JP3877600001;860414;AKTIE;Ja;MARUBENI CORP.
JP3879250003;896803;AKTIE;Ja;MARUWA CO. LTD.
JP3885400006;889447;AKTIE;Ja;MISUMI GROUP INC.
JP3885780001;200455;AKTIE;Ja;MIZUHO FINL GROUP
JP3888300005;858586;AKTIE;Ja;MITSUI CHEMICALS
JP3888400003;860971;AKTIE;Ja;MITSUI MNG SMELTG
JP3890310000;A0NFRH;AKTIE;Ja;MS+AD INSUR.GRP HLDGS INC
JP3890350006;778924;AKTIE;Ja;SUMITOMO MITSUI FINL GRP
JP3891600003;858575;AKTIE;Ja;MITSUI E+S CO. LTD.
JP3892100003;529969;AKTIE;Ja;SUMITOMO MITSUI TRUST GRP
JP3893200000;858019;AKTIE;Ja;MITSUI FUDOSAN LTD
JP3893600001;853656;AKTIE;Ja;MITSUI + CO.
JP3894900004;A0NFRG;AKTIE;Ja;ISETAN MITSUKOSHI HLDGS
JP3896800004;862289;AKTIE;Ja;MITSUBISHI GAS CHEMICAL
JP3897700005;A0F6CH;AKTIE;Ja;MITSUBISHI CHEMICAL GROUP
JP3898400001;857124;AKTIE;Ja;MITSUBISHI CORP.
JP3899600005;853684;AKTIE;Ja;MITSUBISHI EST.
JP3899800001;876551;AKTIE;Ja;MITSUBISHI MOTORS
JP3900000005;853314;AKTIE;Ja;MITSUBISHI HEAVY
JP3901200000;859183;AKTIE;Ja;MITSUBISHI PAPER M.
JP3902000003;869425;AKTIE;Ja;MITSUBISHI LOGISTICS
JP3902400005;856532;AKTIE;Ja;MITSUBISHI EL. CORP.
JP3902900004;657892;AKTIE;Ja;MITSUBISHI UFJ FINL GRP
JP3903000002;857634;AKTIE;Ja;MITSUBISHI MAT.
JP3905200006;857090;AKTIE;Ja;MIZUNO CORP.
JP3906000009;851838;AKTIE;Ja;MINEBEA MITSUMI INC.
JP3910660004;542064;AKTIE;Ja;TOKIO MARINE HOLDINGS INC
JP3912700006;917549;AKTIE;Ja;MUSASHI SEIMITSU IND.
JP3914400001;853657;AKTIE;Ja;MURATA MFG
JP3918000005;A0RL1S;AKTIE;Ja;MEIJI HOLDINGS CO.LTD
JP3919800007;864751;AKTIE;Ja;MEIDENSHA CORP.
JP3920860008;915913;AKTIE;Ja;MEGACHIPS CORP.
JP3921290007;A2JNWE;AKTIE;Ja;MERCARI INC.
JP3921310003;A2PYB2;AKTIE;Ja;MEDLEY INC.
JP3924800000;867191;AKTIE;Ja;DMG MORI CO. LTD.
JP3930200005;888091;AKTIE;Ja;YAOKO CO. LTD
JP3931600005;865331;AKTIE;Ja;YAKULT HONSHA
JP3932000007;857658;AKTIE;Ja;YASKAWA EL. CORP.
JP3933800009;916008;AKTIE;Ja;LY CORP.
JP3942400007;856273;AKTIE;Ja;ASTELLAS PHARMA INC.
JP3942600002;855314;AKTIE;Ja;YAMAHA CORP.
JP3942800008;857690;AKTIE;Ja;YAMAHA MOTOR
JP3944370000;A1KCNK;AKTIE;Ja;EUGLENA CO. LTD
JP3946750001;A14Z8L;AKTIE;Ja;JAPAN POST BANK CO.LTD
JP3951200009;862874;AKTIE;Ja;UNITIKA LTD
JP3951600000;863807;AKTIE;Ja;UNICHARM CORP.
JP3955000009;856912;AKTIE;Ja;YOKOGAWA EL.
JP3955800002;858091;AKTIE;Ja;YOKOHAMA RUBBER
JP3967200001;927128;AKTIE;Ja;RAKUTEN GROUP INC.
JP3967220009;A3D9Y7;AKTIE;Ja;RAKUTEN BANK LTD
JP3970300004;A12BJJ;AKTIE;Ja;RECRUIT HOLDINGS CO.LTD
JP3973400009;854279;AKTIE;Ja;RICOH CO. LTD
JP3974450003;925315;AKTIE;Ja;RESORTTRUST INC.
JP3974470001;A2QQY7;AKTIE;Ja;LITALICO INC.
JP3976300008;896506;AKTIE;Ja;RYOHIN KEIKAKU CO.
JP3981000007;867225;AKTIE;Ja;LOOK HOLDINGS INC.
JP3982400008;858075;AKTIE;Nein;ROHTO PHARM.
JP3982800009;869082;AKTIE;Ja;ROHM CO. LTD
KY30744W1070;A2N6CB;AKTIE;Nein;FARFETCH LTD. CL. A
KYG0096M1096;A3CYF9;AKTIE;Ja;ACOTEC SCIEN.H. DL-,00001
KYG009701064;A2P9D1;AKTIE;Ja;ADTIGER CORP.LTD.DL-,0005
KYG011251066;A2PM8D;AKTIE;Ja;AFYA LTD. CL.A DL-,00005
KYG011981035;A0ES62;AKTIE;Ja;AGILE GRP HLDG.LTD.HD-,10
KYG0137L1023;A41962;AKTIE;Nein;AIRNET TECH.INC. O.N.
KYG0146B1032;A2P200;AKTIE;Ja;AKESO INC. O.N.
KYG017191142;A2PVFU;AKTIE;Ja;ALIBABA GROUP HLDG LTD
KYG0260P1028;A400P6;AKTIE;Ja;AMER SPORTS INC.
KYG0330A1013;A2PWDV;AKTIE;Ja;ALPHAMAB ONCOLO.DL-000002
KYG037AX1015;A1J58B;AKTIE;Ja;AMBARELLA INC. DL -,00045
KYG040111059;A0MVDZ;AKTIE;Ja;ANTA SPORTS PROD. HD-,10
KYG0520K1094;A2JRKN;AKTIE;Ja;ASCLETIS PHARMA DL-,0001
KYG0535Q1331;A0M6UB;AKTIE;Ja;ASMPT LTD. HD-,10
KYG0539C1069;A0QZUD;AKTIE;Ja;ASIA CEMENT CH.HO. HD-,01
KYG0567M1096;A3DGB4;AKTIE;Ja;ARRAIL GROUP LTD.
KYG063181021;A0YBTY;AKTIE;Ja;AUSNUTRIA DAIRY HD-,10
KYG066341028;A1W93S;AKTIE;Ja;AUTOHOME INC. A DL -,01
KYG070341048;A0YCQ6;AKTIE;Ja;BAIDU INC. O.N.
KYG0704V2022;A40D1K;AKTIE;Ja;BAIJIAYUN G. A DL 0,0001
KYG0705A1085;A2QR0D;AKTIE;Ja;BAIRONG INC.CL.B -,00002
KYG0891M1069;A14S6Z;AKTIE;Ja;BAOZUN INC. A DL -,0001
KYG106891008;A114UE;AKTIE;Ja;BEST PAC.INTL HLDGS HD-01
KYG1098A1013;A2QRS0;AKTIE;Ja;BILIBILI INC. DL -,0001
KYG1106B1095;A2QN4W;AKTIE;Ja;OSL GROUP LTD. HD-,01
KYG1117K1141;A2PTXR;AKTIE;Ja;BIOCERES CROP SOL.
KYG114481008;A3ECU9;AKTIE;Ja;BITDEER TEC.G.DL-,0000001
KYG1146Y1017;A144EN;AKTIE;Ja;BEONE MEDICINES LTD.
KYG126521064;A0M412;AKTIE;Ja;BOSIDENG INTL HL.DL-00001
KYG127751058;A1W79C;AKTIE;Ja;BOYAA INTER.INTL DL-00005
KYG1645A1094;A3CTND;AKTIE;Ja;BRII BIOSCIENCES -,000005
KYG1674K1013;A2PNDZ;AKTIE;Ja;BUDWEISER BREW. DL-,00001
KYG177661090;A2PLPT;AKTIE;Ja;CAMBIUM NETWORK DL -,0001
KYG2007L1216;A3E16V;AKTIE;Ja;CAZOO GROUP LTD. CL. A
KYG2029E1052;A1JSAT;AKTIE;Ja;CGN MINING CO.LTD HD-,01
KYG204791043;A1C1F2;AKTIE;Ja;CHAOWEI POWER H.RGS HD-01
KYG2072S1003;A2QQV0;AKTIE;Ja;CHEERWIN GRP. -,0000002
KYG207681001;A0Q2Q0;AKTIE;Ja;CENTRAL CH. REAL ESTATE
KYG210891001;590363;AKTIE;Ja;CHINA RARE EARTH HD-,10
KYG2108Y1052;903621;AKTIE;Ja;CHIN.RES.LA. HD-,10
KYG210961051;A0B5T9;AKTIE;Ja;CHINA MENG.D.REG S HD-,10
KYG211081248;A1JLYP;AKTIE;Ja;CHINA M.SYS.H.CONS.DL-005
KYG2110A1114;A1W2NH;AKTIE;Ja;CHINASOFT INTL LTD HD-,05
KYG2110P1000;A0DNLW;AKTIE;Ja;CHINA SHINEWAY PHAR.HD-10
KYG2112D1051;A0MUT4;AKTIE;Ja;CHINA HIGH-SPEED DL-,01
KYG2112Y1098;A0M189;AKTIE;Ja;CHINA DONGXIANG GROUP CO.
KYG211321081;A0YAQ6;AKTIE;Ja;CHINA VAN.T.M.REGS HD-,10
KYG2113L1068;A0YA4J;AKTIE;Ja;CHINA RES.BUI.MAT.TECH.HL
KYG211461085;A1JQKP;AKTIE;Ja;CHOW TAI FOOK JEWEL. HD 1
KYG211501005;A1H6UR;AKTIE;Ja;CHINA HONGQIAO GROUP LTD
KYG2118N1079;A14U8U;AKTIE;Ja;CHIN.HARMON.AUTO HL.HD-01
KYG211901064;A2PQ6R;AKTIE;Ja;CHINA SCE GRP HLDGS REGS
KYG211921021;A1W98X;AKTIE;Ja;CH.MEIDONG AUTO.HL.HD-,10
KYG2119W1069;A2APDK;AKTIE;Ja;CHINA EVERGRANDE GROUP
KYG2119Z1090;A2PN5T;AKTIE;Ja;CHINA AOYUAN GROUP HD-,01
KYG2120K1094;A2DLTF;AKTIE;Ja;CN YUH.ED.CORP. HD-,00001
KYG2120T1004;A2PLHZ;AKTIE;Ja;CHINA EAST ED HLDGS LTD
KYG212151016;A2N461;AKTIE;Ja;CHINA RENAISSANCE HLDGS
KYG2133W1087;A2DHMW;AKTIE;Ja;CHINA RES MED.H.HD-,00025
KYG2140A1076;A1J8V1;AKTIE;Ja;CIFI HLDGS GRP CO.HD -,10
KYG215791008;A1C9HR;AKTIE;Ja;CN.MODERN DAIRY HLD.HD-10
KYG2162W1024;A1J025;AKTIE;Ja;CHINA YONG.AUTOM.S.HD-,01
KYG2163K1076;A2DQEM;AKTIE;Ja;CHINA NEW HI.ED.GR.-,0001
KYG216771363;A0QZ93;AKTIE;Nein;CHINA ST.CONSTR.INTL CON.
KYG217651051;A14QAZ;AKTIE;Ja;CK HUTCHISON HLDGS
KYG2177B1014;A2GSU2;AKTIE;Ja;CK ASSET HLDGS O.N.
KYG2198S1093;A0N9P2;AKTIE;Ja;CIMC ENRIC HLDG.INC.HK-01
KYG2216H1011;A3DNL0;AKTIE;Ja;CLOUDR GROUP LTD.
KYG226921008;A2ATX5;AKTIE;Ja;COFCO JOY.FOOD.DL-,000001
KYG229721140;A1C04L;AKTIE;Ja;COMBA TELECOM HD-,10
KYG236271055;A1166C;AKTIE;Ja;SHELF DRILLING LTD
KYG237731073;913867;AKTIE;Ja;CONSOLIDATED WATER CO.
KYG245241032;A0MNX4;AKTIE;Ja;COUNTRY GARDEN HLDGS CO.
KYG2453A1085;A2JNTZ;AKTIE;Ja;COUNTRY GARDEN SVDL-,0001
KYG2588M1006;A2PEFW;AKTIE;Ja;CSTONE PHARMAC. DL-,0001
KYG2816P1072;A0M8U5;AKTIE;Ja;DONGYUE GROUP LTD.
KYG2830J1031;A0Q8Q2;AKTIE;Ja;DAPHNE INTL HLDGS HD -,10
KYG286871044;A40PU6;AKTIE;Ja;DIGINEX LTD O.N.
KYG2953R1149;A1J083;AKTIE;Ja;AAC TECHNOLOG.HLDG.DL-,01
KYG2R55E1030;A2DQXB;AKTIE;Ja;CHINA EVERBRIGHT GREENT.
KYG2S85A1045;A2PSP0;AKTIE;Ja;JS GL LIFESTYLE DL-,00001
KYG3066L1014;A1C593;AKTIE;Ja;ENN ENERGY HLDGS HD-,10
KYG3224E1061;A2QD66;AKTIE;Ja;EVEREST MED.LTD DL-,0001
KYG3311L1041;A0YDC6;AKTIE;Ja;FANTASIA H.G.C.REGS HD-10
KYG3314G1102;A419L8;AKTIE;Nein;AIFU INC. CL.A O.N.
KYG3323L1005;A0Q2S5;AKTIE;Ja;FABRINET DL-,01
KYG3472Y1017;A1W1L7;AKTIE;Ja;FIH MOBILE LTD DL-,04
KYG367381053;910307;AKTIE;Ja;FRESH DEL MONTE PROD.
KYG3774X1088;A0M61Y;AKTIE;Ja;GCL TECHNOLOGY HOLD. LTD.
KYG3777B1032;A0CACX;AKTIE;Ja;GEELY AUTO. HLDGS HD-,02
KYG3825B1059;A2ACSB;AKTIE;Ja;GENSCRIPT BIOT. DL-,001
KYG3902L1095;A2DF4S;AKTIE;Ja;GDS HLDGS LTD DL-,00005
KYG393871085;A3C6AF;AKTIE;Ja;GLOBALFOUNDR. INC. DL-,02
KYG3R33A2053;A3D1KF;AKTIE;Ja;EBANG INTL HLDGS (NEW) A
KYG3R83K1037;A2DT6V;AKTIE;Ja;FOXCONN IN.T.DL-,01953125
KYG407691040;A1CZ9J;AKTIE;Ja;GREATVIEW ASEP.PAC.HD-,01
KYG4100M1050;A0J3T1;AKTIE;Ja;GREENTOWN CHINA HD -,10
KYG4124C1096;A3C8H0;AKTIE;Ja;GRAB HOLDINGS LTD CL.A
KYG4134L1077;A2DRU6;AKTIE;Ja;GRAND BAOXIN AUTO GRP LTD
KYG4232C1087;A0LGD0;AKTIE;Ja;HAITIAN INTL HLDGS HD-,10
KYG4290A1013;A2N5TQ;AKTIE;Ja;HAIDILAO INT.HLDG LTD
KYG4387E1070;A2DTAJ;AKTIE;Ja;HEALTH+HAPPIN.(H+H)INTL.
KYG4402L1510;A0YJE8;AKTIE;Ja;HENGAN INTL GRP HD-,10
KYG4403H1002;A2QJVC;AKTIE;Nein;HBM HLDGS LTD DL-,000025
KYG4412G1010;A0DNX7;AKTIE;Ja;HERBALIFE LTD. DL-002
KYG4469K1040;A3CZJM;AKTIE;Ja;HELENS INTL HLDGS CO LTD
KYG450481083;A0YDBS;AKTIE;Ja;HENGDELI HLDG.SUB.HD-,005
KYG451391059;A2P098;AKTIE;Ja;HITEK GLOBAL INC.A ,-0001
KYG4584R1092;A0NFGQ;AKTIE;Ja;HONGHUA GROUP LTD HD-,10
KYG4587S1049;A1W6PU;AKTIE;Ja;GREENLAND HK HLDGS HD-,50
KYG4600E1089;A2JRSX;AKTIE;Ja;XJ INT.HLDS CO. DL-,00001
KYG465871120;A3CSNS;AKTIE;Ja;H WORLD GROUP DL-,00001
KYG4672N1198;A2PJ5B;AKTIE;Ja;HUTCHMED (CHINA) LS-,1
KYG4701H1092;A3C5ED;AKTIE;Ja;IHS HOLDING LTD. DL-3
KYG4740B1059;A2DJD8;AKTIE;Ja;ICHOR HLDGS LTD DL-,0001
KYG4783B1032;A2PVC2;AKTIE;Ja;INNOCARE PHARMA LTD
KYG4818G1010;A2N7N8;AKTIE;Ja;INNOVENT BIOLOGICS INC.
KYG4990A1040;A3EV9A;AKTIE;Ja;J+T GLOBAL EXPR.LTD. CL.B
KYG4R20B1074;A3DBCN;AKTIE;Nein;INTER + CO. DL-,0000025
KYG5074A1004;A2QJHB;AKTIE;Ja;JD HEALTH INTL LTD
KYG5074S1012;A3CPT6;AKTIE;Ja;JD LOGISTICS DL-,000025
KYG508752055;A3EUTY;AKTIE;Ja;JE CLEANTECH H.LTD 0,003
KYG5140J1013;A2PL6U;AKTIE;Ja;JINXIN FERT.GRP HD-,00001
KYG5141L1059;A2PXTE;AKTIE;Ja;JIUMAOJIU INTL HLDGS LTD
KYG5191P1054;A2QCW8;AKTIE;Ja;JOY SPREADER GROUP INC.
KYG5215A1004;A2P65S;AKTIE;Ja;KANGJI MED.HLDS DL-,00001
KYG5223X1593;A40TSQ;AKTIE;Nein;KAIXIN HLDGS DL-,045
KYG525621408;A0DK62;AKTIE;Ja;KINGBOARD HOLDINGS HD-,10
KYG525681477;A0QZ4D;AKTIE;Ja;KINGDEE ITL SOFTW.G.SUBD.
KYG5257K1076;A0LENM;AKTIE;Ja;KINGB.LAMINATES H. HD-,10
KYG5264S1012;A3D4D9;AKTIE;Ja;KINGSOFT C.H.LTD. DL-,001
KYG5264Y1089;A0M160;AKTIE;Ja;KINGSOFT COR.LTD DL-,0005
KYG5313A1013;A2PFX8;AKTIE;Ja;EAST BUY HOLD. DL-,00002
KYG532241042;A0MUW7;AKTIE;Ja;KWG GROUP HOLDINGS HD-,10
KYG532631028;A2QNAP;AKTIE;Ja;KUAISHOU TECHNOLOGY CL.B
KYG5427W1309;A0YH2V;AKTIE;Ja;LEE+MAN PAPER MAN.HD-,025
KYG546541015;A1C85M;AKTIE;Ja;LEOCH INT.TECH.REGS HD-01
KYG5479M1050;A2QACD;AKTIE;Ja;LI AUTO INC. CL.A
KYG549581067;A2PLRC;AKTIE;Ja;HANSOH PHARMAC. HD-,00001
KYG5496K1242;A0M0Z9;AKTIE;Ja;LI NING CO.LTD NEW HD-,10
KYG5548P1054;A0LB38;AKTIE;Ja;L.K. TECH.HLDGS HD -,10
KYG555551095;A1XA8H;AKTIE;Ja;LOGAN GROUP HD -,10
KYG5571R1011;A2QSJU;AKTIE;Ja;LINKLOGIS B DL-,00000833
KYG5635P1090;A0YDPN;AKTIE;Ja;LONGFOR GR.HLD.REGS HD-10
KYG5636C1078;A0Q9YC;AKTIE;Ja;LONKING HOLDINGS LTD. NEW
KYG5688E1008;A3C80G;AKTIE;Ja;YONGHE MED.GR.DL-,0000025
KYG5700Y2097;A2QGF2;AKTIE;Nein;LUFAX HLDG.L. A DL-,00001
KYG5784H1065;A1J2MK;AKTIE;Ja;MANCHESTER UTD (NEW) A
KYG5804A1076;A2PCAW;AKTIE;Ja;MAOYAN ENTERTAINMENT
KYG596651029;A2JGHF;AKTIE;Ja;MEIRAGTX HLDGSDL-,0000388
KYG596691041;A2N5NR;AKTIE;Ja;MEITUAN CL.B
KYG5966D1051;A2DJD5;AKTIE;Ja;MEITU INC. DL-,00001
KYG607441022;A1JA42;AKTIE;Ja;MGM CHINA HLDGS LTD HD 1
KYG6082P1054;A2QML9;AKTIE;Ja;MICROPORT CARDIO.MEDTECH.
KYG608371046;A1C5AB;AKTIE;Ja;MICRP.SCIEN.REGS HD-00001
KYG609201085;A2N6UW;AKTIE;Ja;MIDEA REAL HLDG HD 1
KYG6096M1226;A3D7B2;AKTIE;Ja;APTORUM GROUP A DL-,00001
KYG6145U1094;A0HNNB;AKTIE;Ja;MINTH GROUP LTD HD-,10
KYG6180F1081;A2QF4D;AKTIE;Ja;MINISO GROUP A DL-,0001
KYG618101003;A0JC7N;AKTIE;Ja;MODERN HEA.TEC.HOLD.HD-10
KYG618201092;A2AB5H;AKTIE;Ja;MODERN DENTAL GROUP DL-01
KYG622681008;A2PCBJ;AKTIE;Ja;MOBVISTA INC. DL-,01
KYG6264V1361;A2PQ1U;AKTIE;Ja;MONGOLIAN MINING CRP.REGS
KYG6382M1096;A0LB2X;AKTIE;Ja;NAGACORP. LTD HD -,0125
KYG6427A1022;A2P5NF;AKTIE;Ja;NETEASE INC. O.N.
KYG6427W1042;A0M620;AKTIE;Ja;NETDRAGON WEBS.HLDG.DL-01
KYG6470A1168;A2QQTB;AKTIE;Ja;NEW ORIENTAL EDU.+TECH.G.
KYG6485S1021;A2QN65;AKTIE;Ja;NEW HORIZ.HEAL. DL-,00005
KYG6501M1050;A1W6CU;AKTIE;Ja;NEXTEER AUTOMOT.GR.HD-,10
KYG6525F1028;A2N4PC;AKTIE;Ja;NIO INC. CL. A DL -,00025
KYG6683N1034;A3C82G;AKTIE;Ja;NU HLDGS CL.A DL-,000066
KYG674111011;A2P723;AKTIE;Ja;OCUMENSION THER.DL-,00001
KYG6771K1022;A1W546;AKTIE;Ja;IGG INC. DL-,0000025
KYG686121032;A0MRJK;AKTIE;Ja;PACIFIC TEXTIL.HD HK-,001
KYG687071012;A2JB7S;AKTIE;Ja;PAGSEG. DIG. A DL-,000025
KYG6981F1090;A2P4JC;AKTIE;Ja;PEIJIA MEDICAL HD -,01
KYG7082H1276;A0JEEL;AKTIE;Ja;PICO FAR EAST HLD.SUBDIV.
KYG711391022;A2JKHM;AKTIE;Ja;PING AN HEALTHCARE+TECHN.
KYG7170M1033;A2QKKF;AKTIE;Ja;POP MART INT.GRP.DL-,0001
KYG720051047;A0YBL8;AKTIE;Ja;POWERLONG RL EST.H.HD-,01
KYG7339A1076;A2QFV4;AKTIE;Ja;RADIANCE HLDGS GRP.HD-,01
KYG7415M1327;A403TR;AKTIE;Ja;RECON TECHNOLOGY DL -,01
KYG7611S1075;A3E3N6;AKTIE;Nein;ROBOSENSE TECH.HD HD-,01
KYG7800X1079;A0YFEW;AKTIE;Ja;SANDS CHINA REG.S DL -,01
KYG781631059;A0YEQ6;AKTIE;Ja;SANY HEAVY EQP.HL.CO.REGS
KYG7956A1094;A2P60F;AKTIE;Ja;SEAZEN GROUP LTD. HD-,001
KYG8020E1199;A2DH1J;AKTIE;Nein;SEMICONDUCTOR MAN.INTL
KYG8087W1015;A0HL4U;AKTIE;Ja;SHENZHOU I.G.H.REGS HD-10
KYG8088A1168;A3CN0W;AKTIE;Ja;SHENZ.INV.HLDGS BA.AR.DE.
KYG810431042;A0J3E1;AKTIE;Ja;SHIMAO GROUP HLDGS HD-,10
KYG8104A1085;A2QF3A;AKTIE;Ja;SHIMAO SERV.HLDGS HD-,01
KYG811511131;A0J3NL;AKTIE;Ja;SHUI ON LAND LTD DL-0025
KYG811661035;A0YGKV;AKTIE;Ja;SHENGLI O.+G.H.REGS HD-10
KYG8116S1057;A12FZL;AKTIE;Ja;SHUNFENG INTL CL.EN.HD-01
KYG812291253;A3CRCM;AKTIE;Ja;SEA1 OFFSHORE INC. DL 1
KYG812901018;A2QGU5;AKTIE;Ja;SHINSUN HLDGS GRP. DL-,01
KYG8167W1380;A0CBDJ;AKTIE;Ja;SINO BIOPH.SUBDIV.HD-,025
KYG8187G1055;A1C6AA;AKTIE;Ja;SITC INTL HLDG.REGS HD-10
KYG8192S1021;A3DQMX;AKTIE;Ja;SIPAI HLTH TECH. DL-,0001
KYG8208B1014;A2P5N8;AKTIE;Ja;JD.COM. INC. A
KYG8232Y1017;A2DSNQ;AKTIE;Ja;PENGUIN SOLUTIONS DL-,03
KYG826001003;A0M1X8;AKTIE;Ja;SOHO CHINA LTD HD-,02
KYG826051099;A0B93J;AKTIE;Ja;SOLOMON SYSTECH INTL
KYG8268W1024;A0NAKN;AKTIE;Ja;SOLARGIGA ENERGY H. HD-01
KYG844081060;A1JRKG;AKTIE;Ja;CHI.TIANRUI GR.CEM.HD-,01
KYG851581069;A2N7XN;AKTIE;Ja;STONECO A DL-,000079365
KYG8569A1067;A0YF8N;AKTIE;Ja;SUNAC CHINA REG.S HD -,01
KYG8569B1041;A2QGUT;AKTIE;Ja;SUNAC SERVIC.HLDGS HD-,01
KYG8586D1097;A0MUFB;AKTIE;Ja;SUNNY OPT.TECH.G.HD-,10
KYG8651P1101;A2N9L8;AKTIE;Ja;SPI ENERGY CO. LTD
KYG8701T1388;A0RFDZ;AKTIE;Ja;TCL ELECTRONICS HLDGS HD1
KYG872641009;A1XBE8;AKTIE;Ja;TECNOGLASS INC. DL-,0001
KYG875721634;A1138D;AKTIE;Ja;TENCENT HLDGS HD-,00002
KYG875771134;A3DTMX;AKTIE;Ja;TENCENT MUSIC ENTMT GR.
KYG8807B1068;A1137V;AKTIE;Ja;THERAVANCE BIOPHARMA
KYG8813K1085;A0MUFS;AKTIE;Ja;UNITED LABS INTL HD -,01
KYG884931042;A0RPSW;AKTIE;Ja;361 DEG. INTERNAT. HK-,01
KYG8875G1029;A14T7Q;AKTIE;Ja;3SBIO INC. DL -,00001
KYG8878S1030;899106;AKTIE;Ja;TINGYI (CAYMAN ISL.) HLDG
KYG8904A1004;A1W96J;AKTIE;Ja;TIMES CHINA HLDGS HD -,10
KYG8917X1218;787139;AKTIE;Ja;TONGDA GROUP HLDGS HD-,01
KYG8918W1069;A2N9FG;AKTIE;Ja;TONGCH. TR. HO. DL-,0005
KYG8972T1067;A0MVK9;AKTIE;Ja;TOWNGAS SMART EN. HD-,10
KYG9066F1019;A3CMCK;AKTIE;Ja;TRIP.COM GROUP DL-,00125
KYG912241083;A3DZF7;AKTIE;Ja;TUHU CAR INC.
KYG9222R1065;A0M8X2;AKTIE;Ja;UNI-PRESIDENT CHINA HLDGS
KYG9361H1092;757618;AKTIE;Ja;VIETNAM ENTERPRISE INV.
KYG9390W1015;A2PH5Q;AKTIE;Ja;VIVA BIOTECH HOLD
KYG9431R1039;A0NFF4;AKTIE;Ja;WANT WANT CH.HLDGS DL-,02
KYG9471C2068;A40P0H;AKTIE;Ja;VERTICAL AEROSP.DL-,0001
KYG9515T1085;A2PRSF;AKTIE;Ja;WEIBO CORP. A
KYG9572D1034;A40Z5Y;AKTIE;Nein;WEBULL CORP.
KYG960071028;A1116F;AKTIE;Ja;WH GROUP LTD DL-,0001
KYG9687V2040;A416XM;AKTIE;Nein;WIMI HOLOG.CLOUD B.NEW DL
KYG970081173;A2QJCN;AKTIE;Ja;WUXI BIOLOGICS-0,0000083
KYG9808A1058;A3ESJ3;AKTIE;Ja;WUXI XDC O.N.
KYG981491007;A0YA9J;AKTIE;Ja;WYNN MACAU LTD
KYG982391099;A2PWSC;AKTIE;Ja;XP INC. DL-,00001
KYG982771092;A0Q2HL;AKTIE;Ja;XTEP INTL HOL.REGS HD-,01
KYG9828G1082;A0DQJN;AKTIE;Ja;XINYI GLASS HLDGS HD,- 10
KYG982971072;A12GJT;AKTIE;Ja;XIABU.C.M.(C.)H.DL-000025
KYG9829N1025;A1JPAH;AKTIE;Ja;XINYI SOLAR HLDGS
KYG982AW1003;A2QBX8;AKTIE;Ja;XPENG INC. CL.A DL-,00001
KYG9830N1097;A2PWBA;AKTIE;Ja;XD INC. DL-,0001
KYG9830T1067;A2JNY1;AKTIE;Ja;XIAOMI CORP. CL.B
KYG9835C1087;A2P5AL;AKTIE;Ja;YEAHKA LTD. DL -,000025
KYG984191075;A2ANNY;AKTIE;Ja;YIHAI INTER.HLD.DL-,00001
KYG9877S1021;A2PRUW;AKTIE;Ja;YUE DA INTL HLDGS HD -,10
KYG9887T1168;A3DJSH;AKTIE;Ja;ZAI LAB LTD0,000006
KYG9894K1085;A1CSJX;AKTIE;Ja;ZHONGSHENG GRP HLDGS REGS
KYG9898C1024;A2N7UZ;AKTIE;Ja;ZHONGLIANG HLDG HD-,01
KYG9898N1161;A2PQQA;AKTIE;Ja;ZHONG AN GROUP LTD.
KYG989BA1027;A3EDZK;AKTIE;Ja;ZJLD GROUP INC.DL-,000002
KYG9T20A1060;A2PBK8;AKTIE;Ja;WEIMOB INC. DL-,0001
LI0021279844;A0F412;FONDS;Nein;Craton Capital Funds - Craton Capital Precious Metal Fund - Klasse B
LI0034492384;A0NE9G;FONDS;Nein;PI Global Value Fund -EUR-P-
LI0106892966;A0YF5E;FONDS;Nein;LGT Funds SICAV - LGT Sustainable Equity Fund Global (EUR) B
LI0114387470;A1C3SB;FONDS;Nein;ASPOMA China Opportunities Fund - Klasse P
LI0123466802;A1H70D;FONDS;Nein;ACATIS Fair Value Aktien Global -CHF-P-
LI0274481113;A14VGZ;FONDS;Nein;Quantex Funds - Quantex Global Value Fund
LI0355147575;A2DYXV;AKTIE;Ja;LIECHTENST. LDSBK NA SF 5
LI0514446843;A2PX8U;FONDS;Nein;CANSOUL Fonds - Hanf Aktien Global - S EUR DIS
LI0580516883;A2QLGR;FONDS;Ja;Quantex Multi Asset Fund - R EUR ACC Fonds
LR0008862868;886286;AKTIE;Ja;ROYAL CARIB.CRUISES DL-01
LT0000102030;A0B6TQ;AKTIE;Ja;GRIGEO GROUP AB EO -,29
LU0003549028;971050;FONDS;Nein;DWS Eurorenta
LU0006061252;971043;FONDS;Nein;BlackRock Global Funds - Japan Small & MidCap Opportunities Fund Class A2 USD
LU0006061336;971044;FONDS;Nein;BlackRock Global Funds - US Small & MidCap Opportunities Fund Class A2 USD
LU0006061385;971045;FONDS;Nein;BlackRock Global Funds - Global Government Bond Fund Class A2 USD
LU0006061419;971046;FONDS;Nein;BlackRock Global Funds - US Dollar Reserve Fund Class A2 USD
LU0006277684;971186;FONDS;Nein;UBS (Lux) Money Market Fund - USD P-acc
LU0006344922;971303;FONDS;Nein;UBS (Lux) Money Market Fund - EUR P-acc
LU0006391097;971556;FONDS;Nein;UBS (Lux) Equity Fund - European Opportunity Sustainable (EUR) P-acc
LU0011254512;971122;FONDS;Nein;DWS Vorsorge Geldmarkt LC
LU0011817854;974461;FONDS;Nein;HSBC Global Investment Funds - HSBC GLOBAL INVESTMENT FUNDS - HONG KONG EQUITY PD
LU0011818662;974464;FONDS;Nein;HSBC Global Investment Funds - HSBC GLOBAL INVESTMENT FUNDS - ECONOMIC SCALE US EQUITY PD
LU0011846440;970986;FONDS;Nein;BlackRock Global Funds - European Fund Class A2 EUR
LU0011847091;971041;FONDS;Nein;BlackRock Global Funds - United Kingdom Fund Class A2 GBP
LU0011850046;971800;FONDS;Nein;BlackRock Global Funds - Global Long-Horizon Equity Fund Class A2 USD
LU0011850392;971801;FONDS;Nein;BlackRock Global Funds - Emerging Europe Fund Class A2 EUR
LU0011889846;989226;FONDS;Nein;Janus Henderson Horizon Fund - Janus Henderson Horizon Euroland Fund A2 EUR
LU0011889929;989227;FONDS;Nein;Janus Henderson Horizon Fund - Janus Henderson Horizon Japan Opportunities Fund A2 USD
LU0011890265;972768;FONDS;Nein;Janus Henderson Horizon Fund - Janus Henderson Horizon Japanese Smaller Companies Fund A2 USD
LU0011890851;972769;FONDS;Nein;Janus Henderson Horizon Fund - Janus Henderson Horizon Asian Growth Fund A2 USD
LU0011963245;972857;FONDS;Nein;Aberdeen Standard SICAV I - Asia Pacific Equity Fund A Acc USD
LU0011963674;973299;FONDS;Nein;Aberdeen Standard SICAV I - Japanese Equity Fund A Acc JPY
LU0011972238;971794;FONDS;Nein;AXA World Funds II - North American Equities A Distribution USD
LU0011972584;971791;FONDS;Nein;AXA World Funds II - Evolving Trends Equities A Distribution USD
LU0011972741;971795;FONDS;Nein;AXA World Funds II - European Opportunities Equities A Distribution EUR
LU0011975413;973195;FONDS;Nein;Candriam Bonds - Euro Classique EUR
LU0012050133;971151;FONDS;Nein;HANSAINVEST LUX UMBRELLA - INTERBOND
LU0012050562;972093;FONDS;Nein;Schroder International Selection Fund - Japanese Equity A
LU0012119607;989642;FONDS;Nein;Candriam Bonds - Euro High Yield Classique EUR
LU0012119789;971353;FONDS;Nein;Candriam Bonds - Euro High Yield Classique EUR
LU0012181664;972546;FONDS;Nein;BNP Paribas Funds - Japan Equity Classic DISTRIBUTION
LU0012181748;972547;FONDS;Nein;BNP Paribas Funds - Japan Equity Classic CAPITALISATION
LU0012182399;971410;FONDS;Nein;BNP Paribas Funds - US Short Duration Bond Classic CAPITALISATION
LU0026741651;971986;FONDS;Nein;GAM Multistock - Swiss Equity B acc
LU0028118809;973788;FONDS;Nein;Invesco Funds SICAV - Invesco Pan European Equity Fund Class A accumulation - EUR
LU0028119013;973789;FONDS;Nein;Invesco Funds SICAV - Invesco Pan European Small Cap Equity Fund Class A accumulation - EUR
LU0028121183;973787;FONDS;Nein;Invesco Funds SICAV - Invesco USD Ultra-Short Term Debt Fund Class A accumulation - USD
LU0029375739;986058;FONDS;Nein;DNB Fund - Future Waves Retail A (EUR)
LU0029864427;971654;FONDS;Nein;Franklin Templeton Investment Funds - Templeton Global Fund A (Ydis) USD
LU0029865408;971660;FONDS;Nein;Franklin Templeton Investment Funds - Templeton Latin America Fund A (Ydis) USD
LU0029871042;971663;FONDS;Nein;Franklin Templeton Investment Funds - Templeton Global Bond Fund A (Mdis) USD
LU0029872446;971665;FONDS;Nein;Franklin Templeton Investment Funds - Franklin U.S. Government Fund A (Mdis) USD
LU0029873410;971655;FONDS;Nein;Franklin Templeton Investment Funds - Templeton Global Climate Change Fund A (Ydis) EUR
LU0029874061;971656;FONDS;Nein;Franklin Templeton Investment Funds - Templeton Global Smaller Companies Fund A (Ydis) USD
LU0029874905;971658;FONDS;Nein;Franklin Templeton Investment Funds - Templeton Emerging Markets Fund A (Ydis) USD
LU0029875118;971661;FONDS;Nein;Franklin Templeton Investment Funds - Templeton Asian Growth Fund A (Ydis) USD
LU0029876355;971666;FONDS;Nein;Franklin Templeton Investment Funds - Templeton Emerging Markets Bond Fund A (Qdis) USD
LU0030165871;974743;FONDS;Nein;SEB Fund 1 - SEB Nordic Equity Fund C (EUR)
LU0033036590;971861;FONDS;Nein;UBS (Lux) Strategy Fund - Growth (EUR) P-acc
LU0033040600;971999;FONDS;Nein;UBS (Lux) Strategy Fund - Yield (EUR) P-dist
LU0033040782;972000;FONDS;Nein;UBS (Lux) Strategy Fund - Yield (EUR) P-acc
LU0033049577;972147;FONDS;Nein;UBS (Lux) Bond Fund - EUR Flexible P-dist
LU0033050237;971897;FONDS;Nein;UBS (Lux) Bond Fund - EUR Flexible P-acc
LU0034353002;971730;FONDS;Nein;DWS Floating Rate Notes LC
LU0035338242;972137;FONDS;Nein;UBS (Lux) Bond Fund - AUD P-dist
LU0035338325;972138;FONDS;Nein;UBS (Lux) Bond Fund - AUD P-acc
LU0035738771;972048;FONDS;Nein;Vontobel Fund - Swiss Franc Bond B
LU0035744233;972714;FONDS;Nein;Vontobel Fund - Green Bond A
LU0035744829;972051;FONDS;Nein;Vontobel Fund - Green Bond B
LU0035745552;972047;FONDS;Nein;Vontobel Fund - Bond Global Aggregate H (hedged)
LU0035765741;972046;FONDS;Nein;Vontobel Fund - US Equity B
LU0036319159;971784;FONDS;Nein;DWS ESG Euro Bonds (Medium) LC
LU0036592839;971898;FONDS;Nein;SEB Globl Equity Fund C (EUR)
LU0037079380;971682;FONDS;Nein;EB-Öko-Aktienfonds R
LU0038705702;889328;AKTIE;Ja;MILLICOM INTL CELL. DL1,5
LU0038842364;972309;FONDS;Nein;UBS (Lux) Equity Fund - Small Caps USA (USD) P-acc
LU0039216972;974465;FONDS;Nein;HSBC Global Investment Funds - HSBC GLOBAL INVESTMENT FUNDS - GLOBAL BOND AD
LU0039217434;972629;FONDS;Nein;HSBC Global Investment Funds - HSBC GLOBAL INVESTMENT FUNDS - CHINESE EQUITY AD
LU0039296719;972194;FONDS;Nein;Gamax Funds FCP - Asia Pacific - A Class
LU0039343651;972179;FONDS;Nein;UBS (Lux) Strategy Fund - Fixed Income (EUR) P-dist
LU0039703029;972180;FONDS;Nein;UBS (Lux) Strategy Fund - Fixed Income (EUR) P-acc
LU0040506734;972721;FONDS;Nein;Vontobel Fund - Emerging Markets Equity A
LU0040507039;972722;FONDS;Nein;Vontobel Fund - Emerging Markets Equity B
LU0040709171;973193;FONDS;Nein;AB FCP I - Emerging Markets Growth Portfolio A
LU0040769829;973733;FONDS;Nein;Goldman Sachs Funds SICAV - Goldman Sachs Global Equity Income Portfolio Base Shares
LU0041580167;972167;FONDS;Nein;DWS USD Floating Rate Notes USD LD
LU0043850808;973762;FONDS;Nein;HSBC Global Investment Funds - HSBC GLOBAL INVESTMENT FUNDS - ASIA EX JAPAN EQUITY AD
LU0044387529;972114;FONDS;Nein;DWS ESG Euro Bonds (Long) LC
LU0044747169;972580;FONDS;Nein;Global Advantage Funds - Major Markets High Value A
LU0044849320;972686;FONDS;Nein;GAM Multistock - Japan Equity B acc
LU0044957727;974198;FONDS;Nein;AB FCP I - American Income Portfolio A
LU0045164786;972162;FONDS;Nein;JSS Investmentfonds SICAV - JSS Sustainable Bond - EUR Corporates P EUR dist
LU0045667853;973122;FONDS;Nein;Schroder International Selection Fund - UK Equity A
LU0046676465;973646;FONDS;Nein;BlackRock Global Funds - US Dollar High Yield Bond Fund Class A2 USD
LU0047473722;973763;FONDS;Nein;HSBC Global Investment Funds - HSBC GLOBAL INVESTMENT FUNDS - EUROPE VALUE PD
LU0047713382;973010;FONDS;Nein;BlackRock Global Funds - Emerging Markets Fund Class A2 USD
LU0047906267;972996;FONDS;Nein;Global Advantage Funds - Emerging Markets High Value A
LU0047987325;973247;FONDS;Nein;AB SICAV I - India Growth Portfolio AX
LU0048291826;986852;FONDS;Nein;BL - BL-Global 30 - A distributing
LU0048292394;986853;FONDS;Nein;BL - BL-Global 30 - B accumulating
LU0048292808;974591;FONDS;Nein;BL - BL-Global 50 - B accumulating
LU0048293285;986855;FONDS;Nein;BL - BL-Global 75 - A distributing
LU0048293368;986356;FONDS;Nein;BL - BL-Global 75 - B accumulating
LU0048388663;973045;FONDS;Nein;Schroder International Selection Fund - Asian Opportunities A distributing
LU0048423833;973026;FONDS;Nein;Pro Fonds (Lux) - Pro Fonds (Lux) Emerging Markets
LU0048573561;973280;FONDS;Nein;Fidelity Funds - America Fund A-USD
LU0048573645;973254;FONDS;Nein;Fidelity Funds - ASEAN Fund A-USD
LU0048574536;973281;FONDS;Nein;Fidelity Funds - Australia Fund A-AUD
LU0048575426;973267;FONDS;Nein;Fidelity Funds - Emerging Markets Fund A-USD
LU0048578792;973270;FONDS;Ja;Fidelity Funds - European Growth Fund A-Euro
LU0048579097;973275;FONDS;Nein;Fidelity Funds - Euro Bond Fund A-Euro
LU0048580004;973283;FONDS;Nein;Fidelity Funds - Germany Fund A-Euro
LU0048580855;973265;FONDS;Nein;Fidelity Funds - Greater China Fund A-USD
LU0048581077;973264;FONDS;Nein;Fidelity Funds - Iberia Fund A-Euro
LU0048582984;973261;FONDS;Nein;Fidelity Funds - Global Bond Fund A-USD
LU0048584097;973269;FONDS;Nein;Fidelity Funds - Global Thematic Opportunities Fund A-USD
LU0048584766;973262;FONDS;Nein;Fidelity Funds - Italy Fund A-Euro
LU0048585144;973284;FONDS;Nein;Fidelity Funds - Sustainable Japan Equity Fund A-JPY
LU0048588080;973277;FONDS;Nein;Fidelity Funds - Nordic Fund A-SEK
LU0048597586;973276;FONDS;Nein;Fidelity Funds - Sustainable Asia Equity Fund A-USD
LU0048621477;973268;FONDS;Nein;Fidelity Funds - Thailand Fund A-USD
LU0048622798;973282;FONDS;Nein;Fidelity Funds - US Dollar Bond Fund A-USD
LU0048816135;973792;FONDS;Nein;Invesco Funds SICAV - Invesco Greater China Equity Fund Class A accumulation - USD
LU0049112450;973285;FONDS;Nein;Fidelity Funds - Pacific Fund A-USD
LU0049412769;987836;FONDS;Nein;LO Funds - Europe High Conviction, (EUR) PA
LU0049505935;987837;FONDS;Nein;LO Funds - Europe High Conviction, (EUR) PD
LU0049785362;973767;FONDS;Nein;UBS (Lux) Strategy Fund - Balanced (EUR) P-dist
LU0049785446;973768;FONDS;Nein;UBS (Lux) Strategy Fund - Balanced (EUR) P-acc
LU0049842262;974186;FONDS;Nein;UBS (Lux) Equity Fund - Mid Caps USA (USD) P-acc
LU0049842692;974185;FONDS;Nein;UBS (Lux) Equity Fund - Mid Caps Europe (EUR) P-acc
LU0049853897;973114;FONDS;Nein;Schroder International Selection Fund - Emerging Markets A
LU0050126431;973732;FONDS;Nein;Goldman Sachs Funds SICAV - Goldman Sachs Asia Equity Portfolio Base Shares
LU0050372472;973514;FONDS;Nein;BlackRock Global Funds - Euro Bond Fund Class A2 EUR
LU0050427557;973662;FONDS;Nein;Fidelity Funds - Latin America Fund A-USD
LU0051128774;989049;FONDS;Nein;NN (L) Emerging Markets Enhanced Index Sustainable Equity - P Cap USD
LU0051128931;989470;FONDS;Nein;NN (L) Emerging Markets Enhanced Index Sustainable Equity - P Dis USD
LU0051755006;973778;FONDS;Ja;JPMorgan Funds - JPM China A (dist) - USD
LU0052221412;973723;FONDS;Nein;CB Geldmarkt Deutschland I A EUR
LU0052474979;971609;FONDS;Nein;JPMorgan Funds - JPM Pacific Equity A (dist) - USD
LU0052588471;973811;FONDS;Nein;Fidelity Funds - European Multi Asset Income Fund A-Euro
LU0052750758;973909;FONDS;Nein;Franklin Templeton Investment Funds - Templeton China Fund A (acc) USD
LU0052756011;973725;FONDS;Nein;Franklin Templeton Investment Funds - Templeton Global Balanced Fund A (Qdis) USD
LU0052767562;973727;FONDS;Nein;Franklin Templeton Investment Funds - Franklin U.S. Dollar Short-Term Money Market Fund A (Mdis) USD
LU0052864419;974035;FONDS;Nein;Invesco Funds SICAV - Invesco Global Consumer Trends Fund Class A accumulation - USD
LU0053666078;971603;FONDS;Nein;JPMorgan Funds - JPM America Equity A (dist) - USD
LU0053671581;971759;FONDS;Nein;JPMorgan Funds - JPM US Small Cap Growth A (dist) - USD
LU0053685029;971605;FONDS;Nein;JPMorgan Funds - JPM Europe Equity A (dist) - EUR
LU0053685615;973678;FONDS;Nein;JPMorgan Funds - JPM Emerging Markets Equity A (dist) - USD
LU0053687074;973679;FONDS;Nein;JPMorgan Funds - JPM Europe Small Cap A (dist) - EUR
LU0053687314;972079;FONDS;Nein;JPMorgan Funds - JPM Latin America Equity A (dist) - USD
LU0053696067;971607;FONDS;Nein;JPMorgan Funds - JPM Global Aggregate Bond A (dist) - USD
LU0053696224;971602;FONDS;Nein;JPMorgan Funds - JPM Japan Equity A (dist) - USD
LU0053697206;971611;FONDS;Nein;JPMorgan Funds - JPM US Smaller Companies A (dist) - USD
LU0053902499;973134;FONDS;Nein;Schroder International Selection Fund - European Smaller Companies A distributing
LU0053903893;973118;FONDS;Nein;Schroder International Selection Fund - EURO Government Bond A distributing
LU0054237671;974005;FONDS;Nein;Fidelity Funds - Asian Special Situations Fund A-USD
LU0054450605;986463;FONDS;Nein;HSBC Global Investment Funds - HSBC GLOBAL INVESTMENT FUNDS - GLOBAL EMERGING MARKETS EQUITY AD
LU0054578231;974251;FONDS;Nein;BlackRock Global Funds - Systematic Global SmallCap Fund Class A2 USD
LU0054738967;972880;FONDS;Nein;NESTOR Fernost Fonds
LU0054754816;974066;FONDS;Nein;Fidelity Funds - Switzerland Fund A-CHF
LU0055114457;974129;FONDS;Nein;Fidelity Funds - Indonesia Fund A-USD
LU0055631609;974119;FONDS;Nein;BlackRock Global Funds - World Gold Fund Class A2 USD
LU0056052961;989643;FONDS;Nein;Candriam Equities L - Emerging Markets C EUR
LU0056053001;989644;FONDS;Nein;Candriam Equities L - Emerging Markets C EUR
LU0056508442;974499;FONDS;Ja;BlackRock Global Funds - World Technology Fund Class A2 USD
LU0056886558;974357;FONDS;Nein;Fidelity Funds - SMART Global Defensive Fund A-Euro
LU0057074394;974935;FONDS;Nein;Schroder International Selection Fund - European Smaller Companies B distributing
LU0058720904;974522;FONDS;Nein;AB SICAV I - International Health Care Portfolio A
LU0058891119;973500;FONDS;Nein;JSS Investmentfonds SICAV - JSS Sustainable Equity - Europe P EUR dist
LU0058892943;973502;FONDS;Nein;JSS Investmentfonds SICAV - JSS Sustainable Multi Asset - Global Opportunities P EUR dist
LU0058893917;974406;FONDS;Nein;JSS Investmentfonds SICAV - JSS GlobalSar - Balanced (EUR) P EUR dist
LU0058908533;974541;FONDS;Nein;JPMorgan Funds - JPM India A (dist) - USD
LU0060230025;986514;FONDS;Nein;AB SICAV I - International Technology Portfolio A
LU0061175625;974609;FONDS;Nein;Fidelity Funds - European Smaller Companies Fund A-Euro
LU0061462528;861149;AKTIE;Ja;RTL GROUP
LU0061474960;974979;FONDS;Nein;Threadneedle (Lux) - Global Focus - AU - USD
LU0061475181;974980;FONDS;Nein;Threadneedle (Lux) - American - AU - USD
LU0061476155;974982;FONDS;Nein;Threadneedle (Lux) - Pan European ESG Equities - AE - EUR
LU0061928585;974968;FONDS;Ja;ÖkoWorld - ÖkoVision® Classic
LU0062756647;974527;FONDS;Nein;DWS Osteuropa
LU0062904189;986231;FONDS;Nein;Schroder International Selection Fund - EURO Government Bond C distributing
LU0063575806;986247;FONDS;Nein;Schroder International Selection Fund - Swiss Equity A distributing
LU0063728728;974859;FONDS;Nein;BlackRock Global Funds - Asian Tiger Bond Fund Class A1 USD
LU0063729296;974860;FONDS;Nein;BlackRock Global Funds - Asian Tiger Bond Fund Class A2 USD
LU0064320186;974521;FONDS;Nein;Nordea 1 - Swedish Bond Fund - BP - SEK
LU0064321150;973354;FONDS;Nein;Nordea 1 - Global Bond Fund - BP - EUR
LU0064675639;973346;FONDS;Nein;Nordea 1 - Nordic Equity Fund - BP - EUR
LU0064675985;973349;FONDS;Nein;Nordea 1 - Asia ex Japan Equity Fund - BP - USD
LU0064963852;986376;FONDS;Nein;Fidelity Funds - US Dollar Cash Fund A-USD
LU0064964074;986373;FONDS;Nein;Fidelity Funds - Euro Cash Fund A-Euro
LU0065004045;986080;FONDS;Nein;Goldman Sachs Funds SICAV - Goldman Sachs US CORE Equity Portfolio Base Shares (Snap)
LU0065014192;986132;FONDS;Nein;Franklin Templeton Investment Funds - Franklin High Yield Fund A (Mdis) USD
LU0066341099;986051;FONDS;Nein;Invesco Funds SICAV - Invesco Euro Bond Fund Class A accumulation - EUR
LU0066649970;972219;FONDS;Nein;UBS (Lux) Money Market Fund - AUD P-acc
LU0066902890;974873;FONDS;Nein;HSBC Global Investment Funds - HSBC GLOBAL INVESTMENT FUNDS - INDIAN EQUITY AD
LU0067016716;986250;FONDS;Nein;Schroder International Selection Fund - Italian Equity A distributing
LU0067059799;986071;FONDS;Nein;DNB Fund - Asian Mid Cap Retail A (EUR)
LU0067412154;986579;FONDS;Nein;UBS (Lux) Equity Fund - China Opportunity (USD) P-acc
LU0067888072;974260;FONDS;Nein;Davis Funds SICAV - Davis Value Fund Class A
LU0067889476;974261;FONDS;Nein;Davis Funds SICAV - Davis Global Fund Class A
LU0068337053;986019;FONDS;Nein;JSS Investmentfonds SICAV - JSS Sustainable Equity - Systematic Emerging Markets P USD dist
LU0068578508;635297;FONDS;Nein;FIRST EAGLE AMUNDI - FIRST EAGLE AMUNDI INTERNATIONAL FUND - AU (C)
LU0068770873;974879;FONDS;Nein;DWS India LC
LU0069063385;986633;FONDS;Nein;AB SICAV I - Sustainable Global Thematic Portfolio A
LU0069152568;986327;FONDS;Nein;UBS (Lux) Equity Fund - Biotech (USD) P-acc
LU0069449576;986378;FONDS;Nein;Fidelity Funds - World Fund A-Euro
LU0069450319;986380;FONDS;Nein;Fidelity Funds - Euro STOXX 50® Fund A-Euro
LU0069450822;986390;FONDS;Nein;Fidelity Funds - America Fund A-Euro
LU0069451390;986392;FONDS;Nein;Fidelity Funds - Global Thematic Opportunities Fund A-Euro
LU0069452018;986393;FONDS;Nein;Fidelity Funds - Sustainable Japan Equity Fund A-Euro
LU0069452877;986394;FONDS;Nein;Fidelity Funds - Sustainable Asia Equity Fund A-Euro
LU0069950391;986419;FONDS;Nein;AB FCP I - Short Duration Bond Portfolio A
LU0070212591;988417;FONDS;Nein;JPMorgan Investment Funds - JPM Global Balanced A (acc) - EUR
LU0070214290;987333;FONDS;Nein;JPMorgan Investment Funds - JPM US Select Equity A (acc) - USD
LU0070214613;987583;FONDS;Nein;JPMorgan Investment Funds - JPM Japan Sustainable Equity A (acc) - JPY
LU0070215933;987585;FONDS;Nein;JPMorgan Investment Funds - JPM US Bond A (acc) - USD
LU0070217475;988404;FONDS;Nein;JPMorgan Investment Funds - JPM Global Select Equity A (acc) - USD
LU0070302665;986459;FONDS;Nein;Franklin Templeton Investment Funds - Franklin Mutual U.S. Value Fund A (acc) USD
LU0070848113;986705;FONDS;Nein;UBS (Lux) Equity SICAV - US Opportunity (USD) P-acc
LU0070964530;935667;FONDS;Nein;Pictet - Indian Equities P USD
LU0070992663;989234;FONDS;Nein;Janus Henderson Horizon Fund - Janus Henderson Horizon Global Technology Leaders Fund A2 USD
LU0072229809;986616;FONDS;Nein;Best-in-One - Best-in-One Balanced A EUR
LU0072461881;987135;FONDS;Nein;BlackRock Global Funds - US Basic Value Fund Class A2 USD
LU0072462186;987138;FONDS;Nein;BlackRock Global Funds - European Value Fund Class A2 EUR
LU0072462343;987140;FONDS;Nein;BlackRock Global Funds - Asian Dragon Fund Class A2 USD
LU0072462426;987142;FONDS;Nein;BlackRock Global Funds - Global Allocation Fund Class A2 USD
LU0072463663;987139;FONDS;Nein;BlackRock Global Funds - Latin American Fund Class A2 USD
LU0072814717;988238;FONDS;Nein;AXA World Funds - Euro Bonds A Capitalisation EUR
LU0072815284;986992;FONDS;Nein;AXA World Funds - Euro Bonds A Distribution EUR
LU0072845869;986706;FONDS;Nein;JPMorgan Funds - JPM Emerging Markets Debt A (dist) - EUR (hedged)
LU0072913022;986408;FONDS;Nein;UBS (Lux) Equity Fund - Greater China (USD) P-acc
LU0073103748;986703;FONDS;Nein;Gamax Funds FCP - Junior - A Class
LU0073129206;986912;FONDS;Nein;UBS (Lux) Strategy Fund - Equity (EUR) P-acc
LU0073229253;986715;FONDS;Nein;Morgan Stanley Investment Funds - Sustainable Asian Equity Fund - A accumulating
LU0073229840;986719;FONDS;Nein;Morgan Stanley Investment Funds - Emerging Markets Equity Fund - A accumulating
LU0073230004;986758;FONDS;Nein;Morgan Stanley Investment Funds - Emerging Markets Debt Fund - A accumulating
LU0073230426;986735;FONDS;Nein;Morgan Stanley Investment Funds - Global Bond Fund - A accumulating
LU0073232471;986729;FONDS;Ja;Morgan Stanley Investment Funds - US Growth Fund - A accumulating
LU0073234253;986733;FONDS;Nein;Morgan Stanley Investment Funds - Euro Strategic Bond Fund - A accumulating
LU0073235904;986751;FONDS;Nein;Morgan Stanley Investment Funds - Short Maturity Euro Bond Fund - A accumulating
LU0073254285;986731;FONDS;Nein;Morgan Stanley Investment Funds - Euro Bond Fund - A accumulating
LU0073255761;986761;FONDS;Nein;Morgan Stanley Investment Funds - European High Yield Bond Fund - A accumulating
LU0073503921;926391;FONDS;Nein;UBAM - Swiss Equity AC CHF
LU0073680380;987133;FONDS;Nein;AXA World Funds - Framlington Euro Selection A Distribution EUR
LU0073680463;988173;FONDS;Nein;AXA World Funds - Framlington Euro Selection A Capitalisation EUR
LU0073680620;986994;FONDS;Nein;AXA World Funds - Framlington Euro Selection F Capitalisation EUR
LU0075112721;986881;FONDS;Nein;Invesco Funds SICAV - Invesco Asia Opportunities Equity Fund Class A accumulation - USD
LU0075646355;889539;AKTIE;Ja;SUBSEA 7 S.A. DL 2
LU0075938133;987129;FONDS;Nein;BNP Paribas Funds - Euro Bond Classic CAPITALISATION
LU0076315455;986135;FONDS;Nein;Nordea 1 - European Covered Bond Fund - BP - EUR
LU0076315968;986766;FONDS;Nein;Nordea 1 - Danish Covered Bond Fund - BP - DKK
LU0076532638;987076;FONDS;Nein;UBS (Lux) Equity Fund - Global Sustainable (USD) P-acc
LU0077335932;907047;FONDS;Nein;Fidelity Funds - American Growth Fund A-USD
LU0077500055;935878;FONDS;Nein;Candriam Bonds - Euro Long Term Classique EUR
LU0077884368;987063;FONDS;Nein;GS&P Fonds - Schwellenländer R
LU0078277505;987144;FONDS;Nein;Franklin Templeton Investment Funds - Templeton Eastern Europe Fund A (acc) EUR
LU0078775011;987193;FONDS;Nein;Candriam Equities L - Australia C AUD
LU0078812822;987173;FONDS;Nein;Nordea 1 - Norwegian Short-Term Bond Fund - BP - NOK
LU0079474960;986838;FONDS;Ja;AB SICAV I - American Growth Portfolio A
LU0079556006;988421;FONDS;Nein;JPMorgan Investment Funds - JPM Europe Select Equity A (acc) - EUR
LU0080237943;986967;FONDS;Nein;DWS Portfolio - DWS Euro Ultra Short Fixed Income Fund NC
LU0080751232;987399;FONDS;Nein;Fidelity Funds - Global Multi Asset Dynamic Fund A-USD
LU0081336892;987425;FONDS;Nein;AB FCP I - Global High Yield Portfolio A
LU0081406000;987565;FONDS;Nein;GAM Multibond - Emerging Bond B acc
LU0081952003;987575;FONDS;Nein;Nordea 1 - Norwegian Equity Fund - BP - NOK
LU0082087940;989480;FONDS;Nein;NN (L) US Enhanced Core Concentrated Equity - P Cap USD
LU0082616367;987702;FONDS;Ja;JPMorgan Funds - JPM US Technology A (dist) - USD
LU0083284397;987790;FONDS;Nein;Schroder International Selection Fund - US Dollar Bond A distributing
LU0083344555;987714;FONDS;Nein;Goldman Sachs Funds SICAV - Goldman Sachs Emerging Markets Equity Portfolio Base Shares
LU0083353978;973677;FONDS;Nein;LiLux Umbrella Fund - LiLux Umbrella Fund - LiLux Rent P
LU0083425479;987767;FONDS;Nein;DNB Fund - Nordic Equities Retail A (EUR)
LU0083568666;989915;FONDS;Nein;Candriam Bonds - Emerging Markets Classique USD
LU0084489227;987725;FONDS;Nein;PTAM Balanced Portfolio A
LU0084617165;988149;FONDS;Nein;Robeco Capital Growth Funds - Robeco Asia-Pacific Equities D EUR
LU0085135894;988157;FONDS;Nein;Robeco Capital Growth Funds - Robeco All Strategy Euro Bonds DH EUR
LU0085136942;988158;FONDS;Nein;Robeco Capital Growth Funds - Robeco High Yield Bonds DH EUR
LU0085618261;987981;FONDS;Nein;Schroder International Selection Fund - EURO Short Term Bond A distributing
LU0085618691;987983;FONDS;Nein;Schroder International Selection Fund - EURO Short Term Bond C distributing
LU0085870433;988066;FONDS;Nein;UBS (Lux) Equity Fund - Euro Countries Opportunity (EUR) P-acc
LU0085953304;988083;FONDS;Nein;UBS (Lux) Equity Fund - Health Care (USD) P-acc
LU0085995990;988074;FONDS;Nein;UBS (Lux) Bond Fund - Euro High Yield (EUR) P-dist
LU0086177085;988075;FONDS;Nein;UBS (Lux) Bond Fund - Euro High Yield (EUR) P-acc
LU0086394185;973117;FONDS;Nein;Schroder International Selection Fund - Latin American A
LU0086395158;986229;FONDS;Nein;Schroder International Selection Fund - Latin American C distributing
LU0086828794;A0B9Z3;FONDS;Nein;SEB SICAV 2 - SEB Eastern Europe Small and Mid Cap Fund C (EUR)
LU0086914362;989194;FONDS;Nein;BNP Paribas Funds - Euro Medium Term Bond Classic CAPITALISATION
LU0087209911;988130;FONDS;Nein;Nordea 1 - Norwegian Bond Fund - BP - NOK
LU0087412390;974515;FONDS;Nein;DWS Concept DJE Alpha Renten Global LC
LU0087656699;988186;FONDS;Nein;AXA World Funds - Framlington Italy A Capitalisation EUR
LU0087657150;988197;FONDS;Nein;AXA World Funds - Framlington Switzerland A Capitalisation CHF
LU0087798301;921807;FONDS;Nein;UBAM - Dr. Ehrhardt German Equity AC EUR
LU0088087324;914993;AKTIE;Ja;SES S.A. FDR A
LU0088814487;988525;FONDS;Nein;Fidelity Funds - Euro Blue Chip Fund A-Euro
LU0088927925;989232;FONDS;Nein;Janus Henderson Horizon Fund - Janus Henderson Horizon Pan European Property Equities Fund A2 EUR
LU0089290844;987035;FONDS;Nein;BNP Paribas Funds - Target Risk Balanced Classic DISTRIBUTION
LU0089639750;971606;FONDS;Nein;JPMorgan Funds - JPM Global Growth (USD) A (dist) - USD
LU0089640097;971604;FONDS;Nein;JPMorgan Funds - JPM Euroland Equity A (dist) - EUR
LU0090689299;988562;FONDS;Nein;Pictet - Biotech P USD
LU0090738252;987712;FONDS;Nein;DNB Fund - Emerging Markets Equities Retail A (USD)
LU0090784017;A0M00E;FONDS;Nein;Digital Funds - Digital Stars Europe - Acc
LU0090865873;973498;FONDS;Nein;ABD.St.Liqu.Fd.(Lux)-Euro Fd.A2 EUR
LU0091079839;989081;FONDS;Nein;JPMorgan Funds - JPM Europe High Yield Bond A (dist) - EUR
LU0091115906;989322;FONDS;Nein;Schroder International Selection Fund - EURO Equity A distributing
LU0091116110;989323;FONDS;Nein;Schroder International Selection Fund - EURO Equity B distributing
LU0091116201;989324;FONDS;Nein;Schroder International Selection Fund - EURO Equity C distributing
LU0091253459;989155;FONDS;Nein;Schroder International Selection Fund - Asian Bond Total Return A distributing
LU0091253616;989157;FONDS;Nein;Schroder International Selection Fund - Asian Bond Total Return C distributing
LU0093472081;989937;FONDS;Nein;Schroder International Selection Fund - EURO Bond A distributing
LU0093472750;989938;FONDS;Nein;Schroder International Selection Fund - EURO Bond B distributing
LU0093502762;989691;FONDS;Nein;BlackRock Global Funds - Euro-Markets Fund Class A2 EUR
LU0093503497;989692;FONDS;Nein;BlackRock Global Funds - ESG Multi-Asset Fund Class A2 EUR
LU0093503810;989694;FONDS;Nein;BlackRock Global Funds - Euro Short Duration Bond Fund Class A2 EUR
LU0093504206;989695;FONDS;Nein;BlackRock Global Funds - Global High Yield Bond Fund Class A2 Hedged EUR
LU0093570256;937806;FONDS;Nein;BL - BL-Equities America - B accumulating
LU0093570330;989879;FONDS;Nein;BL - BL-Equities Europe - B accumulating
LU0093570686;937800;FONDS;Nein;BL - BL-Bond Euro - A distributing
LU0093570769;989647;FONDS;Nein;BL - BL-Bond Euro - B accumulating
LU0093570926;937802;FONDS;Nein;BL - BL-Bond Dollar - B accumulating
LU0093571064;937801;FONDS;Nein;BL - BL-Corporate Bond Opportunities - A distributing
LU0093571148;989878;FONDS;Nein;BL - BL-Corporate Bond Opportunities - B accumulating
LU0093577855;973597;FONDS;Nein;Candriam Bonds - Euro Diversified Classique EUR
LU0093666013;989668;FONDS;Nein;Franklin Templeton Investment Funds - Templeton Euroland Fund A (acc) EUR
LU0093669546;989669;FONDS;Nein;Franklin Templeton Investment Funds - Franklin Euro Government Bond Fund A (Ydis) EUR
LU0093745825;988726;FONDS;Nein;DWS Concept ARTS Conservative
LU0093746120;988727;FONDS;Nein;DWS Concept ARTS Balanced
LU0093746393;988728;FONDS;Nein;DWS Concept ARTS Dynamic
LU0094041471;632763;FONDS;Nein;Franklin Templeton Investment Funds - Franklin Mutual U.S. Value Fund N (acc) USD
LU0094159042;930702;FONDS;Nein;AXA World Funds - Defensive Optimal Income A Capitalisation EUR
LU0094159125;930701;FONDS;Nein;AXA World Funds - Defensive Optimal Income A Distribution gr EUR
LU0094480398;989527;FONDS;Nein;Goldman Sachs Funds SICAV - Goldman Sachs Japan Equity Portfolio Other Currency Shares (USD) (Snap)
LU0094488615;989584;FONDS;Nein;Goldman Sachs Funds SICAV - Goldman Sachs Global High Yield Portfolio Other Currency Shares (EUR-Hedged)
LU0094541447;989899;FONDS;Nein;Aberdeen Standard SICAV I - European Equity Fund A Acc EUR
LU0094547139;989897;FONDS;Nein;Aberdeen Standard SICAV I - World Equity Fund A Acc USD
LU0094555157;989616;FONDS;Nein;MFS Meridian Funds - U.S. Concentrated Growth A1USD
LU0094557526;989620;FONDS;Nein;MFS Meridian Funds - European Research A1EUR
LU0094560744;989632;FONDS;Nein;MFS Meridian Funds - Global Equity A1EUR
LU0094707279;921200;FONDS;Nein;Swiss Life Funds (LUX) - Equity ESG Euro Zone EUR R Cap
LU0095024591;989727;FONDS;Nein;AB FCP I - European Income Portfolio A2
LU0095030564;933576;FONDS;Nein;AB FCP I - American Income Portfolio A2
LU0095053426;921205;FONDS;Nein;Pictet - Japanese Equity Opportunities P JPY
LU0095325956;989729;FONDS;Nein;AB SICAV I - Eurozone Equity Portfolio AX
LU0095335757;989614;FONDS;Nein;Sauren Global Growth -A-
LU0095527585;989810;FONDS;Nein;NN (L) EURO Equity - P Cap EUR
LU0095938881;989946;FONDS;Nein;JPMorgan Investment Funds - JPM Global Macro Opportunities A (acc) - EUR
LU0096258362;989651;FONDS;Nein;BlackRock Global Funds - US Dollar Bond Fund Class A2 USD
LU0096258446;989654;FONDS;Nein;BlackRock Global Funds - US Government Mortgage Fund Class A2 USD
LU0096353940;930986;FONDS;Nein;Threadneedle (Lux) - European Strategic Bond - AE - EUR
LU0097036916;921822;FONDS;Nein;BlackRock Global Funds - US Growth Fund Class A2 USD
LU0097335235;989977;FONDS;Nein;Flossbach von Storch - Global Convertible Bond H
LU0097427784;921125;FONDS;Nein;JSS Investmentfonds SICAV - JSS Sustainable Equity - Global Climate 2035 P EUR dist
LU0098860793;926095;FONDS;Nein;Franklin Templeton Investment Funds - Franklin Income Fund A (Mdis) USD
LU0098994485;921574;FONDS;Nein;UBS (Lux) Equity Fund - Japan (JPY) P-acc
LU0098995292;921576;FONDS;Nein;UBS (Lux) Equity Fund - US Sustainable (USD) P-acc
LU0099161993;A0DKM6;FONDS;Nein;Carmignac Portfolio - Grande Europe - A EUR Acc
LU0099574567;921800;FONDS;Ja;Fidelity Funds - Global Technology Fund A Euro
LU0099575291;921801;FONDS;Nein;Fidelity Funds - Global Dividend Plus Fund A-Euro
LU0099625146;926281;FONDS;Nein;BNP Paribas Funds - Euro Short Term Corporate Bond Opportunities Classic CAPITALISATION
LU0099730524;986813;FONDS;Nein;DWS Institutional - DWS Institutional ESG Euro Money Market Fund IC
LU0099840034;921725;FONDS;Nein;Multicooperation SICAV - Julius Baer Strategy Income (EUR) B acc
LU0099840620;921726;FONDS;Nein;Multicooperation SICAV - Julius Baer Strategy Income (EUR) A dis
LU0099984899;989941;FONDS;Nein;SEB European Equity Small Caps - SEB European Equity Small Caps D (EUR)
LU0100002038;921622;FONDS;Nein;Fonds Direkt Sicav - Skyline Dynamik Standard
LU0100177426;921695;FONDS;Nein;H&A Small Cap Equity EMU B
LU0100177772;921694;FONDS;Nein;H&A Small Cap Equity EMU A
LU0100598282;987593;FONDS;Nein;Invesco Funds SICAV - Invesco Pan European Equity Fund Class C accumulation - EUR
LU0100842029;921700;FONDS;Nein;Generali Komfort - Generali Komfort Balance
LU0100846798;921701;FONDS;Nein;Generali Komfort - Generali Komfort Wachstum
LU0100847093;921702;FONDS;Nein;Generali Komfort - Generali Komfort Dynamik Europa
LU0100847929;921705;FONDS;Nein;Generali Komfort - Generali Komfort Dynamik Global
LU0101692670;926085;FONDS;Nein;Pictet - Digital P USD
LU0102219945;926187;FONDS;Nein;Goldman Sachs Funds SICAV - Goldman Sachs Europe CORE Equity Portfolio Base Shares
LU0102737144;933797;FONDS;Nein;Invesco Funds SICAV - Invesco Active Multi-Sector Credit Fund Class A accumulation - EUR
LU0102737730;933799;FONDS;Nein;Invesco Funds SICAV - Invesco Euro Ultra-Short Term Debt Fund Class A accumulation - EUR
LU0102830865;933571;FONDS;Nein;AB FCP I - Global High Yield Portfolio A2
LU0103598305;926200;FONDS;Nein;Perpetuum Vita Basis R
LU0103754361;799096;FONDS;Nein;Vitruvius European Equity Class B EUR
LU0103754957;798389;FONDS;Nein;Vitruvius Japanese Equity Class B JPY
LU0104030142;926444;FONDS;Nein;JPMorgan Funds - JPM Europe Dynamic Technologies A (dist) - EUR
LU0104884605;933348;FONDS;Nein;Pictet - Water I EUR
LU0104884860;933349;FONDS;Ja;Pictet - Water P EUR
LU0104885248;933350;FONDS;Nein;Pictet - Water R EUR
LU0106234643;933367;FONDS;Nein;Schroder International Selection Fund - EURO Short Term Bond A
LU0106234726;933368;FONDS;Nein;Schroder International Selection Fund - EURO Short Term Bond B accumulating
LU0106234999;933369;FONDS;Nein;Schroder International Selection Fund - EURO Short Term Bond C accumulating
LU0106235293;933364;FONDS;Nein;Schroder International Selection Fund - EURO Equity A
LU0106235376;933365;FONDS;Nein;Schroder International Selection Fund - EURO Equity B accumulating
LU0106235459;933366;FONDS;Nein;Schroder International Selection Fund - EURO Equity C accumulating
LU0106235533;933361;FONDS;Nein;Schroder International Selection Fund - EURO Bond A
LU0106235707;933362;FONDS;Nein;Schroder International Selection Fund - EURO Bond B accumulating
LU0106235962;933370;FONDS;Nein;Schroder International Selection Fund - EURO Government Bond A
LU0106237406;933381;FONDS;Nein;Schroder International Selection Fund - European Smaller Companies A accumulating
LU0106238040;933382;FONDS;Nein;Schroder International Selection Fund - European Smaller Companies B accumulating
LU0106238719;933393;FONDS;Nein;Schroder International Selection Fund - Italian Equity A accumulating
LU0106239360;933394;FONDS;Nein;Schroder International Selection Fund - Italian Equity B accumulating
LU0106240533;933398;FONDS;Nein;Schroder International Selection Fund - Japanese Equity C accumulating
LU0106250508;933352;FONDS;Nein;Schroder International Selection Fund - Asian Bond Total Return A accumulating
LU0106250763;933353;FONDS;Nein;Schroder International Selection Fund - Asian Bond Total Return B accumulating
LU0106253197;933358;FONDS;Nein;Schroder International Selection Fund - Emerging Markets Debt Absolute Return A accumulating
LU0106253437;933360;FONDS;Nein;Schroder International Selection Fund - Emerging Markets Debt Absolute Return C accumulating
LU0106256372;933384;FONDS;Nein;Schroder International Selection Fund - Global Bond A accumulating
LU0106258741;933392;FONDS;Nein;Schroder International Selection Fund - Global Corporate Bond C accumulating
LU0106259046;933402;FONDS;Nein;Schroder International Selection Fund - Latin American A
LU0106259558;933406;FONDS;Nein;Schroder International Selection Fund - Asian Opportunities A accumulating
LU0106259632;933407;FONDS;Nein;Schroder International Selection Fund - Asian Opportunities B accumulating
LU0106259988;933408;FONDS;Nein;Schroder International Selection Fund - Asian Opportunities C accumulating
LU0106260564;933417;FONDS;Nein;Schroder International Selection Fund - US Dollar Bond A accumulating
LU0106261372;933423;FONDS;Nein;Schroder International Selection Fund - US Large Cap A
LU0106280836;930920;FONDS;Nein;Sauren Global Balanced -A-
LU0106280919;930921;FONDS;Nein;Sauren Global Opportunities
LU0106817157;933676;FONDS;Nein;Schroder International Selection Fund - Emerging Europe A accumulating
LU0106819104;933677;FONDS;Nein;Schroder International Selection Fund - Emerging Europe B accumulating
LU0106820458;933673;FONDS;Nein;Schroder International Selection Fund - Emerging Europe A distributing
LU0106824104;933674;FONDS;Nein;Schroder International Selection Fund - Emerging Europe B distributing
LU0106824443;933675;FONDS;Nein;Schroder International Selection Fund - Emerging Europe C distributing
LU0106831901;933539;FONDS;Nein;BlackRock Global Funds - World Financials Fund Class A2 USD
LU0107398538;933912;FONDS;Nein;JPMorgan Funds - JPM Europe Strategic Growth A (dist) - EUR
LU0107398884;933913;FONDS;Nein;JPMorgan Funds - JPM Europe Strategic Value A (dist) - EUR
LU0107464264;933484;FONDS;Nein;Aberdeen Standard SICAV I - Global Innovation Equity Fund A Acc USD
LU0107768052;934157;FONDS;Nein;Schroder International Selection Fund - Inflation Plus A accumulating
LU0107768136;934158;FONDS;Nein;Schroder International Selection Fund - Inflation Plus B accumulating
LU0107768219;934159;FONDS;Nein;Schroder International Selection Fund - Inflation Plus C accumulating
LU0107768300;934154;FONDS;Nein;Schroder International Selection Fund - Inflation Plus A
LU0107851205;933784;FONDS;Nein;GAM Multibond - Local Emerging Bond A dis
LU0107852195;933785;FONDS;Nein;GAM Multibond - Local Emerging Bond B acc
LU0107944042;926229;FONDS;Nein;LOYS Sicav - LOYS Global P
LU0108415935;937487;FONDS;Nein;JPMorgan Investment Funds - JPM Global High Yield Bond A (acc) - EUR (hedged)
LU0108457267;930905;FONDS;Nein;NESTOR Osteuropa Fonds
LU0108459040;939838;FONDS;Nein;Candriam Equities L - Biotechnology C USD
LU0108459552;939839;FONDS;Nein;Candriam Equities L - Biotechnology C USD
LU0108564344;935647;FONDS;Nein;UBS (Lux) Strategy Fund - Balanced (EUR) P-C-dist
LU0108749556;798385;FONDS;Nein;Vitruvius Growth Opportunities Class B USD
LU0109391861;937448;FONDS;Nein;Franklin Templeton Investment Funds - Franklin U.S. Opportunities Fund A (acc) USD
LU0109392836;937446;FONDS;Ja;Franklin Templeton Investment Funds - Franklin Technology Fund A (acc) USD
LU0109394709;937444;FONDS;Nein;Franklin Templeton Investment Funds - Franklin Biotechnology Discovery Fund A (acc) USD
LU0109395268;937442;FONDS;Nein;Franklin Templeton Investment Funds - Franklin Euro High Yield Fund A (Ydis) EUR
LU0109401686;937452;FONDS;Nein;Franklin Templeton Investment Funds - Templeton Global Fund N (acc) USD
LU0109981661;934224;FONDS;Nein;Franklin Templeton Investment Funds - Franklin Mutual European Fund A (acc) USD
LU0110060430;939979;FONDS;Nein;Fidelity Funds - European High Yield Fund A-Euro
LU0110450813;940125;FONDS;Nein;Capital International Fund - Capital Group Global High Income Opportunities (LUX) B USD
LU0110451209;940126;FONDS;Nein;Capital International Fund - Capital Group Global High Income Opportunities (LUX) B EUR
LU0111012836;608166;FONDS;Nein;Pictet - Asian Equities Ex Japan I USD
LU0111491469;937835;FONDS;Nein;BNP Paribas Funds - Europe Dividend Classic CAPITALISATION
LU0111548326;937978;FONDS;Nein;BNP Paribas Funds - Euro Government Bond Classic CAPITALISATION
LU0111753769;939861;FONDS;Nein;JPMorgan Funds - JPM Global Socially Responsible A (dist) - USD
LU0112497283;938951;FONDS;Nein;Pictet - Biotech I USD
LU0113257694;577941;FONDS;Nein;Schroder International Selection Fund - EURO Corporate Bond A accumulating
LU0113257934;577942;FONDS;Nein;Schroder International Selection Fund - EURO Corporate Bond B accumulating
LU0113258742;577943;FONDS;Nein;Schroder International Selection Fund - EURO Corporate Bond C accumulating
LU0113993801;625958;FONDS;Nein;Janus Henderson Fund - Janus Henderson Emerging Markets Fund A€ Acc
LU0114720955;941117;FONDS;Nein;Fidelity Funds - Global Health Care Fund A-Euro
LU0114721177;786639;FONDS;Nein;Fidelity Funds - Global Health Care Fund E-ACC-Euro
LU0114721508;941083;FONDS;Nein;Fidelity Funds - Sustainable Consumer Brands Fund A-Euro
LU0114722498;941116;FONDS;Nein;Fidelity Funds - Global Financial Services Fund A-Euro
LU0114722902;941119;FONDS;Nein;Fidelity Funds - Global Industrials Fund A-Euro
LU0114760746;941034;FONDS;Ja;Franklin Templeton Investment Funds - Templeton Growth (Euro) Fund A (acc) EUR
LU0114763096;941035;FONDS;Nein;Franklin Templeton Investment Funds - Templeton Growth (Euro) Fund I (acc) EUR
LU0114997082;940076;FONDS;Nein;StarCapital Equity Value plus A-EUR
LU0114999021;940664;FONDS;Nein;Capital International Fund - Capital Group Global Equity Fund (LUX) B EUR
LU0115288721;940818;FONDS;Nein;ODDO BHF - Euro High Yield Bond CI-EUR
LU0115290974;940820;FONDS;Nein;ODDO BHF - Euro High Yield Bond CR-EUR
LU0115579376;940641;FONDS;Nein;Sauren Select Global Growth Focus -Standard-
LU0115759606;778492;FONDS;Nein;Fidelity Funds - America Fund E-ACC-Euro
LU0115763970;786501;FONDS;Nein;Fidelity Funds - Emerging Markets Fund E-ACC-Euro
LU0115765595;786637;FONDS;Nein;Fidelity Funds - Greater China Fund E-ACC-Euro
LU0115766213;786665;FONDS;Nein;Fidelity Funds - Sustainable Japan Equity Fund E-ACC-Euro
LU0115767021;786683;FONDS;Nein;Fidelity Funds - Latin America Fund E-ACC-Euro
LU0115768185;787202;FONDS;Nein;Fidelity Funds - Sustainable Asia Equity Fund E-ACC-Euro
LU0115773425;787208;FONDS;Nein;Fidelity Funds - Global Technology Fund E-ACC-Euro
LU0117287580;577995;FONDS;Nein;BL - BL-Global Equities - B accumulating
LU0117771807;798391;FONDS;Nein;Vitruvius US Equity Class B EUR
LU0117772284;798387;FONDS;Nein;Vitruvius Japanese Equity Class B EUR
LU0117841782;577341;FONDS;Nein;JPMorgan Funds - JPM Greater China A (dist) - USD
LU0117843481;577344;FONDS;Nein;JPMorgan Funds - JPM Taiwan A (dist) - USD
LU0117844026;577345;FONDS;Nein;JPMorgan Funds - JPM Asia Pacific Income A (dist) - USD
LU0117858596;602968;FONDS;Nein;JPMorgan Funds - JPM Europe Equity D (acc) - EUR
LU0117858679;602993;FONDS;Nein;JPMorgan Funds - JPM Europe Strategic Growth D (acc) - EUR
LU0117858752;602994;FONDS;Nein;JPMorgan Funds - JPM Europe Strategic Value D (acc) - EUR
LU0117859560;602992;FONDS;Nein;JPMorgan Funds - JPM Europe Small Cap D (acc) - EUR
LU0117866854;603264;FONDS;Nein;JPMorgan Funds - JPM Pacific Equity D (acc) - USD
LU0117867159;603260;FONDS;Nein;JPMorgan Funds - JPM China D (acc) - USD
LU0117881739;603261;FONDS;Nein;JPMorgan Funds - JPM India D (acc) - USD
LU0117896174;603004;FONDS;Nein;JPMorgan Funds - JPM Latin America Equity D (acc) - USD
LU0118140002;579806;FONDS;Nein;Morgan Stanley Investment Funds - Emerging Europe, Middle East and Africa Equity Fund - A accumulating
LU0118405827;542164;FONDS;Nein;SEB Concept Biotechnology - SEB Concept Biotechnology D (EUR)
LU0119062650;580674;FONDS;Nein;JPMorgan Funds - JPM Europe Dynamic A (dist) - EUR
LU0119066131;580673;FONDS;Nein;JPMorgan Funds - JPM US Value A (dist) - USD
LU0119066727;603020;FONDS;Nein;JPMorgan Funds - JPM US Value D (acc) - USD
LU0119078227;602967;FONDS;Nein;JPMorgan Funds - JPM Europe Equity A (acc) - USD
LU0119085271;972593;FONDS;Nein;AMUNDI FUNDS - AMUNDI FUNDS ASIA EQUITY CONCENTRATED - A USD (C)
LU0119124278;722635;FONDS;Nein;Fidelity Funds - European Larger Companies Fund A-Euro
LU0119124781;603474;FONDS;Nein;Fidelity Funds - European Dynamic Growth Fund A-Euro
LU0119133188;972968;FONDS;Nein;AMUNDI FUNDS - AMUNDI FUNDS GLOBAL BOND - A USD (C)
LU0119174026;933486;FONDS;Nein;Aberdeen Standard SICAV I - Select Euro High Yield Bond Fund A MInc EUR
LU0119176310;589376;FONDS;Nein;Aberdeen Standard SICAV I - Select Euro High Yield Bond Fund A Acc EUR
LU0119201019;657661;FONDS;Nein;NN (L) Energy - P Cap USD
LU0119201282;657662;FONDS;Nein;NN (L) Energy - P Dis USD
LU0119216553;797410;FONDS;Nein;NN (L) Global Sustainable Equity - P Cap EUR
LU0119216801;664635;FONDS;Nein;NN (L) Greater China Equity - P Cap USD
LU0119620416;579993;FONDS;Nein;Morgan Stanley Investment Funds - Global Brands Fund - A accumulating
LU0119750205;796421;FONDS;Nein;Invesco Funds SICAV - Invesco Sustainable Pan European Structured Equity Fund Class A accumulation - EUR
LU0119753134;796422;FONDS;Nein;Invesco Funds SICAV - Invesco Sustainable Pan European Structured Equity Fund Class C accumulation - EUR
LU0119891520;941135;FONDS;Nein;MEDICAL - MEDICAL BioHealth EUR
LU0120689640;578798;FONDS;Nein;Vontobel Fund - Euro Short Term Bond B
LU0120694996;578796;FONDS;Nein;Vontobel Fund - Swiss Money B
LU0122113094;756512;FONDS;Nein;SEB Global Climate Opportunity Fund C (EUR)
LU0122376428;632995;FONDS;Nein;BlackRock Global Funds - World Energy Fund Class A2 USD
LU0122379950;630928;FONDS;Nein;BlackRock Global Funds - World Healthscience Fund Class A2 USD
LU0122613499;602299;FONDS;Nein;Franklin Templeton Investment Funds - Franklin Biotechnology Discovery Fund N (acc) USD
LU0122613572;602298;FONDS;Nein;Franklin Templeton Investment Funds - Franklin Euro High Yield Fund N (acc) EUR
LU0122613903;602312;FONDS;Nein;Franklin Templeton Investment Funds - Templeton Eastern Europe Fund N (acc) EUR
LU0122614208;602835;FONDS;Nein;Franklin Templeton Investment Funds - Templeton Global Bond Fund N (acc) USD
LU0122614380;602296;FONDS;Nein;Franklin Templeton Investment Funds - Templeton Growth (Euro) Fund N (acc) EUR
LU0122971814;607933;FONDS;Nein;Goldman Sachs Funds SICAV - Goldman Sachs Asia Equity Portfolio Class A Shares
LU0122972895;926136;FONDS;Nein;Goldman Sachs Funds SICAV - Goldman Sachs Europe CORE Equity Portfolio Class A Shares (EUR)
LU0122974248;607943;FONDS;Nein;Goldman Sachs Funds SICAV - Goldman Sachs Emerging Markets Equity Portfolio Class A Shares
LU0122976888;607935;FONDS;Nein;Goldman Sachs Funds SICAV - Goldman Sachs Japan Equity Portfolio Class A Shares (Snap)
LU0123357419;658697;FONDS;Nein;Invesco Funds SICAV - Invesco Energy Transition Fund Class A accumulation - USD
LU0124167924;603328;FONDS;Nein;FPM Funds - Stockpicker Germany All Cap (C) Classic
LU0124384867;630940;FONDS;Nein;BlackRock Global Funds - Sustainable Energy Fund Class A2 USD
LU0124662932;625797;FONDS;Nein;DJE - DJE - Concept - I (EUR)
LU0124673897;659144;FONDS;Nein;AB FCP I - Global Value Portfolio A
LU0124675678;659142;FONDS;Nein;AB SICAV I - European Equity Portfolio A
LU0124676726;659146;FONDS;Nein;AB FCP I - Sustainable US Thematic Portfolio A
LU0125727437;657733;FONDS;Nein;AXA World Funds - Framlington Europe Opportunities A Distribution EUR
LU0125727601;657734;FONDS;Nein;AXA World Funds - Framlington Europe Opportunities A Capitalisation EUR
LU0125731546;657737;FONDS;Nein;AXA World Funds - Framlington Europe Small Cap A Distribution EUR
LU0125741180;657738;FONDS;Nein;AXA World Funds - Framlington Europe Small Cap A Capitalisation EUR
LU0125750256;657729;FONDS;Nein;AXA World Funds - Global High Yield Bonds A Distribution EUR (Hedged)
LU0125750504;657730;FONDS;Nein;AXA World Funds - Global High Yield Bonds A Capitalisation EUR (Hedged)
LU0125944966;657043;FONDS;Nein;MFS Meridian Funds - European Smaller Companies A1EUR
LU0125946151;657046;FONDS;Nein;MFS Meridian Funds - European Core Equity A1EUR
LU0125948108;657049;FONDS;Nein;MFS Meridian Funds - Emerging Markets Debt A1USD
LU0125948280;625765;FONDS;Nein;MFS Meridian Funds - Emerging Markets Debt A2USD
LU0125951151;657059;FONDS;Nein;MFS Meridian Funds - European Value A1EUR
LU0125979160;657053;FONDS;Nein;MFS Meridian Funds - U.S. Value A1USD
LU0126855641;631999;FONDS;Nein;WWK Select Balance
LU0126855997;632033;FONDS;Nein;WWK Select Chance
LU0126856375;632034;FONDS;Nein;WWK Select Top Ten
LU0127786431;666311;FONDS;Nein;NN (L) Euro High Dividend - P Cap EUR
LU0128467544;675194;FONDS;Nein;Pictet - Global Emerging Debt P USD
LU0128468609;675195;FONDS;Nein;Pictet - Global Emerging Debt P dy USD
LU0128470845;675190;FONDS;Nein;Pictet - EUR Corporate Bonds P
LU0128471819;675191;FONDS;Nein;Pictet - EUR Corporate Bonds P dy
LU0128488383;675186;FONDS;Nein;Pictet - USD Government Bonds P
LU0128490280;675178;FONDS;Nein;Pictet - EUR Bonds P
LU0128490793;675179;FONDS;Nein;Pictet - EUR Bonds P dy
LU0128494191;675164;FONDS;Nein;Pictet - Short-Term Money Market EUR P
LU0128496485;675168;FONDS;Nein;Pictet - Short-Term Money Market USD P
LU0128520375;785335;FONDS;Nein;Franklin Templeton Investment Funds - Templeton Global Climate Change Fund A (acc) EUR
LU0128521001;785352;FONDS;Nein;Franklin Templeton Investment Funds - Templeton Euroland Fund N (acc) EUR
LU0128522157;785343;FONDS;Nein;Franklin Templeton Investment Funds - Templeton Asian Growth Fund A (acc) USD
LU0128522744;785342;FONDS;Nein;Franklin Templeton Investment Funds - Templeton Emerging Markets Fund A (acc) USD
LU0128525689;785338;FONDS;Nein;Franklin Templeton Investment Funds - Templeton Global Balanced Fund A (acc) USD
LU0128525929;785336;FONDS;Nein;Franklin Templeton Investment Funds - Templeton Global Fund A (acc) USD
LU0128526141;785334;FONDS;Nein;Franklin Templeton Investment Funds - Templeton Global Smaller Companies Fund A (acc) USD
LU0128526570;785333;FONDS;Nein;Franklin Templeton Investment Funds - Templeton Latin America Fund A (acc) USD
LU0128530259;785349;FONDS;Nein;Franklin Templeton Investment Funds - Franklin Mutual European Fund N (acc) USD
LU0129232442;974563;FONDS;Nein;Lupus alpha Fonds - Lupus alpha Sustainable Smaller Euro Champions A
LU0129232525;940639;FONDS;Nein;Lupus alpha Fonds - Lupus alpha Sustainable Smaller Euro Champions C
LU0129233093;974564;FONDS;Ja;Lupus alpha Fonds - Lupus alpha Smaller German Champions A
LU0129412341;795312;FONDS;Nein;JPMorgan Funds - JPM Global Convertibles (EUR) A (dist) - EUR
LU0129603360;796576;FONDS;Nein;Vontobel Fund - Global Equity Income B
LU0129839725;164360;FONDS;Nein;Vitruvius Swiss Equity Class B CHF
LU0130393993;630843;FONDS;Nein;DWS ESG European Equities LC
LU0130729220;972822;FONDS;Nein;Pictet - Emerging Markets P USD
LU0130731390;694229;FONDS;Nein;Pictet - Europe Index P EUR
LU0130731713;694230;FONDS;Nein;Pictet - Europe Index R EUR
LU0130732364;694216;FONDS;Nein;Pictet - Family P EUR
LU0130732877;694231;FONDS;Nein;Pictet - USA Index P USD
LU0130733172;694232;FONDS;Nein;Pictet - USA Index R USD
LU0131126574;694152;FONDS;Nein;Franklin Templeton Investment Funds - Franklin Euro High Yield Fund A (acc) EUR
LU0131210360;694255;FONDS;Nein;BNP Paribas Funds - Euro Corporate Bond Classic CAPITALISATION
LU0131210790;694256;FONDS;Nein;BNP Paribas Funds - Euro Corporate Bond Classic DISTRIBUTION
LU0131669946;693292;FONDS;Nein;NORAMCO QUALITY FUNDS EUROPE
LU0131724808;694215;FONDS;Nein;Pictet - Family I EUR
LU0131725870;694218;FONDS;Nein;Pictet - Emerging Markets I USD
LU0132282301;798601;FONDS;Nein;Fidelity Funds - US High Yield Fund A-USD
LU0132385880;551049;FONDS;Nein;Fidelity Funds - US High Yield Fund A-Euro
LU0132412106;769088;FONDS;Nein;Aberdeen Standard SICAV I - Emerging Markets Equity Fund A Acc USD
LU0132413252;769094;FONDS;Nein;Aberdeen Standard SICAV I - Select Emerging Markets Bond Fund A MInc USD
LU0132414144;769092;FONDS;Nein;Aberdeen Standard SICAV I - Select Emerging Markets Bond Fund A Acc USD
LU0132601682;694604;FONDS;Nein;Morgan Stanley Investment Funds - Euro Corporate Bond Fund - A accumulating
LU0133084623;767354;FONDS;Nein;T. Rowe Price Funds SICAV - Emerging Markets Equity Fund - A
LU0133084896;767355;FONDS;Nein;T. Rowe Price Funds SICAV - Emerging Markets Equity Fund - Ad
LU0133085943;767358;FONDS;Nein;T. Rowe Price Funds SICAV - US Blue Chip Equity Fund - A
LU0133096635;767370;FONDS;Nein;T. Rowe Price Funds SICAV - US Smaller Companies Equity Fund - A
LU0133264282;766536;FONDS;Nein;Goldman Sachs Funds SICAV - Goldman Sachs Asia Equity Portfolio Class E Shares (Acc.)
LU0133264795;766541;FONDS;Nein;Goldman Sachs Funds SICAV - Goldman Sachs Japan Equity Portfolio Class E Shares (Acc.) (Snap)
LU0133267202;766539;FONDS;Nein;Goldman Sachs Funds SICAV - Goldman Sachs Emerging Markets Equity Portfolio Class E Shares (Acc.)
LU0133414606;939853;FONDS;Nein;DWS Global Value LD
LU0133703115;534314;FONDS;Nein;Schroder International Selection Fund - Asian Bond Total Return A1 accumulating
LU0133706308;534327;FONDS;Nein;Schroder International Selection Fund - EURO Equity A1 accumulating
LU0133807163;797785;FONDS;Nein;Pictet - EUR High Yield P
LU0133807593;797786;FONDS;Nein;Pictet - EUR High Yield P dy
LU0135980968;762210;FONDS;Nein;BL Fund Selection - BL Fund Selection - Equities - B accumulating
LU0135981693;762211;FONDS;Nein;BL Fund Selection - BL Fund Selection - 50-100 - B accumulating
LU0135990504;A0D838;FONDS;Nein;ValueInvest LUX - Macquarie ValueInvest LUX Global - A Distribution
LU0135991064;A0BLT7;FONDS;Nein;ValueInvest LUX - Macquarie ValueInvest LUX Global - A Capitalisation
LU0136043394;791930;FONDS;Nein;Schroder International Selection Fund - EURO Liquidity A accumulating
LU0136043550;791931;FONDS;Nein;Schroder International Selection Fund - EURO Liquidity B accumulating
LU0136043634;791932;FONDS;Nein;Schroder International Selection Fund - EURO Liquidity C accumulating
LU0136171559;811428;FONDS;Ja;Swisscanto (LU) Equity Fund - Swisscanto (LU) Equity Fund Sustainable AT
LU0136234068;794357;ETF;Nein;UBS (Lux) Fund Solutions – EURO STOXX 50 UCITS ETF (EUR) A-dis
LU0136234654;794358;ETF;Nein;UBS (Lux) Fund Solutions – MSCI USA UCITS ETF (USD) A-dis
LU0136240974;794361;ETF;Nein;UBS (Lux) Fund Solutions – MSCI Japan UCITS ETF (JPY) A-dis
LU0136242590;794362;ETF;Nein;UBS (Lux) Fund Solutions – FTSE 100 UCITS ETF (GBP) A-dis
LU0136335097;791695;FONDS;Nein;Sauren Global Stable Growth -A-
LU0136412771;764930;FONDS;Nein;Ethna-AKTIV A
LU0137006218;805628;FONDS;Nein;Vontobel Fund - Emerging Markets Equity C
LU0137341789;805785;FONDS;Nein;StarCapital Dynamic Bonds A-EUR
LU0138075311;813104;FONDS;Nein;Franklin Templeton Investment Funds - Templeton European Small-Mid Cap Fund A (acc) EUR
LU0138501191;A0DQN4;FONDS;Nein;Sparinvest SICAV - Global Value EUR R
LU0138638068;691371;FONDS;Nein;DPAM L - DPAM L Bonds Universalis Unconstrained - A distributing
LU0138643068;983762;FONDS;Nein;DPAM L - DPAM L Bonds Universalis Unconstrained - B accumulating
LU0138643902;A0JDHU;FONDS;Nein;DPAM L - DPAM L Bonds Higher Yield - A distributing
LU0138981039;766453;FONDS;Nein;Fidelity Funds - Multi Asset Income Fund A-USD
LU0139792278;A0MV4R;FONDS;Nein;Sparinvest SICAV - Procedo EUR R
LU0140362707;982589;FONDS;Nein;Franklin Templeton Investment Funds - Franklin Mutual U.S. Value Fund A (acc) EUR
LU0140363002;982584;FONDS;Nein;Franklin Templeton Investment Funds - Franklin Mutual European Fund A (acc) EUR
LU0140363267;982585;FONDS;Nein;Franklin Templeton Investment Funds - Franklin Mutual European Fund N (acc) EUR
LU0140363697;982586;FONDS;Nein;Franklin Templeton Investment Funds - Franklin Technology Fund N (acc) EUR
LU0140636845;633842;FONDS;Nein;Schroder International Selection Fund - Greater China A accumulating
LU0140636928;633843;FONDS;Nein;Schroder International Selection Fund - Greater China B accumulating
LU0140637140;633844;FONDS;Nein;Schroder International Selection Fund - Greater China C accumulating
LU0141799097;529936;FONDS;Nein;Nordea 1 - European High Yield Bond Fund - BI - EUR
LU0141799501;529937;FONDS;Nein;Nordea 1 - European High Yield Bond Fund - BP - EUR
LU0144509717;750443;FONDS;Nein;Pictet - Quest Europe Sustainable Equities P EUR
LU0145456207;577692;FONDS;Nein;Generali Investments SICAV - SRI European Equity DX
LU0145476817;621774;FONDS;Nein;Generali Investments SICAV - Euro Bond DX
LU0145485214;621817;FONDS;Nein;Generali Investments SICAV - Euro Short Term Bond DX
LU0145634076;551448;FONDS;Nein;DWS Invest - DWS Invest European Equity High Conviction LC
LU0145634662;551449;FONDS;Nein;DWS Invest - DWS Invest European Equity High Conviction LD
LU0145635123;551631;FONDS;Nein;DWS Invest - DWS Invest European Equity High Conviction NC
LU0145644893;552516;FONDS;Nein;DWS Invest - DWS Invest Top Euroland LC
LU0145647052;552517;FONDS;Nein;DWS Invest - DWS Invest Top Euroland LD
LU0145647300;552518;FONDS;Nein;DWS Invest - DWS Invest Top Euroland NC
LU0145647722;552519;FONDS;Nein;DWS Invest - DWS Invest Top Euroland FC
LU0145648290;552521;FONDS;Nein;DWS Invest - DWS Invest Top Asia LC
LU0145648456;552522;FONDS;Nein;DWS Invest - DWS Invest Top Asia LD
LU0145648886;552523;FONDS;Nein;DWS Invest - DWS Invest Top Asia NC
LU0145652052;551812;FONDS;Nein;DWS Invest - DWS Invest Euro-Gov Bonds LC
LU0145652300;551813;FONDS;Nein;DWS Invest - DWS Invest Euro-Gov Bonds LD
LU0145652649;551814;FONDS;Nein;DWS Invest - DWS Invest Euro-Gov Bonds NC
LU0145654009;551815;FONDS;Nein;DWS Invest - DWS Invest Euro-Gov Bonds FC
LU0145655824;551872;FONDS;Nein;DWS Invest - DWS Invest ESG Euro Bonds (Short) LC
LU0145656475;551874;FONDS;Nein;DWS Invest - DWS Invest ESG Euro Bonds (Short) LD
LU0145656715;551875;FONDS;Nein;DWS Invest - DWS Invest ESG Euro Bonds (Short) NC
LU0146257711;750455;FONDS;Nein;NN (L) Global High Dividend - P Cap EUR
LU0146258529;A0CAL0;FONDS;Nein;NN (L) Global High Dividend - P Dis EUR
LU0146864797;939855;FONDS;Nein;DWS Russia LC
LU0146923718;250811;FONDS;Nein;UBAM - Medium Term US Corporate Bond AC USD
LU0146926141;250814;FONDS;Nein;UBAM - Medium Term US Corporate Bond AD USD
LU0147308422;633611;ETF;Nein;UBS (Lux) Fund Solutions – MSCI EMU UCITS ETF (EUR) A-dis
LU0147784119;570769;FONDS;Nein;NESTOR Australien Fonds
LU0147784465;570771;FONDS;Nein;NESTOR Gold Fonds
LU0148538712;750439;FONDS;Nein;Pictet - Pacific Ex Japan Index P USD
LU0148742835;794814;FONDS;Nein;DWS Multi Opportunities FC
LU0149002841;988200;FONDS;Nein;AXA World Funds - Global Sustainable Aggregate A Distribution USD (Hedged)
LU0149168907;534304;FONDS;Nein;AMUNDI TOTAL RETURN - A - AD (D)
LU0149524034;661617;FONDS;Nein;Schroder International Selection Fund - Swiss Small & Mid Cap Equity A accumulating
LU0149534421;661612;FONDS;Nein;Schroder International Selection Fund - Hong Kong Equity A accumulating
LU0149719808;260621;FONDS;Nein;HSBC Global Investment Funds - HSBC GLOBAL INVESTMENT FUNDS - EUROPE VALUE AD
LU0149721374;260624;FONDS;Nein;HSBC Global Investment Funds - HSBC GLOBAL INVESTMENT FUNDS - HONG KONG EQUITY AD
LU0149725797;260626;FONDS;Nein;HSBC Global Investment Funds - HSBC GLOBAL INVESTMENT FUNDS - ECONOMIC SCALE US EQUITY AD
LU0149734781;260630;FONDS;Nein;HSBC Global Investment Funds - HSBC GLOBAL INVESTMENT FUNDS - US DOLLAR BOND AD
LU0150613833;663307;FONDS;Nein;ME Fonds - Special Values A
LU0150924321;A0DM75;FONDS;Nein;Janus Henderson Fund - Janus Henderson Continental European Fund A$ Acc
LU0151774626;692806;FONDS;Nein;UBS (Lux) Bond SICAV - Short Term EUR Corporates Sustainable (EUR) P-acc
LU0152638903;806097;FONDS;Nein;MFS Meridian Funds - Emerging Markets Debt C1USD
LU0152928064;749654;FONDS;Nein;Franklin Templeton Investment Funds - Templeton Asian Growth Fund N (acc) USD
LU0152980495;749655;FONDS;Nein;Franklin Templeton Investment Funds - Templeton Global Bond Fund A (acc) EUR
LU0152981543;749656;FONDS;Nein;Franklin Templeton Investment Funds - Templeton Global Bond Fund A (Mdis) EUR
LU0152984307;663277;FONDS;Nein;Franklin Templeton Investment Funds - Templeton Emerging Markets Bond Fund A (Qdis) EUR
LU0153585053;724739;FONDS;Nein;Vontobel Fund - European Equity A
LU0153585137;724771;FONDS;Nein;Vontobel Fund - European Equity B
LU0153585566;724773;FONDS;Nein;Vontobel Fund - EURO Corporate Bond A
LU0153585723;724774;FONDS;Nein;Vontobel Fund - EURO Corporate Bond B
LU0153925689;787304;FONDS;Nein;UBS (Lux) Key Selection SICAV - European Equity Value Opportunity (EUR) P-acc
LU0154234636;779374;FONDS;Nein;BlackRock Global Funds - European Special Situations Fund Class A2 EUR
LU0154236417;779379;FONDS;Nein;BlackRock Global Funds - US Flexible Equity Fund Class A2 USD
LU0154237225;779395;FONDS;Nein;BlackRock Global Funds - US Dollar Short Duration Bond Fund Class A2 USD
LU0154245673;A0F5D0;FONDS;Nein;BNP Paribas Funds - US Mid Cap Classic DISTRIBUTION
LU0154245756;A0F5DZ;FONDS;Nein;BNP Paribas Funds - US Mid Cap Classic CAPITALISATION
LU0154397185;725245;FONDS;Nein;Saphir Global - BALANCED B
LU0154397342;725246;FONDS;Nein;Saphir Global - DEFENSIV B
LU0154397698;725247;FONDS;Nein;Saphir Global - VALUE B
LU0154399124;725263;FONDS;Nein;Saphir Global - CHANCE B
LU0155303323;157164;FONDS;Nein;Pictet - Asian Equities Ex Japan P USD
LU0157028266;806158;FONDS;Nein;Capital International Fund - Capital Group European Growth and Income Fund (LUX) B EUR
LU0157052563;801625;FONDS;Nein;BMO Investments (Lux) I Fund - BMO Global Convertible Bond Fund A Inc EUR
LU0157215616;164538;FONDS;Nein;Fidelity Funds - Global Focus Fund A-USD
LU0157922724;164539;FONDS;Nein;Fidelity Funds - Global Focus Fund A-Euro
LU0157929737;157463;FONDS;Nein;Candriam Bonds - Euro Short Term Classique EUR
LU0157930313;157459;FONDS;Nein;Candriam Bonds - Euro Government Classique EUR
LU0158827195;157662;FONDS;Nein;Allianz Global Investors Fund - Allianz Global Sustainability A (EUR)
LU0158827948;164168;FONDS;Nein;Allianz Global Investors Fund - Allianz Global Sustainability A (USD)
LU0158828326;164169;FONDS;Nein;Allianz Global Investors Fund - Allianz Global Sustainability CT (EUR)
LU0158903558;163701;FONDS;Nein;ACATIS CHAMPIONS SELECT - ACATIS AKTIEN DEUTSCHLAND ELM A
LU0158938935;113590;FONDS;Nein;JSS Investmentfonds SICAV - JSS Sustainable Bond - Euro Broad P EUR dist
LU0159052710;A0HG3G;FONDS;Nein;JPMorgan Funds - JPM US Technology A (acc) - EUR
LU0159548683;164315;FONDS;Nein;DJE - DJE - Europa - PA (EUR)
LU0159549145;164317;FONDS;Nein;DJE - DJE - Alpha Global - PA (EUR)
LU0159549574;164319;FONDS;Nein;DJE - DJE - Renten Global - PA (EUR)
LU0159549814;164321;FONDS;Nein;DJE - DJE - Short Term Bond - PA (EUR)
LU0159550077;164323;FONDS;Nein;DJE - DJE - Gold & Ressourcen - PA (EUR)
LU0159550150;164325;FONDS;Nein;DJE - DJE - Dividende & Substanz - P (EUR)
LU0159551042;164326;FONDS;Nein;DJE - DJE - Dividende & Substanz - I (EUR)
LU0161305163;213706;FONDS;Nein;Schroder International Selection Fund - European Value A accumulating
LU0161305593;213707;FONDS;Nein;Schroder International Selection Fund - European Value B accumulating
LU0161305759;213708;FONDS;Nein;Schroder International Selection Fund - European Value C accumulating
LU0161530794;216536;FONDS;Nein;Swisscanto (LU) Bond Fund - Swisscanto (LU) Bond Fund Vision Responsible EUR AT
LU0161535835;216770;FONDS;Nein;Swisscanto (LU) Equity Fund - Swisscanto (LU) Equity Fund Sustainable AA
LU0161742381;808387;FONDS;Nein;SGKB (Lux) Fund - Danube Tiger (EUR) B acc
LU0161942635;216519;FONDS;Nein;UBS (Lux) Key Selection SICAV - Global Equities (USD) (EUR) P-acc
LU0162626096;216521;FONDS;Nein;UBS (Lux) Bond SICAV - EUR Corporates Sustainable (EUR) P-acc
LU0162658883;216150;FONDS;Nein;BlackRock Global Funds - Euro Corporate Bond Fund Class A2 EUR
LU0162689763;216144;FONDS;Nein;BlackRock Global Funds - Euro-Markets Fund Class A4 EUR
LU0162690340;216145;FONDS;Nein;BlackRock Global Funds - European Value Fund Class A4 EUR
LU0162691827;216148;FONDS;Nein;BlackRock Global Funds - US Basic Value Fund Class A4 USD
LU0162829799;216720;FONDS;Nein;FISCH Umbrella Fund - FISCH CONVERTIBLE GLOBAL DEFENSIVE FUND - AEaccumulating
LU0162829872;216723;FONDS;Nein;FISCH Umbrella Fund - FISCH CONVERTIBLE GLOBAL DEFENSIVE FUND - AE2 distributing
LU0163675910;214466;FONDS;Nein;Sauren Global Defensiv -A-
LU0164100710;260221;FONDS;Nein;AXA World Funds - Euro Credit Plus A Capitalisation EUR
LU0164100801;260223;FONDS;Nein;AXA World Funds - Euro Credit Plus A Distribution EUR
LU0164455502;914233;FONDS;Nein;Carmignac Portfolio - Green Gold - A EUR Acc
LU0164865239;263211;FONDS;Nein;HSBC Global Investment Funds - HSBC GLOBAL INVESTMENT FUNDS - CHINESE EQUITY AC
LU0164872284;263222;FONDS;Nein;HSBC Global Investment Funds - HSBC GLOBAL INVESTMENT FUNDS - GLOBAL EMERGING MARKETS EQUITY AC
LU0164880469;263227;FONDS;Nein;HSBC Global Investment Funds - HSBC GLOBAL INVESTMENT FUNDS - HONG KONG EQUITY AC
LU0164881194;263233;FONDS;Nein;HSBC Global Investment Funds - HSBC GLOBAL INVESTMENT FUNDS - INDIAN EQUITY AC
LU0164902453;263243;FONDS;Nein;HSBC Global Investment Funds - HSBC GLOBAL INVESTMENT FUNDS - ECONOMIC SCALE US EQUITY AC
LU0164906959;257158;FONDS;Nein;HSBC Global Investment Funds - HSBC GLOBAL INVESTMENT FUNDS - EUROPE VALUE AC
LU0165073775;120193;FONDS;Nein;HSBC Global Investment Funds - HSBC GLOBAL INVESTMENT FUNDS - EUROLAND EQUITY SMALLER COMPANIES AC
LU0165073858;120194;FONDS;Nein;HSBC Global Investment Funds - HSBC GLOBAL INVESTMENT FUNDS - EUROLAND EQUITY SMALLER COMPANIES AD
LU0165074666;120204;FONDS;Nein;HSBC Global Investment Funds - HSBC GLOBAL INVESTMENT FUNDS - EUROLAND VALUE AC
LU0165074740;120205;FONDS;Nein;HSBC Global Investment Funds - HSBC GLOBAL INVESTMENT FUNDS - EUROLAND VALUE AD
LU0165076018;120174;FONDS;Nein;HSBC Global Investment Funds - HSBC GLOBAL INVESTMENT FUNDS - US DOLLAR BOND AC
LU0165124784;120452;FONDS;Nein;HSBC Global Investment Funds - HSBC GLOBAL INVESTMENT FUNDS - EURO CREDIT BOND AC
LU0165124867;120454;FONDS;Nein;HSBC Global Investment Funds - HSBC GLOBAL INVESTMENT FUNDS - EURO CREDIT BOND AD
LU0165128348;120850;FONDS;Nein;HSBC Global Investment Funds - HSBC GLOBAL INVESTMENT FUNDS - EURO HIGH YIELD BOND AC
LU0165128421;120851;FONDS;Nein;HSBC Global Investment Funds - HSBC GLOBAL INVESTMENT FUNDS - EURO HIGH YIELD BOND AD
LU0165129312;120858;FONDS;Nein;HSBC Global Investment Funds - HSBC GLOBAL INVESTMENT FUNDS - EURO BOND AC
LU0165129403;120859;FONDS;Nein;HSBC Global Investment Funds - HSBC GLOBAL INVESTMENT FUNDS - EURO BOND AD
LU0165191387;120418;FONDS;Nein;HSBC Global Investment Funds - HSBC GLOBAL INVESTMENT FUNDS - GLOBAL BOND AC
LU0165251116;257546;FONDS;Nein;RB LuxTopic - RB LuxTopic - Aktien Europa - A
LU0165289439;263205;FONDS;Nein;HSBC Global Investment Funds - HSBC GLOBAL INVESTMENT FUNDS - ASIA EX JAPAN EQUITY AC
LU0165915215;263264;FONDS;Nein;Allianz Global Investors Fund - Allianz Euro Bond A (EUR)
LU0166156926;120192;FONDS;Nein;HSBC Global Investment Funds - HSBC GLOBAL INVESTMENT FUNDS - ECONOMIC SCALE US EQUITY ACHEUR
LU0167158327;357959;FONDS;Nein;Pictet - EUR Short Mid-Term Bonds P
LU0167159309;357960;FONDS;Nein;Pictet - EUR Short Mid-Term Bonds P dy
LU0168341575;343439;FONDS;Nein;JPMorgan Funds - JPM Global Focus A (dist) - EUR
LU0168449691;914340;FONDS;Nein;Pictet - China Equities P USD
LU0169518387;A0DNC7;FONDS;Nein;JPMorgan Funds - JPM Asia Growth A (acc) - USD
LU0169519195;A0ETTU;FONDS;Nein;JPMorgan Funds - JPM Asia Growth D (acc) - USD
LU0169527297;A0D8M3;FONDS;Nein;JPMorgan Investment Funds - JPM Europe Strategic Dividend A (acc) - EUR
LU0170467566;812911;FONDS;Nein;Franklin Templeton Investment Funds - Franklin U.S. Low Duration Fund A (Mdis) USD
LU0170473374;812922;FONDS;Nein;Franklin Templeton Investment Funds - Franklin European Total Return Fund A (acc) EUR
LU0170473531;812923;FONDS;Nein;Franklin Templeton Investment Funds - Franklin European Total Return Fund A (Mdis) EUR
LU0170474422;812943;FONDS;Nein;Franklin Templeton Investment Funds - Templeton Global Bond (Euro) Fund A (acc) EUR
LU0170474935;812944;FONDS;Nein;Franklin Templeton Investment Funds - Templeton Global Bond (Euro) Fund A (Ydis) EUR
LU0170475312;812925;FONDS;Nein;Franklin Templeton Investment Funds - Templeton Global Total Return Fund A (acc) USD
LU0170475585;812926;FONDS;Nein;Franklin Templeton Investment Funds - Templeton Global Total Return Fund A (Mdis) USD
LU0170477797;812929;FONDS;Nein;Franklin Templeton Investment Funds - Templeton Global Total Return Fund N (acc) USD
LU0170990948;789987;FONDS;Nein;Pictet - Global Emerging Debt HP CHF
LU0170994346;789988;FONDS;Nein;Pictet - Global Emerging Debt HP EUR
LU0171269466;A0BMAT;FONDS;Nein;BlackRock Global Funds - Asian Dragon Fund Class A2 EUR
LU0171275786;A0BMAK;FONDS;Nein;BlackRock Global Funds - Emerging Markets Fund Class A2 EUR
LU0171276677;A0BL2H;FONDS;Nein;BlackRock Global Funds - European Special Situations Fund Class A2 USD
LU0171277485;A0BMAS;FONDS;Nein;BlackRock Global Funds - Euro-Markets Fund Class A2 USD
LU0171279184;A0BLY0;FONDS;Nein;BlackRock Global Funds - Euro Bond Fund Class A2 USD
LU0171280430;A0BMAW;FONDS;Nein;BlackRock Global Funds - European Fund Class A2 USD
LU0171281750;A0BMAY;FONDS;Nein;BlackRock Global Funds - European Value Fund Class A2 USD
LU0171283459;A0BL2G;FONDS;Nein;BlackRock Global Funds - Global Allocation Fund Class A2 EUR
LU0171284937;A0BMAZ;FONDS;Nein;BlackRock Global Funds - Global High Yield Bond Fund Class A2 USD
LU0171285314;A0BMA0;FONDS;Nein;BlackRock Global Funds - Global Long-Horizon Equity Fund Class A2 EUR
LU0171288334;A0BMA1;FONDS;Nein;BlackRock Global Funds - Systematic Global SmallCap Fund Class A2 EUR
LU0171289068;A0BMA2;FONDS;Nein;BlackRock Global Funds - Japan Small & MidCap Opportunities Fund Class A2 EUR
LU0171289498;A0BMA3;FONDS;Nein;BlackRock Global Funds - Latin American Fund Class A2 EUR
LU0171289738;A0BL3Z;FONDS;Nein;BlackRock Global Funds - Latin American Fund Class A2 GBP
LU0171289902;A0BL87;FONDS;Nein;BlackRock Global Funds - Sustainable Energy Fund Class A2 EUR
LU0171293177;A0BMAG;FONDS;Nein;BlackRock Global Funds - United Kingdom Fund Class A2 EUR
LU0171293334;A0BMAH;FONDS;Nein;BlackRock Global Funds - United Kingdom Fund Class A2 USD
LU0171293920;A0BL2J;FONDS;Nein;BlackRock Global Funds - US Basic Value Fund Class A2 EUR
LU0171296865;A0BL32;FONDS;Nein;BlackRock Global Funds - US Flexible Equity Fund Class A2 EUR
LU0171298135;A0BL2F;FONDS;Nein;BlackRock Global Funds - US Growth Fund Class A2 EUR
LU0171298648;A0BL2K;FONDS;Nein;BlackRock Global Funds - US Small & MidCap Opportunities Fund Class A2 EUR
LU0171301533;A0BMA5;FONDS;Nein;BlackRock Global Funds - World Energy Fund Class A2 EUR
LU0171304719;A0BL2N;FONDS;Nein;BlackRock Global Funds - World Financials Fund Class A2 EUR
LU0171305526;A0BMAL;FONDS;Nein;BlackRock Global Funds - World Gold Fund Class A2 EUR
LU0171307068;A0BL36;FONDS;Nein;BlackRock Global Funds - World Healthscience Fund Class A2 EUR
LU0171310443;A0BMAN;FONDS;Ja;BlackRock Global Funds - World Technology Fund Class A2 EUR
LU0172069584;121537;FONDS;Nein;UBS (Lux) Bond SICAV - USD Corporates (USD) P-acc
LU0172157280;A0BMAR;FONDS;Nein;BlackRock Global Funds - World Mining Fund Class A2 EUR
LU0172394222;120625;FONDS;Nein;BlackRock Global Funds - Euro Corporate Bond Fund Class A3 EUR
LU0173614495;A0CA6V;FONDS;Nein;Fidelity Funds - China Focus Fund A-USD
LU0173781559;358495;FONDS;Nein;Nordea 1 - Norwegian Bond Fund - BP - EUR
LU0173782102;358450;FONDS;Nein;Nordea 1 - Asia ex Japan Equity Fund - BP - EUR
LU0173783928;358442;FONDS;Nein;Nordea 1 - European Corporate Bond Fund - BP - EUR
LU0173784223;358491;FONDS;Nein;Nordea 1 - Norwegian Equity Fund - BP - EUR
LU0173785626;358464;FONDS;Nein;Nordea 1 - Swedish Short-Term Bond Fund - BP - EUR
LU0173786863;358484;FONDS;Nein;Nordea 1 - Norwegian Short-Term Bond Fund - BP - EUR
LU0175139822;A0DK7R;FONDS;Nein;AB FCP I - Global Equity Blend Portfolio A
LU0177592218;256777;FONDS;Nein;Schroder International Selection Fund - Emerging Markets Debt Absolute Return A accumulating
LU0178431259;592694;FONDS;Nein;Allianz Global Investors Fund - Allianz Treasury Short Term PlUS Euro A (EUR)
LU0178439310;592728;FONDS;Nein;Allianz Global Investors Fund - Allianz Best Styles Euroland Equity AT (EUR)
LU0179077945;593117;FONDS;Nein;ME Fonds - PERGAMON Standard
LU0179106983;593125;FONDS;Nein;GS&P Fonds - Family Business R
LU0179219752;727462;FONDS;Nein;DWS Invest - DWS Invest Convertibles LC
LU0179866354;728500;FONDS;Nein;AXA World Funds - Optimal Income A Distribution gr EUR pf
LU0179866438;728501;FONDS;Nein;AXA World Funds - Optimal Income A Capitalisation EUR pf
LU0180781048;A0BLJB;FONDS;Nein;Schroder International Selection Fund - Global Inflation Linked Bond A
LU0180781121;A0BMB5;FONDS;Nein;Schroder International Selection Fund - Global Inflation Linked Bond B accumulating
LU0181454132;A0BKM9;FONDS;Nein;WALSER Portfolio German Select R
LU0181495838;A0BMNX;FONDS;Nein;Schroder International Selection Fund - Emerging Asia A accumulating
LU0181495911;A0BMNY;FONDS;Nein;Schroder International Selection Fund - Emerging Asia B accumulating
LU0181496059;A0BMNZ;FONDS;Nein;Schroder International Selection Fund - Emerging Asia C accumulating
LU0181496216;A0BMN0;FONDS;Nein;Schroder International Selection Fund - Emerging Asia A1 accumulating
LU0184061520;A0B8YX;FONDS;Nein;AXA World Funds II - Evolving Trends Equities A Capitalisation USD
LU0184630167;A0B8Y5;FONDS;Nein;AXA World Funds - Global High Yield Bonds A Capitalisation USD
LU0184630837;A0B8Y6;FONDS;Nein;AXA World Funds - Global High Yield Bonds A Distribution USD
LU0184696937;A0BL4P;FONDS;Nein;BlackRock Global Funds - World Bond Fund Class A2 USD
LU0185172052;A0BLYJ;FONDS;Nein;DWS Concept DJE Responsible Invest LD
LU0187076913;A0CATR;FONDS;Nein;Robeco Capital Growth Funds - Robeco Emerging Markets Equities D EUR
LU0187077218;A0CATQ;FONDS;Nein;Robeco Capital Growth Funds - Robeco Sustainable European Stars Equities D EUR
LU0187077309;A0CA01;FONDS;Nein;Robeco Capital Growth Funds - Robeco Chinese Equities D EUR
LU0187077481;A0CA0S;FONDS;Nein;Robeco Capital Growth Funds - Robeco New World Financials D EUR
LU0187079180;A0CA0U;FONDS;Nein;Robeco Capital Growth Funds - Robeco Sustainable Property Equities D EUR
LU0187121727;A0B9MD;FONDS;Nein;Fidelity Funds - American Diversified Fund A-USD
LU0188151095;A0B9EH;FONDS;Nein;Franklin Templeton Investment Funds - Templeton European Small-Mid Cap Fund N (acc) EUR
LU0188151178;A0B9J7;FONDS;Nein;Franklin Templeton Investment Funds - Templeton China Fund N (acc) USD
LU0188151921;A0B9KD;FONDS;Nein;Franklin Templeton Investment Funds - Templeton Emerging Markets Fund N (acc) EUR
LU0188152069;A0B9KE;FONDS;Nein;Franklin Templeton Investment Funds - Templeton Growth (Euro) Fund A (Ydis) EUR
LU0188157704;A0B9ER;FONDS;Nein;DWS Funds - DWS Funds Global Protect 80
LU0188438112;A0B8MH;FONDS;Nein;Schroder International Selection Fund - Asian Equity Yield A accumulating
LU0188499254;A0B6MU;FONDS;Nein;Pictet - Emerging Markets Index P USD
LU0188501257;A0B6PQ;FONDS;Nein;Pictet - Health P USD
LU0189893794;A0CAME;FONDS;Nein;Schroder International Selection Fund - Global High Yield C accumulating
LU0189894842;A0CAMH;FONDS;Nein;Schroder International Selection Fund - Global High Yield A accumulating
LU0190161025;A0B6Q2;FONDS;Nein;Pictet - Biotech HP EUR
LU0191612000;A0CATJ;FONDS;Nein;Schroder International Selection Fund - European Value A distributing
LU0191701282;A0CATN;FONDS;Nein;RB LuxTopic - RB LuxTopic - Flex - A
LU0192223062;A0ERY9;ETF;Nein;BNP PARIBAS EASY - FTSE EPRA/NAREIT EUROZONE CAPPED UCITS ETF QD DISTRIBUTION
LU0192582467;A0B8MF;FONDS;Nein;Schroder International Selection Fund - Asian Equity Yield A distributing
LU0194438338;A0B5UY;FONDS;Nein;BNP Paribas Funds - Japan Equity Classic H EUR CAPITALISATION
LU0194779913;A0B6Q9;FONDS;Nein;Invesco Funds SICAV - Invesco Pan European Structured Responsible Equity Fund Class A accumulation - EUR
LU0195953822;A0B6ZK;FONDS;Nein;Franklin Templeton Investment Funds - Templeton Global Balanced Fund A (acc) EUR
LU0196696453;A0DJ0P;FONDS;Nein;HSBC Global Investment Funds - HSBC GLOBAL INVESTMENT FUNDS - BRAZIL EQUITY AC
LU0196696701;A0DNSL;FONDS;Nein;HSBC Global Investment Funds - HSBC GLOBAL INVESTMENT FUNDS - BRAZIL EQUITY AD
LU0197229882;A0B8SP;FONDS;Nein;Fidelity Funds - India Focus Fund A-USD
LU0197230542;A0B8SR;FONDS;Nein;Fidelity Funds - India Focus Fund A-Euro
LU0197773160;A0DPVD;FONDS;Nein;HSBC Global Investment Funds - HSBC GLOBAL INVESTMENT FUNDS - ASIA PACIFIC EX JAPAN EQUITY HIGH DIVIDEND AC
LU0197773673;A0DP5K;FONDS;Nein;HSBC Global Investment Funds - HSBC GLOBAL INVESTMENT FUNDS - ASIA PACIFIC EX JAPAN EQUITY HIGH DIVIDEND AS
LU0198727850;A0DN5R;FONDS;Nein;Threadneedle (Lux) - Global Dynamic Real Return - AEH - EUR
LU0198728585;A0DPBA;FONDS;Nein;Threadneedle (Lux) - Global Focus - AEH - EUR
LU0198731290;A0DPBK;FONDS;Nein;Threadneedle (Lux) - American - AEH - EUR
LU0198837287;A0DKAR;FONDS;Nein;UBS (Lux) Equity SICAV - USA Growth (USD) P-acc
LU0198839143;A0DKM4;FONDS;Nein;UBS (Lux) Equity SICAV - Small Caps Europe (EUR) P-acc
LU0198959040;A0B7UM;FONDS;Nein;DWS ESG Multi Asset Dynamic FD
LU0199670695;A0DKQ9;FONDS;Nein;Multipartner SICAV - CEAMS Quality USA Equity Fund B acc
LU0199880310;A0DM58;FONDS;Nein;Schroder International Selection Fund - Greater China A distributing
LU0200076213;A0DNEW;FONDS;Nein;Janus Henderson Fund - Janus Henderson Global Equity Fund A€ Acc
LU0200076999;A0DNEY;FONDS;Nein;Janus Henderson Fund - Janus Henderson Global Equity Fund A$ Acc
LU0200077294;A0DNEZ;FONDS;Nein;Janus Henderson Fund - Janus Henderson Global Equity Fund R£ Acc
LU0200083342;A0DNFC;FONDS;Nein;Janus Henderson Fund - Janus Henderson Absolute Return Fund A£ Acc
LU0200680600;A0DKRQ;FONDS;Nein;BlackRock Global Funds - Emerging Markets Bond Fund Class A2 USD
LU0200683885;A0DKR0;FONDS;Nein;BlackRock Global Funds - Emerging Markets Bond Fund Class A2 EUR
LU0200684693;A0DKR7;FONDS;Nein;BlackRock Global Funds - US Flexible Equity Fund Class A2 Hedged EUR
LU0200685153;A0DKSB;FONDS;Nein;BlackRock Global Funds - US Basic Value Fund Class A2 Hedged EUR
LU0201071890;A0DLKB;FONDS;Nein;Janus Henderson Fund - Janus Henderson Continental European Fund A€ Acc
LU0201073169;A0DM8A;FONDS;Nein;Janus Henderson Fund - Janus Henderson Emerging Markets Fund A$ Acc
LU0201075453;A0DNE8;FONDS;Nein;Janus Henderson Fund - Janus Henderson Pan European Fund A€ Acc
LU0201078713;A0DNFA;FONDS;Nein;Janus Henderson Fund - Janus Henderson Pan European Smaller Companies Fund A€ Acc
LU0201322137;A0DKU3;FONDS;Nein;Schroder International Selection Fund - Strategic Bond A accumulating
LU0201323531;A0DKU8;FONDS;Nein;Schroder International Selection Fund - Strategic Bond A accumulating
LU0201575346;A0DNS3;FONDS;Nein;AMUNDI FUNDS - AMUNDI FUNDS LATIN AMERICA EQUITY - A USD (C)
LU0201602173;A0DNS2;FONDS;Nein;AMUNDI FUNDS - AMUNDI FUNDS LATIN AMERICA EQUITY - A USD AD (D)
LU0202403266;A0JDV9;FONDS;Nein;Fidelity Active STrategy - Europe Fund A-ACC-Euro
LU0203345920;A0DM6R;FONDS;Nein;Schroder International Selection Fund - QEP Global Active Value A accumulating
LU0203346738;A0DM6U;FONDS;Nein;Schroder International Selection Fund - QEP Global Active Value A1 accumulating
LU0203347892;A0DM6W;FONDS;Nein;Schroder International Selection Fund - QEP Global Active Value A distributing
LU0203365449;A0DK5H;FONDS;Nein;Goldman Sachs Funds SICAV - Goldman Sachs Global CORE Equity Portfolio Base Shares (Snap)
LU0203975197;A0NHBJ;FONDS;Nein;Robeco Capital Growth Funds - Robeco BP Global Premium Equities B EUR
LU0203975437;A0DLK6;FONDS;Nein;Robeco Capital Growth Funds - Robeco BP Global Premium Equities D EUR
LU0204064025;A0F7AQ;FONDS;Nein;BlackRock Global Funds - United Kingdom Fund Class A4 GBP
LU0205350837;A0EQ3V;FONDS;Nein;NN (L) European High Dividend - P Cap EUR
LU0205439572;A0JDW5;FONDS;Nein;Fidelity Funds - Asia Pacific Dividend Fund A-USD
LU0208341965;A0DQU0;FONDS;Nein;Swisscanto (LU) Portfolio Fund - Swisscanto (LU) Portfolio Fund Sustainable Balanced (EUR) AA
LU0208604644;A0LCT4;FONDS;Nein;Pictet - Europe Index P dy EUR
LU0208607746;A0MQMS;FONDS;Nein;Pictet - Family P dy EUR
LU0208609015;A0LFWN;FONDS;Nein;Pictet - Quest Europe Sustainable Equities P dy EUR
LU0208610294;A0LFWM;FONDS;Nein;Pictet - Water P dy EUR
LU0208610534;A0MQMM;FONDS;Nein;Pictet - Indian Equities P dy USD
LU0208853274;A0DPLL;FONDS;Nein;JPMorgan Funds - JPM Global Natural Resources A (acc) - EUR
LU0208853514;A0DPLM;FONDS;Nein;JPMorgan Funds - JPM Global Natural Resources A (dist) - EUR
LU0209095446;A0DPHJ;FONDS;Nein;AMUNDI TOTAL RETURN - A (C)
LU0209137206;A0DPM2;FONDS;Nein;Janus Henderson Horizon Fund - Janus Henderson Horizon Global Property Equities Fund A3q USD
LU0209137388;A0DPM3;FONDS;Nein;Janus Henderson Horizon Fund - Janus Henderson Horizon Global Property Equities Fund A2 USD
LU0209156925;A0DPM6;FONDS;Nein;Janus Henderson Horizon Fund - Janus Henderson Horizon Pan European Property Equities Fund A3 EUR
LU0209158467;A0DPTJ;FONDS;Nein;Janus Henderson Horizon Fund - Janus Henderson Horizon Global Technology Leaders Fund A1 USD
LU0210072939;A0DQBY;FONDS;Nein;JPMorgan Funds - JPM Europe Dynamic Small Cap A (perf) (acc) - EUR
LU0210526637;A0DQHV;FONDS;Nein;JPMorgan Funds - JPM China A (acc) - USD
LU0210526801;A0DQQL;FONDS;Nein;JPMorgan Funds - JPM Greater China A (acc) - USD
LU0210527015;A0DQQN;FONDS;Nein;JPMorgan Funds - JPM India A (acc) - USD
LU0210528096;A0DQQV;FONDS;Nein;JPMorgan Funds - JPM Pacific Equity A (acc) - USD
LU0210529490;A0DQHZ;FONDS;Nein;JPMorgan Funds - JPM Euroland Equity A (acc) - EUR
LU0210529656;A0DQHY;FONDS;Nein;JPMorgan Funds - JPM Emerging Markets Equity A (acc) - USD
LU0210530662;A0DQH1;FONDS;Nein;JPMorgan Funds - JPM Europe Dynamic A (acc) - EUR
LU0210530746;A0DQH2;FONDS;Nein;JPMorgan Funds - JPM Europe Equity A (acc) - EUR
LU0210531637;A0DQH3;FONDS;Nein;JPMorgan Funds - JPM Europe Small Cap A (acc) - EUR
LU0210531801;A0DQH4;FONDS;Nein;JPMorgan Funds - JPM Europe Strategic Growth A (acc) - EUR
LU0210531983;A0DQH5;FONDS;Nein;JPMorgan Funds - JPM Europe Strategic Value A (acc) - EUR
LU0210532015;A0DQH6;FONDS;Nein;JPMorgan Funds - JPM Europe Dynamic Technologies A (acc) - EUR
LU0210532528;A0DQQ9;FONDS;Nein;JPMorgan Funds - JPM Emerging Markets Debt A (acc) - EUR (hedged)
LU0210534227;A0DQQJ;FONDS;Nein;JPMorgan Funds - JPM Global Focus A (acc) - EUR
LU0210534813;A0DQQK;FONDS;Nein;JPMorgan Funds - JPM Global Socially Responsible A (acc) - USD
LU0210535034;A0DQQT;FONDS;Nein;JPMorgan Funds - JPM Latin America Equity A (acc) - USD
LU0210635255;A0HGY7;FONDS;Nein;HSBC Global Investment Funds - HSBC GLOBAL INVESTMENT FUNDS - ASIAN CURRENCIES BOND AD
LU0210636733;A0D8GA;FONDS;Nein;HSBC Global Investment Funds - HSBC GLOBAL INVESTMENT FUNDS - THAI EQUITY AC
LU0210637038;A0D8GB;FONDS;Nein;HSBC Global Investment Funds - HSBC GLOBAL INVESTMENT FUNDS - THAI EQUITY AD
LU0210855028;A0DQTL;FONDS;Nein;Janus Henderson Fund - Janus Henderson Continental European Fund A€ Dist
LU0210856778;A0DQTW;FONDS;Nein;Janus Henderson Fund - Janus Henderson Pan European Smaller Companies Fund A€ Dist
LU0211326755;A0DQXC;FONDS;Nein;Franklin Templeton Investment Funds - Templeton Global Income Fund A (acc) USD
LU0211326839;A0DQXE;FONDS;Nein;Franklin Templeton Investment Funds - Templeton Global Income Fund A (Qdis) USD
LU0211331839;A0DQXV;FONDS;Nein;Franklin Templeton Investment Funds - Franklin Mutual Global Discovery Fund A (acc) USD
LU0211332563;A0DQXD;FONDS;Nein;Franklin Templeton Investment Funds - Templeton Global Income Fund A (acc) EUR
LU0211332647;A0DQXM;FONDS;Nein;Franklin Templeton Investment Funds - Templeton Global Equity Income Fund A (acc) EUR
LU0211333025;A0DQXW;FONDS;Nein;Franklin Templeton Investment Funds - Franklin Mutual Global Discovery Fund A (acc) EUR
LU0211339816;A0D9HV;FONDS;Nein;BL - BL-Global Flexible EUR - A distributing
LU0211340665;A0D9HW;FONDS;Nein;BL - BL-Global Flexible EUR - B accumulating
LU0212178676;A0MY3X;FONDS;Nein;BNP Paribas Funds - Europe Small Cap Classic DISTRIBUTION
LU0212178916;A0MY3W;FONDS;Nein;BNP Paribas Funds - Europe Small Cap Classic CAPITALISATION
LU0212851702;A0EAGX;FONDS;Nein;HSBC Global Investment Funds - HSBC GLOBAL INVESTMENT FUNDS - ASIA EX JAPAN EQUITY ACOEUR
LU0212851884;A0EAGY;FONDS;Nein;HSBC Global Investment Funds - HSBC GLOBAL INVESTMENT FUNDS - ASIA EX JAPAN EQUITY ADOEUR
LU0212924517;A0D9QF;FONDS;Nein;BlackRock Global Funds - Japan Flexible Equity Fund Class A2 USD
LU0212925753;A0D9QB;FONDS;Nein;BlackRock Global Funds - Global Allocation Fund Class A2 Hedged EUR
LU0213336463;A0D8RD;FONDS;Nein;BlackRock Global Funds - US Basic Value Fund Class A4 EUR
LU0213961682;A0D9FL;FONDS;Nein;HSBC Global Investment Funds - HSBC GLOBAL INVESTMENT FUNDS - TURKEY EQUITY AC
LU0213961765;A0D9FM;FONDS;Nein;HSBC Global Investment Funds - HSBC GLOBAL INVESTMENT FUNDS - TURKEY EQUITY AD
LU0214494824;A0EQZV;FONDS;Nein;NN (L) US High Dividend - P Cap USD
LU0215105999;A0ERHV;FONDS;Nein;Schroder International Selection Fund - Global Equity A accumulating
LU0215158840;A0EAD2;FONDS;Nein;Fidelity Funds - Fidelity Target™ 2025 (Euro) Fund A-Euro
LU0215159145;A0EAD3;FONDS;Nein;Fidelity Funds - Fidelity Target™ 2030 (Euro) Fund A-Euro
LU0215933978;A0D9KC;FONDS;Nein;PRIMA - Globale Werte A
LU0216092006;A0D9KW;FONDS;Nein;GS&P Fonds - Deutsche Aktien Total Return I
LU0216734045;A0F68N;FONDS;Nein;AXA World Funds - Framlington Europe Real Estate Securities A Capitalisation EUR
LU0216734805;A0F68P;FONDS;Nein;AXA World Funds - Framlington Europe Real Estate Securities A Distribution EUR
LU0217139020;A0ET47;FONDS;Nein;Pictet - Premium Brands P EUR
LU0217390573;A0F6XG;FONDS;Nein;JPMorgan Funds - JPM Pacific Equity A (acc) - EUR
LU0217390656;A0HG3C;FONDS;Nein;JPMorgan Funds - JPM Pacific Equity D (acc) - EUR
LU0217576759;A0F6XF;FONDS;Nein;JPMorgan Funds - JPM Emerging Markets Equity A (acc) - EUR
LU0218910023;A0EQVB;FONDS;Nein;Vontobel Fund - Global Equity A
LU0218910536;A0EQVC;FONDS;Nein;Vontobel Fund - Global Equity B
LU0218911690;A0EQVD;FONDS;Nein;Vontobel Fund - Global Equity H (hedged)
LU0218912151;A0EQYN;FONDS;Nein;Vontobel Fund - US Equity H (hedged)
LU0218912235;A0EQYP;FONDS;Nein;Vontobel Fund - Emerging Markets Equity H (hedged)
LU0219418679;A0ESBD;FONDS;Nein;MFS Meridian Funds - Asia Ex-Japan A1EUR
LU0219418836;A0ESBL;FONDS;Nein;MFS Meridian Funds - Global Total Return A1EUR
LU0219418919;A0ESBY;FONDS;Nein;MFS Meridian Funds - Global Concentrated A1EUR
LU0219419214;A0F4WR;FONDS;Nein;MFS Meridian Funds - Continental European Equity A1EUR
LU0219422606;A0F4W2;FONDS;Nein;MFS Meridian Funds - Emerging Markets Debt A1EUR
LU0219423836;A0F4XF;FONDS;Nein;MFS Meridian Funds - Emerging Markets Equity A1EUR
LU0219440335;A0ESAD;FONDS;Nein;MFS Meridian Funds - European Research A1USD
LU0219440764;A0ESAU;FONDS;Nein;MFS Meridian Funds - European Value A1USD
LU0219441069;A0ESAZ;FONDS;Nein;MFS Meridian Funds - Global Equity A1USD
LU0219441143;A0ESA4;FONDS;Nein;MFS Meridian Funds - Global Research Focused A1USD
LU0219441226;A0ESBC;FONDS;Nein;MFS Meridian Funds - Asia Ex-Japan A1USD
LU0219441499;A0ESBK;FONDS;Nein;MFS Meridian Funds - Global Total Return A1USD
LU0219441572;A0ESBX;FONDS;Nein;MFS Meridian Funds - Global Concentrated A1USD
LU0219441739;A0F4WE;FONDS;Nein;MFS Meridian Funds - Continental European Equity A1USD
LU0219442547;A0F4WG;FONDS;Nein;MFS Meridian Funds - U.S. Government Bond A1USD
LU0220663669;A0EQ6Y;FONDS;Nein;apo Medical Opportunities R
LU0223332320;A0HF3P;FONDS;Nein;Multipartner SICAV - Konwave Gold Equity Fund B acc
LU0224105477;A0F42G;FONDS;Ja;BlackRock Global Funds - Continental European Flexible Fund Class A2 EUR
LU0224473941;A0F416;FONDS;Nein;Allianz Stiftungsfonds Nachhaltigkeit A EUR
LU0224509132;A0F5EU;FONDS;Nein;Schroder International Selection Fund - Global Cities A accumulating
LU0224733013;A0ETTT;FONDS;Nein;JPMorgan Funds - JPM Asia Growth A (dist) - USD
LU0224902659;A0ETQM;FONDS;Nein;DWS Institutional - DWS Institutional Pension Flex Yield
LU0225284248;A0F5AP;FONDS;Nein;Schroder International Selection Fund - Global Equity Yield A accumulating
LU0225737302;A0HG5T;FONDS;Nein;Morgan Stanley Investment Funds - US Advantage Fund - A accumulating
LU0225771236;A0F5AL;FONDS;Nein;Schroder International Selection Fund - Global Equity Yield A distributing
LU0225880524;A0F426;FONDS;Nein;DWS ESG Euro Money Market Fund
LU0226794815;A0F5MH;FONDS;Nein;Baloise Fund Invest (Lux) - BFI Equity Fund (EUR) R
LU0226953718;A0F61P;FONDS;Nein;Robeco Capital Growth Funds - Robeco BP US Premium Equities D USD
LU0226953981;A0HGD6;FONDS;Nein;Robeco Capital Growth Funds - Robeco European High Yield Bonds DH EUR
LU0227179875;A0F6G9;FONDS;Nein;Schroder International Selection Fund - Asian Smaller Companies A accumulating
LU0227384020;A0HF3W;FONDS;Nein;Nordea 1 - Stable Return Fund - BP - EUR
LU0228344361;A0F69B;FONDS;Nein;MEDICAL - MEDICAL BioHealth EUR H
LU0228659784;A0HG8K;FONDS;Nein;Schroder International Selection Fund - BRIC (Brazil Russia India China) A accumulating
LU0228660014;A0HG8N;FONDS;Nein;Schroder International Selection Fund - BRIC (Brazil Russia India China) C accumulating
LU0229084990;A0J2YD;FONDS;Nein;BlackRock Global Funds - European Focus Fund Class A2 EUR
LU0229494975;A0F6DP;FONDS;Nein;Janus Henderson Horizon Fund - Janus Henderson Horizon Asia-Pacific Property Income Fund A2 USD
LU0229773345;A0F6ES;FONDS;Nein;JSS Investmentfonds SICAV - JSS Sustainable Equity - Global Thematic P EUR dist
LU0229938955;A0F6WG;FONDS;Nein;Franklin Templeton Investment Funds - Franklin Mutual European Fund A (Ydis) EUR
LU0229939763;A0F6WL;FONDS;Nein;Franklin Templeton Investment Funds - Templeton Asian Growth Fund A (Ydis) EUR
LU0229940001;A0F6WM;FONDS;Nein;Franklin Templeton Investment Funds - Templeton Asian Growth Fund A (acc) EUR
LU0229940696;A0F6WQ;FONDS;Nein;Franklin Templeton Investment Funds - Templeton Eastern Europe Fund A (Ydis) EUR
LU0229941660;A0F6WT;FONDS;Nein;Franklin Templeton Investment Funds - Templeton Euroland Fund A (Ydis) EUR
LU0229943369;A0F6W2;FONDS;Nein;Franklin Templeton Investment Funds - Templeton Global Bond Fund A (Mdis) GBP
LU0229945570;A0F6YZ;FONDS;Nein;Franklin Templeton Investment Funds - Templeton BRIC Fund A (acc) USD
LU0229946628;A0F6Y4;FONDS;Nein;Franklin Templeton Investment Funds - Templeton BRIC Fund A (acc) EUR
LU0229946891;A0F6Y5;FONDS;Nein;Franklin Templeton Investment Funds - Templeton BRIC Fund N (acc) EUR
LU0229950067;A0F6ZA;FONDS;Nein;Franklin Templeton Investment Funds - Templeton Asian Bond Fund A (Mdis) USD
LU0229951891;A0F6ZG;FONDS;Nein;Franklin Templeton Investment Funds - Templeton Asian Bond Fund A (acc) EUR
LU0229952352;A0F6ZH;FONDS;Nein;Franklin Templeton Investment Funds - Templeton Asian Bond Fund N (acc) EUR
LU0230112046;A0MM86;FONDS;Nein;Swisscanto (LU) Equity Fund - Swisscanto (LU) Equity Fund Systematic Responsible Selection International AT
LU0230242504;A0HGD3;FONDS;Nein;Robeco (LU) Funds III - Robeco QI Long/Short Dynamic Duration DH EUR
LU0230817339;A0MKJ4;FONDS;Nein;T. Rowe Price Funds SICAV - Japanese Equity Fund - A
LU0231203729;A0HF36;FONDS;Nein;Franklin Templeton Investment Funds - Franklin India Fund A (acc) USD
LU0231204966;A0HF38;FONDS;Nein;Franklin Templeton Investment Funds - Franklin India Fund N (acc) USD
LU0231205187;A0HF4A;FONDS;Nein;Franklin Templeton Investment Funds - Franklin India Fund A (acc) EUR
LU0231205856;A0HF4C;FONDS;Nein;Franklin Templeton Investment Funds - Franklin India Fund N (acc) EUR
LU0231455378;A0HL28;FONDS;Nein;Aberdeen Standard SICAV I - Asia Pacific Equity Fund A Acc GBP
LU0231456343;A0HL3S;FONDS;Nein;Aberdeen Standard SICAV I - Emerging Markets Equity Fund A Acc GBP
LU0231457234;A0HMFL;FONDS;Nein;Aberdeen Standard SICAV I - Japanese Equity Fund A Acc GBP
LU0231457747;A0HMF2;FONDS;Nein;Aberdeen Standard SICAV I - Global Innovation Equity Fund A Acc GBP
LU0231459107;A0HMM3;FONDS;Nein;Aberdeen Standard SICAV I - Asian Smaller Companies Fund A Acc USD
LU0231459958;A0HMM5;FONDS;Nein;Aberdeen Standard SICAV I - Asian Smaller Companies Fund A Acc GBP
LU0231462077;A0HMTX;FONDS;Nein;Aberdeen Standard SICAV I - Indian Equity Fund A Acc GBP
LU0231476960;A0HL26;FONDS;Nein;Aberdeen Standard SICAV I - Asia Pacific Equity Fund A AInc USD
LU0231479394;A0HL3Q;FONDS;Nein;Aberdeen Standard SICAV I - Emerging Markets Equity Fund A AInc USD
LU0231483743;A0HMN2;FONDS;Nein;Aberdeen Standard SICAV I - All China Equity Fund A Acc USD
LU0231793349;A0HGAX;FONDS;Nein;Franklin Templeton Investment Funds - Templeton Eastern Europe Fund A (acc) USD
LU0232524495;A0JMH5;FONDS;Nein;AB SICAV I - American Growth Portfolio A
LU0232931963;A0HG8Q;FONDS;Nein;Schroder International Selection Fund - BRIC (Brazil Russia India China) A accumulating
LU0232932698;A0HG8R;FONDS;Nein;Schroder International Selection Fund - BRIC (Brazil Russia India China) B accumulating
LU0234570918;A0HNRC;FONDS;Nein;Goldman Sachs Funds SICAV - Goldman Sachs Global CORE Equity Portfolio Base Shares (Acc.) (Close)
LU0234571486;A0HNQQ;FONDS;Nein;Goldman Sachs Funds SICAV - Goldman Sachs Asia Equity Portfolio Base Shares (Acc.)
LU0234572377;A0HNPF;FONDS;Nein;Goldman Sachs Funds SICAV - Goldman Sachs Emerging Markets Equity Portfolio Base Shares (Acc.)
LU0234573003;A0HNN4;FONDS;Nein;Goldman Sachs Funds SICAV - Goldman Sachs Emerging Markets Debt Portfolio Base Shares (Acc.)
LU0234576444;A0HMPQ;FONDS;Nein;Goldman Sachs Funds SICAV - Goldman Sachs US Small Cap CORE Equity Portfolio Base Shares (Acc.) (Close)
LU0234585437;A0MU2P;FONDS;Nein;HSBC Global Investment Funds - HSBC GLOBAL INVESTMENT FUNDS - GLOBAL EMERGING MARKETS LOCAL DEBT AC
LU0234587219;A0HMRM;FONDS;Nein;Goldman Sachs Funds SICAV - Goldman Sachs US Equity Portfolio Base Shares
LU0234592995;A0MU2Q;FONDS;Nein;HSBC Global Investment Funds - HSBC GLOBAL INVESTMENT FUNDS - GLOBAL EMERGING MARKETS LOCAL DEBT AD
LU0234681749;A0HNN0;FONDS;Nein;Goldman Sachs Funds SICAV - Goldman Sachs Europe CORE Equity Portfolio Base Shares (Acc.)
LU0234759529;A0H0G1;FONDS;Nein;BMO Investments (Lux) I Fund - BMO Responsible Global Equity Fund A Inc EUR
LU0234926953;A0HGTM;FONDS;Nein;Franklin Templeton Investment Funds - Templeton Global Total Return Fund A (Mdis) EUR
LU0235150082;A0JK6L;FONDS;Nein;Capital International Fund - Capital Group Japan Equity Fund (LUX) B EUR
LU0235260006;A0HNMM;FONDS;Nein;Goldman Sachs Funds SICAV - Goldman Sachs Global CORE Equity Portfolio Base Shares (Close)
LU0235639324;A0HMAV;FONDS;Nein;JPMorgan Funds - JPM Japan Equity A (acc) - JPY
LU0235996351;A0JNG6;FONDS;Nein;UBS (Lux) Key Selection SICAV - Asian Equities (USD) P-acc
LU0238202427;A0H0V4;FONDS;Nein;Fidelity Funds - Sustainable Eurozone Equity Fund A-ACC-Euro
LU0238203821;A0H0V7;FONDS;Nein;Fidelity Funds - Emerging Market Debt Fund A-Euro
LU0238205289;A0H0V8;FONDS;Nein;Fidelity Funds - Emerging Market Debt Fund A-ACC-Euro
LU0238205446;A0H0V9;FONDS;Nein;Fidelity Funds - Emerging Market Debt Fund A-USD
LU0238205958;A0H0WA;FONDS;Nein;Fidelity Funds - Emerging Market Debt Fund A-ACC-USD
LU0238689110;A0H1ET;FONDS;Nein;BlackRock Global Funds - Global Dynamic Equity Fund Class A2 USD
LU0238689623;A0H1EW;FONDS;Nein;BlackRock Global Funds - Global Dynamic Equity Fund Class A2 EUR
LU0238690555;A0H1EZ;FONDS;Nein;BlackRock Global Funds - Global Dynamic Equity Fund Class A2 Hedged EUR
LU0239688517;A0Q7Y1;FONDS;Nein;Morgan Stanley Investment Funds - US Growth Fund - AX distributing
LU0240613025;A0M55G;FONDS;Nein;BlackRock Global Funds - Global Allocation Fund Class A4 Hedged EUR
LU0240877869;A0H06H;FONDS;Nein;Schroder International Selection Fund - Global Smaller Companies A accumulating
LU0241337616;A0H1HX;FONDS;Nein;SQUAD - GROWTH - A
LU0243957239;A0J20D;FONDS;Nein;Invesco Funds SICAV - Invesco Pan European High Income Fund Class A accumulation - EUR
LU0243957312;A0J20E;FONDS;Nein;Invesco Funds SICAV - Invesco Pan European High Income Fund Class A quarterly distribution - EUR
LU0243957668;A0J20F;FONDS;Nein;Invesco Funds SICAV - Invesco Pan European High Income Fund Class C accumulation - EUR
LU0243957825;A0J20H;FONDS;Nein;Invesco Funds SICAV - Invesco Euro Corporate Bond Fund Class A accumulation - EUR
LU0244270301;A0KFJH;FONDS;Nein;JPMorgan Funds - JPM US Value A (acc) - EUR (hedged)
LU0244354667;A0JDNN;FONDS;Nein;Schroder International Selection Fund - China Opportunities A accumulating
LU0245182059;A0LFUJ;FONDS;Nein;Goldman Sachs Funds SICAV - Goldman Sachs Global Small Cap CORE Equity Portfolio Class E Shares (Acc.) (Snap)
LU0245329841;A0MKUS;FONDS;Nein;Goldman Sachs Funds SICAV - Goldman Sachs Global Small Cap CORE Equity Portfolio Base Shares (Close)
LU0246035637;A0JJZV;FONDS;Nein;Schroder International Selection Fund - European Special Situations A accumulating
LU0246036106;A0JJZW;FONDS;Nein;Schroder International Selection Fund - European Special Situations B accumulating
LU0246274897;A0J24F;FONDS;Nein;UBS (Lux) Equity SICAV - Russia (USD) P-acc
LU0246601768;A0J220;FONDS;Nein;AB FCP I - Emerging Markets Debt Portfolio A2
LU0247050130;A0JEKR;FONDS;Nein;Lacuna Asia Pacific Health
LU0247985343;A0JKCH;FONDS;Nein;JPMorgan Investment Funds - JPM US Select Equity A (dist) - USD
LU0247987802;A0JJ5S;FONDS;Nein;JPMorgan Investment Funds - JPM Europe Strategic Dividend A (dist) - EUR
LU0247991317;A0JKCT;FONDS;Nein;JPMorgan Investment Funds - JPM Global Balanced A (dist) - EUR
LU0247991580;A0JKCV;FONDS;Nein;JPMorgan Investment Funds - JPM Global Macro Opportunities A (dist) - EUR
LU0247993289;A0JL7N;FONDS;Nein;JPMorgan Investment Funds - JPM Global High Yield Bond A (dist) - EUR (hedged)
LU0248172537;A0JJYS;FONDS;Nein;Schroder International Selection Fund - Emerging Asia A accumulating
LU0248173006;A0JJYT;FONDS;Nein;Schroder International Selection Fund - Emerging Asia B accumulating
LU0248174152;A0JJYV;FONDS;Nein;Schroder International Selection Fund - Emerging Asia A1 accumulating
LU0248176017;A0JJ02;FONDS;Nein;Schroder International Selection Fund - QEP Global Active Value A accumulating
LU0248178906;A0JJ0K;FONDS;Nein;Schroder International Selection Fund - BRIC (Brazil Russia India China) A1 accumulating
LU0248179623;A0JJ01;FONDS;Nein;Schroder International Selection Fund - Asian Opportunities A1 accumulating
LU0248181363;A0JJ0M;FONDS;Nein;Schroder International Selection Fund - Latin American A accumulating
LU0248183815;A0JJ0N;FONDS;Nein;Schroder International Selection Fund - Latin American B accumulating
LU0248183906;A0JJ0Z;FONDS;Nein;Schroder International Selection Fund - Asian Opportunities B accumulating
LU0248184466;A0JJ0X;FONDS;Nein;Schroder International Selection Fund - Asian Opportunities A accumulating
LU0248271941;A0JK53;FONDS;Nein;BlackRock Global Funds - India Fund Class A2 EUR
LU0248272758;A0JK52;FONDS;Nein;BlackRock Global Funds - India Fund Class A2 USD
LU0248702192;A0JMGA;FONDS;Nein;AMUNDI FUNDS - AMUNDI FUNDS JAPAN EQUITY VALUE - A2 JPY (C)
LU0249326488;A0JK68;ETF;Nein;Market Access Rogers International Commodity Index UCITS ETF
LU0249332452;A0KE4X;FONDS;Nein;BNP Paribas Funds - Global Inflation-Linked Bond Classic DISTRIBUTION
LU0249332619;A0KETP;FONDS;Nein;BNP Paribas Funds - Global Inflation-Linked Bond Classic CAPITALISATION
LU0249411835;A0J28Y;FONDS;Nein;BlackRock Global Funds - Japan Small & MidCap Opportunities Fund Class A2 JPY
LU0250158358;A0LG8Q;FONDS;Nein;NN (L) Global Equity Impact Opportunities - P Cap EUR
LU0250172185;A0LG6V;FONDS;Nein;NN (L) Global Real Estate - P Cap EUR
LU0251128657;A0J22H;FONDS;Nein;Fidelity Funds - Euro Blue Chip Fund A-ACC-Euro
LU0251129549;A0J22M;FONDS;Nein;Fidelity Funds - European Larger Companies Fund A-ACC-Euro
LU0251129895;A0J21X;FONDS;Nein;Fidelity Funds - Global Thematic Opportunities Fund A-ACC-Euro
LU0251130554;A0J22P;FONDS;Nein;Fidelity Funds - SMART Global Defensive Fund A-ACC-Euro
LU0251130638;A0J22J;FONDS;Nein;Fidelity Funds - Euro Bond Fund A-ACC-Euro
LU0251130802;A0J22L;FONDS;Nein;Fidelity Funds - European High Yield Fund A-ACC-Euro
LU0251131289;A0J213;FONDS;Nein;Fidelity Funds - Fidelity Target™ 2020 (Euro) Fund A-ACC-Euro
LU0251659180;A0JL00;FONDS;Nein;AXA World Funds - Euro 7-10 A Capitalisation EUR
LU0251659933;A0JL0T;FONDS;Nein;AXA World Funds - Euro Strategic Bonds A Distribution EUR
LU0251661087;A0JL03;FONDS;Nein;AXA World Funds - Euro 10 + LT A Capitalisation EUR
LU0251661913;A0JL0J;FONDS;Nein;AXA World Funds - Euro Credit Short Duration A Distribution EUR
LU0251853072;A0JMHJ;FONDS;Nein;AB SICAV I - International Health Care Portfolio A
LU0252218267;A0JMHT;FONDS;Nein;AB SICAV I - Sustainable Global Thematic Portfolio A
LU0252633754;LYX0AC;ETF;Ja;Amundi DAX III UCITS ETF Acc
LU0252634307;LYX0AD;ETF;Ja;Amundi LevDax Daily (2x) leveraged UCITS ETF Acc
LU0252652382;A0JMEN;FONDS;Nein;Franklin Templeton Investment Funds - Templeton Global Bond Fund A (acc) USD
LU0252970834;A0J2YE;FONDS;Nein;BlackRock Global Funds - European Focus Fund Class A2 USD
LU0254565053;A0JMLV;FONDS;Nein;PRIMA - Global Challenges A
LU0254836850;A0LE9R;FONDS;Nein;Robeco Capital Growth Funds - Robeco Emerging Stars Equities D EUR
LU0254981946;A0J3PB;FONDS;Nein;HSBC Global Investment Funds - HSBC GLOBAL INVESTMENT FUNDS - BRIC MARKETS EQUITY AC
LU0254982241;A0J3PA;FONDS;Nein;HSBC Global Investment Funds - HSBC GLOBAL INVESTMENT FUNDS - BRIC MARKETS EQUITY AD
LU0255399239;A0J281;FONDS;Nein;BlackRock Global Funds - Japan Flexible Equity Fund Class A2 Hedged EUR
LU0255399742;A0J28Z;FONDS;Nein;BlackRock Global Funds - Japan Small & MidCap Opportunities Fund Class A2 Hedged EUR
LU0255614140;A0J3WS;FONDS;Nein;Nordea 1 - Asia ex Japan Equity Fund - AP - EUR
LU0255620626;A0J3XB;FONDS;Nein;Nordea 1 - Danish Covered Bond Fund - AP - EUR
LU0255639139;A0J3XL;FONDS;Nein;Nordea 1 - Stable Return Fund - AP - EUR
LU0255640731;A0J3X4;FONDS;Nein;Nordea 1 - European High Yield Bond Fund - AP - EUR
LU0255797556;A0J3H6;FONDS;Nein;Pictet - Asian Local Currency Debt P USD
LU0255797630;A0LARZ;FONDS;Nein;Pictet - Asian Local Currency Debt P dy USD
LU0255798109;A0LARV;FONDS;Nein;Pictet - Emerging Local Currency Debt P USD
LU0255798281;A0LARW;FONDS;Nein;Pictet - Emerging Local Currency Debt P dy USD
LU0255977455;A0J4DP;FONDS;Nein;Pictet - Biotech P EUR
LU0255979071;A0J4DE;FONDS;Nein;Pictet - Indian Equities P EUR
LU0255980327;A0J4DS;FONDS;Nein;Pictet - Water P USD
LU0255980673;A0J4DT;FONDS;Nein;Pictet - Water R USD
LU0255980913;A0LCCQ;FONDS;Nein;Pictet - Euroland Index P EUR
LU0256063883;A0J2ZK;FONDS;Nein;GAM Multibond - Local Emerging Bond A dis hedged
LU0256064774;A0J2ZL;FONDS;Nein;GAM Multibond - Local Emerging Bond B acc hedged
LU0256331488;A0J29E;FONDS;Nein;Schroder International Selection Fund - Global Energy A accumulating
LU0256567925;A0J23B;FONDS;Nein;StarCapital Winbonds plus A - EUR
LU0256624742;A0J4TG;FONDS;Nein;SEB Fund 1 - SEB Asset Selection Fund C (EUR)
LU0256780106;A0NADC;FONDS;Nein;Candriam Equities L - Australia C EUR
LU0256839191;A0KDMT;FONDS;Nein;Allianz Global Investors Fund - Allianz Europe Equity Growth A (EUR)
LU0256839274;A0KDMU;FONDS;Nein;Allianz Global Investors Fund - Allianz Europe Equity Growth AT (EUR)
LU0256839944;A0KDND;FONDS;Nein;Allianz Global Investors Fund - Allianz Euroland Equity Growth A (EUR)
LU0256840447;A0KDNE;FONDS;Nein;Allianz Global Investors Fund - Allianz Euroland Equity Growth AT (EUR)
LU0256843979;A0KDQR;FONDS;Nein;Allianz Global Investors Fund - Allianz US Equity Fund A (EUR)
LU0256846139;A0LASD;FONDS;Nein;Pictet - Security P USD
LU0256846303;A0LASE;FONDS;Nein;Pictet - Security P dy USD
LU0256863902;A0KDQG;FONDS;Nein;Allianz Global Investors Fund - Allianz US Equity Fund AT (USD)
LU0260085492;A0J317;FONDS;Nein;The Jupiter Global Fund - Jupiter European Growth - L EUR Acc
LU0260464168;A0J4J5;FONDS;Nein;PTAM Defensiv Portfolio
LU0260861751;A0KECF;FONDS;Nein;Franklin Templeton Investment Funds - Franklin U.S. Opportunities Fund A (Ydis) EUR
LU0260862304;A0KECJ;FONDS;Nein;Franklin Templeton Investment Funds - Franklin India Fund A (Ydis) EUR
LU0260862726;A0KECM;FONDS;Nein;Franklin Templeton Investment Funds - Franklin Mutual Global Discovery Fund A (Ydis) EUR
LU0260863377;A0KECQ;FONDS;Nein;Franklin Templeton Investment Funds - Templeton Asian Bond Fund A (Mdis) EUR
LU0260864003;A0KECU;FONDS;Nein;Franklin Templeton Investment Funds - Templeton China Fund A (Ydis) EUR
LU0260865158;A0KEC0;FONDS;Nein;Franklin Templeton Investment Funds - Templeton Latin America Fund A (Ydis) EUR
LU0260870158;A0KEDE;FONDS;Ja;Franklin Templeton Investment Funds - Franklin Technology Fund A (acc) EUR
LU0260870406;A0KEDG;FONDS;Nein;Franklin Templeton Investment Funds - Templeton Asian Growth Fund N (acc) EUR
LU0260870588;A0KEDH;FONDS;Nein;Franklin Templeton Investment Funds - Templeton Global Bond Fund N (acc) EUR
LU0260870661;A0KEDJ;FONDS;Nein;Franklin Templeton Investment Funds - Templeton Global Total Return Fund A (acc) EUR
LU0260870745;A0KEDK;FONDS;Nein;Franklin Templeton Investment Funds - Templeton Global Total Return Fund N (acc) EUR
LU0261193329;A0RKPL;FONDS;Nein;Bantleon Select SICAV - Bantleon Yield PA
LU0261743842;A0KD8E;FONDS;Nein;Allianz FinanzPlan 2030 C EUR
LU0261945553;A0LFZN;FONDS;Nein;Fidelity Funds - ASEAN Fund A-ACC-USD
LU0261946445;A0LF07;FONDS;Nein;Fidelity Funds - Sustainable Asia Equity Fund A-ACC-Euro
LU0261947096;A0LF08;FONDS;Nein;Fidelity Funds - Sustainable Asia Equity Fund A-ACC-USD
LU0261947682;A0LGBC;FONDS;Nein;Fidelity Funds - US Dollar Bond Fund A-ACC-USD
LU0261948227;A0LF01;FONDS;Nein;Fidelity Funds - Germany Fund A-ACC-Euro
LU0261948904;A0LF04;FONDS;Nein;Fidelity Funds - Iberia Fund A-ACC-Euro
LU0261949381;A0LF06;FONDS;Nein;Fidelity Funds - Nordic Fund A-ACC-SEK
LU0261950041;A0LFZ8;FONDS;Nein;Fidelity Funds - Australia Fund A-ACC-AUD
LU0261950470;A0LFZ9;FONDS;Nein;Fidelity Funds - Emerging Markets Fund A-ACC-USD
LU0261950553;A0LF0A;FONDS;Nein;Fidelity Funds - European Multi Asset Income Fund A-ACC-Euro
LU0261950983;A0LFZ3;FONDS;Nein;Fidelity Funds - Asian Special Situations Fund A-ACC-USD
LU0261951528;A0LF0Y;FONDS;Nein;Fidelity Funds - European Smaller Companies Fund A-ACC-Euro
LU0261952419;A0LF03;FONDS;Nein;Fidelity Funds - Global Health Care Fund A-ACC-Euro
LU0261952922;A0LFZT;FONDS;Nein;Fidelity Funds - US Dollar Cash Fund A-ACC-USD
LU0261953490;A0LF0B;FONDS;Nein;Fidelity Funds - Euro Cash Fund A-ACC-Euro
LU0261953904;A0LGBB;FONDS;Nein;Fidelity Funds - US High Yield Fund A-ACC-Euro
LU0261959422;A0LF0X;FONDS;Nein;Fidelity Funds - European Dynamic Growth Fund A-ACC-Euro
LU0262418394;A0M26D;FONDS;Nein;Goldman Sachs Funds SICAV - Goldman Sachs Emerging Markets Debt Portfolio Base Shares (Acc.) (EUR-Hedged)
LU0263855479;A0KET4;FONDS;Nein;Partners Group Listed Investments SICAV - Listed Infrastructure EUR (P - Acc.)
LU0264410563;A0MNSV;FONDS;Nein;Schroder International Selection Fund - Indian Equity A accumulating
LU0264410720;A0MNSW;FONDS;Nein;Schroder International Selection Fund - Indian Equity B accumulating
LU0264597450;A0LA5Y;FONDS;Nein;Janus Henderson Horizon Fund - Janus Henderson Horizon Pan European Absolute Return Fund A1 EUR
LU0264597617;A0LA5Z;FONDS;Nein;Janus Henderson Horizon Fund - Janus Henderson Horizon Pan European Absolute Return Fund A2 EUR
LU0264605907;A0LA7Q;FONDS;Nein;Janus Henderson Horizon Fund - Janus Henderson Horizon Asian Dividend Income Fund A3q USD
LU0264606111;A0LA7R;FONDS;Nein;Janus Henderson Horizon Fund - Janus Henderson Horizon Asian Dividend Income Fund A2 USD
LU0264925727;A0LCMU;FONDS;Nein;Sparinvest SICAV - Global Investment Grade EUR R
LU0264979492;A0KE9P;FONDS;Nein;Salm - Salm Sustainability Convertible V EUR
LU0265266980;A0LFY2;FONDS;Nein;BNP Paribas Funds - Brazil Equity Classic CAPITALISATION
LU0265267285;A0LFY3;FONDS;Nein;BNP Paribas Funds - Brazil Equity Classic DISTRIBUTION
LU0265550359;A0LB65;FONDS;Nein;BlackRock Global Funds - Systematic Global Equity High Income Fund Class A2 USD
LU0265803667;A0KFA1;FONDS;Ja;STABILITAS - SILBER+WEISSMETALLE P
LU0266009793;A0MRVF;FONDS;Nein;AXA World Funds - Global Inflation Bonds A Capitalisation EUR
LU0266013126;A0MKS3;FONDS;Nein;AXA World Funds - Framlington Longevity Economy A Capitalisation EUR
LU0266115632;A0LAYY;FONDS;Nein;Morgan Stanley Investment Funds - Indian Equity Fund - A accumulating
LU0266117414;A0LA1C;FONDS;Nein;Morgan Stanley Investment Funds - US Growth Fund - AH (EUR) accumulating
LU0266512127;A0KDTD;FONDS;Nein;JPMorgan Funds - JPM Global Natural Resources A (acc) - USD
LU0267386521;A0LE0M;FONDS;Nein;Fidelity Funds - Global Multi Asset Growth & Income Fund A-USD
LU0267387503;A0LE0P;FONDS;Nein;Fidelity Funds - Global Multi Asset Growth & Income Fund A-Euro
LU0267387685;A0LE0N;FONDS;Nein;Fidelity Funds - Global Multi Asset Growth & Income Fund A-ACC-Euro
LU0267388220;A0NFGH;FONDS;Nein;Fidelity Funds - Euro Short Term Bond Fund A-ACC-Euro
LU0267983889;A0LF47;FONDS;Nein;Invesco Funds SICAV - Invesco India Equity Fund Class A annual distribution - USD
LU0267984937;A0LELN;FONDS;Nein;Invesco Funds SICAV - Invesco Sustainable Global Structured Equity Fund Class A annual distribution - USD
LU0267985231;A0LHL2;FONDS;Nein;Invesco Funds SICAV - Invesco Pan European Equity Fund Class A annual distribution - EUR
LU0269635834;A0LFAV;FONDS;Nein;Robeco Capital Growth Funds - Robeco Emerging Markets Equities D USD
LU0269666987;A0LBWC;FONDS;Nein;Franklin Templeton Investment Funds - Templeton Growth (Euro) Fund A (Ydis) USD
LU0269904917;A0LEGM;FONDS;Nein;Schroder International Selection Fund - Global Emerging Market Opportunities A accumulating
LU0269905138;A0LEGN;FONDS;Nein;Schroder International Selection Fund - Global Emerging Market Opportunities B accumulating
LU0270814014;A0NAVU;FONDS;Nein;Schroder International Selection Fund - Taiwanese Equity A accumulating
LU0270904781;A0LC44;FONDS;Nein;Pictet - Security P EUR
LU0271695388;A0MJ6G;FONDS;Nein;AMUNDI S.F. - AMUNDI S.F. - EUR COMMODITIES - A EUR (C)
LU0272941971;A0ML43;FONDS;Nein;AMUNDI FUNDS - AMUNDI FUNDS VOLATILITY EURO - A EUR (C)
LU0272942359;A0MLBE;FONDS;Nein;AMUNDI FUNDS - AMUNDI FUNDS VOLATILITY EURO - A EUR AD (D)
LU0273147594;DWS0BV;FONDS;Nein;DWS Invest - DWS Invest Global Agribusiness NC
LU0273157635;DWS0BJ;FONDS;Nein;DWS Invest - DWS Invest Chinese Equities LC
LU0273158872;DWS0BU;FONDS;Nein;DWS Invest - DWS Invest Global Agribusiness LC
LU0273159177;DWS0B1;FONDS;Nein;DWS Invest - DWS Invest Gold and Precious Metals Equities LC
LU0273164177;DWS0BN;FONDS;Nein;DWS Invest - DWS Invest Chinese Equities USD LC
LU0273164847;DWS0BX;FONDS;Nein;DWS Invest - DWS Invest Global Agribusiness USD LC
LU0273165570;DWS0B4;FONDS;Nein;DWS Invest - DWS Invest Gold and Precious Metals Equities USD LC
LU0273689645;A0ML9B;FONDS;Nein;NN (L) Emerging Markets Enhanced Index Sustainable Equity - P Cap EUR
LU0274208692;DBX1MW;ETF;Ja;Xtrackers MSCI World Swap UCITS ETF 1C
LU0274209237;DBX1ME;ETF;Ja;Xtrackers MSCI Europe UCITS ETF 1C
LU0274209740;DBX1MJ;ETF;Ja;Xtrackers MSCI Japan UCITS ETF 1C
LU0274210672;DBX1MU;ETF;Ja;Xtrackers MSCI USA Swap UCITS ETF 1C
LU0274211217;DBX1EU;ETF;Ja;Xtrackers Euro Stoxx 50 UCITS ETF 1D
LU0274211480;DBX1DA;ETF;Ja;Xtrackers DAX UCITS ETF 1C
LU0274212538;DBX1MB;ETF;Ja;Xtrackers FTSE MIB UCITS ETF 1D
LU0274221281;DBX1SM;ETF;Ja;Xtrackers Switzerland UCITS ETF 1D
LU0278457204;A0LG6X;FONDS;Nein;BlackRock Global Funds - Emerging Markets Local Currency Bond Fund Class A2 EUR
LU0278466700;A0MJTY;FONDS;Nein;BlackRock Global Funds - Fixed Income Global Opportunities Fund Class A2 USD
LU0278470058;A0LG65;FONDS;Nein;BlackRock Global Funds - Emerging Markets Local Currency Bond Fund Class A2 USD
LU0278527428;A0LGUG;FONDS;Nein;Nordea 1 - Nordic Equity Small Cap Fund - BP - EUR
LU0278529986;A0LGS7;FONDS;Nein;Nordea 1 - Global Stable Equity Fund - Euro Hedged - BP - EUR
LU0278531610;A0LGS0;FONDS;Nein;Nordea 1 - US High Yield Bond Fund - BP - USD
LU0278718100;A0MJQ0;FONDS;Nein;BlackRock Global Funds - Systematic Global Equity High Income Fund Class A2 Hedged EUR
LU0278932362;A0MUMS;FONDS;Nein;Aberdeen Standard SICAV I - Emerging Markets Smaller Companies Fund A Acc GBP
LU0278933410;A0MPGG;FONDS;Nein;Aberdeen Standard SICAV I - Japanese Smaller Companies Fund A Acc GBP
LU0278936439;A0MTAP;FONDS;Nein;Aberdeen Standard SICAV I - Japanese Smaller Companies Fund A Acc JPY
LU0278937759;A0MQN4;FONDS;Nein;Aberdeen Standard SICAV I - Emerging Markets Smaller Companies Fund A Acc USD
LU0279459456;A0MNPW;FONDS;Nein;Schroder International Selection Fund - Global Emerging Market Opportunities A accumulating
LU0279459704;A0MNPX;FONDS;Nein;Schroder International Selection Fund - Global Emerging Market Opportunities B accumulating
LU0279509144;A0LF5X;FONDS;Nein;Ethna-DEFENSIV T
LU0279509904;A0LF5Y;FONDS;Nein;Ethna-DEFENSIV A
LU0280430660;A0MRNV;FONDS;Nein;Pictet - Clean Energy P USD
LU0280430744;A0MRNU;FONDS;Nein;Pictet - Clean Energy P dy USD
LU0280435388;A0MQNA;FONDS;Nein;Pictet - Clean Energy P EUR
LU0280437673;A0ML2E;FONDS;Nein;Pictet - Emerging Local Currency Debt P EUR
LU0280778662;A0LGV7;FONDS;Nein;ELM KONZEPT
LU0282719219;A0MNG1;FONDS;Nein;Threadneedle (Lux) - Pan European Small Cap Opportunities - AE - EUR
LU0283739885;A0MUZ1;FONDS;Nein;HSBC Global Investment Funds - HSBC GLOBAL INVESTMENT FUNDS - GEM DEBT TOTAL RETURN M1C
LU0283740032;A0MUZ2;FONDS;Nein;HSBC Global Investment Funds - HSBC GLOBAL INVESTMENT FUNDS - GEM DEBT TOTAL RETURN M1D
LU0283900842;A0MMKS;FONDS;Nein;Fidelity Funds - European Multi Asset Income Fund E-ACC-Euro
LU0283901063;A0MM6G;FONDS;Nein;Fidelity Funds - Italy Fund E-ACC-Euro
LU0284394151;A0MMD2;FONDS;Nein;DNCA Invest - DNCA Invest - Eurose I/A (EUR)
LU0284394235;A0MMD3;FONDS;Nein;DNCA Invest - DNCA Invest - Eurose A/A (EUR)
LU0284394664;A0MMD5;FONDS;Nein;DNCA Invest - DNCA Invest - Evolutif A/A (EUR)
LU0286668966;A0MMKQ;FONDS;Nein;Fidelity Funds - Asian High Yield Fund A-ACC-Euro
LU0288759672;A0MLQE;FONDS;Nein;BS Best Strategies UL Fonds - Trend & Value EUR
LU0289089384;A0MNZ2;FONDS;Nein;JPMorgan Funds - JPM Europe Equity Plus A (perf) (acc) - EUR
LU0289228842;A0MNZ3;FONDS;Nein;JPMorgan Funds - JPM Europe Equity Plus A (perf) (dist) - EUR
LU0289470113;A0MNX5;FONDS;Nein;JPMorgan Investment Funds - JPM Income Opportunity A (perf) (acc) - EUR (hedged)
LU0290140358;A0ML6U;FONDS;Nein;STABILITAS - PACIFIC GOLD+METALS P
LU0290355717;DBX0AC;ETF;Ja;Xtrackers II Eurozone Government Bond UCITS ETF 1C
LU0290356871;DBX0AD;ETF;Ja;Xtrackers II Eurozone Government Bond 1-3 UCITS ETF 1C
LU0290356954;DBX0AE;ETF;Ja;Xtrackers II Eurozone Government Bond 3-5 UCITS ETF 1C
LU0290357176;DBX0AF;ETF;Ja;Xtrackers II Eurozone Government Bond 5-7 UCITS ETF 1C
LU0290357259;DBX0AG;ETF;Ja;Xtrackers II Eurozone Government Bond 7-10 UCITS ETF 1C
LU0290357507;DBX0AJ;ETF;Ja;Xtrackers II Eurozone Government Bond 15-30 UCITS ETF 1C
LU0290357846;DBX0AK;ETF;Ja;Xtrackers II Eurozone Government Bond 25+ UCITS ETF 1C
LU0290357929;DBX0AL;ETF;Ja;Xtrackers II Global Inflation-Linked Bond UCITS ETF 1C - EUR Hedged
LU0290358224;DBX0AM;ETF;Ja;Xtrackers II Eurozone Inflation-Linked Bond UCITS ETF 1C
LU0290358497;DBX0AN;ETF;Ja;Xtrackers II EUR Overnight Rate Swap UCITS ETF 1C
LU0292095535;DBX1D3;ETF;Ja;Xtrackers Euro Stoxx Quality Dividend UCITS ETF 1D
LU0292096186;DBX1DG;ETF;Ja;Xtrackers Stoxx Global Select Dividend 100 Swap UCITS ETF 1D
LU0292097234;DBX1F1;ETF;Ja;Xtrackers FTSE 100 Income UCITS ETF 1D
LU0292097317;DBX1F2;ETF;Ja;Xtrackers FTSE 250 UCITS ETF 1D
LU0292097747;DBX1FA;ETF;Ja;Xtrackers MSCI UK ESG UCITS ETF 1D
LU0292100046;DBX1K2;ETF;Ja;Xtrackers MSCI Korea UCITS ETF 1C
LU0292100806;DBX1SB;ETF;Ja;Xtrackers MSCI Europe Materials Screened UCITS ETF - 1C EUR ACC ETF
LU0292103222;DBX1SH;ETF;Ja;Xtrackers MSCI Europe Health Care Screened UCITS ETF - 1C EUR ACC ETF
LU0292103651;DBX1SF;ETF;Ja;Xtrackers MSCI Europe Financials Screened UCITS ETF - 1C EUR ACC ETF
LU0292104030;DBX1ST;ETF;Ja;Xtrackers MSCI Europe Communication Services Screened UCITS ETF - 1C EUR ACC ETF
LU0292104469;DBX1TE;ETF;Ja;Xtrackers MSCI Europe Information Technology Screened UCITS ETF - 1C EUR ACC ETF
LU0292104899;DBX1SU;ETF;Ja;Xtrackers MSCI Europe Utilities Screened UCITS ETF - 1C EUR ACC ETF
LU0292105359;DBX1FB;ETF;Ja;Xtrackers MSCI Europe Consumer Staples Screened UCITS ETF - 1C EUR ACC ETF
LU0292106084;DBX1F0;ETF;Ja;Xtrackers MSCI Europe Industrials Screened UCITS ETF - 1C EUR ACC ETF
LU0292106167;DBX1LC;ETF;Ja;Xtrackers Bloomberg Commodity ex-Agriculture & Livestock Swap UCITS ETF 1C - EUR Hedged
LU0292106241;DBX1DS;ETF;Ja;Xtrackers ShortDAX Daily Swap UCITS ETF 1C
LU0292106753;DBX1SS;ETF;Ja;Xtrackers Euro Stoxx 50 Short Daily Swap UCITS ETF 1C
LU0292107645;DBX1EM;ETF;Ja;Xtrackers MSCI Emerging Markets Swap UCITS ETF 1C
LU0292107991;DBX1MA;ETF;Ja;Xtrackers MSCI EM Asia Screened Swap UCITS ETF - 1C USD ACC ETF
LU0292108619;DBX1ML;ETF;Ja;Xtrackers MSCI EM Latin America ESG Swap UCITS ETF 1C
LU0292109005;DBX1EA;ETF;Ja;Xtrackers MSCI EM Europe, Middle East & Africa ESG Swap UCITS ETF 1C
LU0292109187;DBX1MT;ETF;Ja;Xtrackers MSCI Taiwan UCITS ETF 1C
LU0292109344;DBX1MR;ETF;Ja;Xtrackers MSCI Brazil UCITS ETF 1C
LU0292109690;DBX1NN;ETF;Ja;Xtrackers Nifty 50 Swap UCITS ETF 1C
LU0292109856;DBX1FX;ETF;Ja;Xtrackers FTSE China 50 UCITS ETF 1C
LU0292454872;A0MNV0;FONDS;Nein;JPMorgan Funds - JPM US Select Equity Plus A (acc) - USD
LU0292585626;A0MP9B;FONDS;Nein;AXA IM Fixed Income Investment Strategies - US Short Duration High Yield F Capitalisation EUR (Hedged)
LU0292586350;A0MP9C;FONDS;Nein;AXA IM Fixed Income Investment Strategies - US Short Duration High Yield F Distribution EUR (Hedged)
LU0293313671;A0MPEU;FONDS;Nein;Allianz Global Investors Fund - Allianz Gem Equity High Dividend CT (EUR)
LU0293315023;A0MPE7;FONDS;Nein;Allianz Global Investors Fund - Allianz Europe Small Cap Equity A (EUR)
LU0293315296;A0MPE8;FONDS;Nein;Allianz Global Investors Fund - Allianz Europe Small Cap Equity AT (EUR)
LU0293751276;A0MUP4;FONDS;Nein;BMO Investments (Lux) I Fund - BMO Global Convertible Bond Fund A Inc EUR Hedged
LU0294218382;A0MNNK;FONDS;Nein;Franklin Templeton Investment Funds - Franklin Mutual U.S. Value Fund N (acc) EUR-H1
LU0294219513;A0MNNL;FONDS;Nein;Franklin Templeton Investment Funds - Franklin Mutual Global Discovery Fund A (acc) EUR-H2
LU0294219869;A0MNNM;FONDS;Nein;Franklin Templeton Investment Funds - Templeton Global Bond Fund A (acc) EUR-H1
LU0294221097;A0MNNP;FONDS;Nein;Franklin Templeton Investment Funds - Templeton Global Total Return Fund A (acc) EUR-H1
LU0294221253;A0MNNQ;FONDS;Nein;Franklin Templeton Investment Funds - Templeton Global Total Return Fund N (acc) EUR-H1
LU0295585748;A0MN91;FONDS;Nein;Phaidros Funds - Balanced A
LU0296857971;A0MU7V;FONDS;Nein;Fidelity Funds - European Growth Fund A-ACC-Euro
LU0297942194;A0MUM5;FONDS;Nein;BlackRock Global Funds - Global Corporate Bond Fund Class A2 USD
LU0297942434;A0M573;FONDS;Nein;BlackRock Global Funds - Global Corporate Bond Fund Class A2 Hedged EUR
LU0297942863;A0MUK8;FONDS;Nein;BlackRock Global Funds - Global Government Bond Fund Class A2 Hedged EUR
LU0298627968;A0MQLL;FONDS;Nein;FBG Funds - FBG Funds - FBG 4Elements IA
LU0300357554;DWS0M3;FONDS;Nein;DWS Invest - DWS Invest Euro Corporate Bonds LC
LU0300357638;DWS0M4;FONDS;Nein;DWS Invest - DWS Invest Euro Corporate Bonds NC
LU0300631982;A0MR02;FONDS;Nein;NN (L) Emerging Markets High Dividend - P Cap EUR
LU0300634069;A0MR03;FONDS;Nein;NN (L) Emerging Markets High Dividend - P Dis EUR
LU0300738514;A0MR8K;FONDS;Nein;Franklin Templeton Investment Funds - Templeton Emerging Markets Smaller Companies Fund A (acc) USD
LU0300738605;A0MR8L;FONDS;Nein;Franklin Templeton Investment Funds - Templeton Emerging Markets Smaller Companies Fund A (Ydis) USD
LU0300739322;A0MR8N;FONDS;Nein;Franklin Templeton Investment Funds - Templeton Emerging Markets Smaller Companies Fund N (acc) USD
LU0300743431;A0MR8P;FONDS;Nein;Franklin Templeton Investment Funds - Templeton Emerging Markets Smaller Companies Fund A (acc) EUR
LU0300744835;A0MR7T;FONDS;Nein;Franklin Templeton Investment Funds - Franklin Euro High Yield Fund A (Mdis) EUR
LU0300745303;A0MR7X;FONDS;Nein;Franklin Templeton Investment Funds - Templeton Global Bond Fund A (Ydis) EUR
LU0300745725;A0MR7Z;FONDS;Nein;Franklin Templeton Investment Funds - Templeton Global Total Return Fund A (Ydis) EUR
LU0301152442;A0MX8G;FONDS;Ja;ÖkoWorld - ÖkoWorld Klima
LU0301634860;A0MVT9;FONDS;Nein;JPMorgan Funds - JPM Korea Equity A (acc) - USD
LU0301637293;A0MVUB;FONDS;Nein;JPMorgan Funds - JPM Korea Equity A (acc) - EUR
LU0302237721;A0M75N;FONDS;Nein;DNB Fund - India Retail A (EUR)
LU0302282867;A0M9V9;FONDS;Nein;Goldman Sachs Funds SICAV - Goldman Sachs Emerging Markets Debt Local Portfolio Base Shares (Acc.)
LU0302282941;A0M9WA;FONDS;Nein;Goldman Sachs Funds SICAV - Goldman Sachs Emerging Markets Debt Local Portfolio Class A Shares
LU0302296149;A0MWAL;FONDS;Ja;DNB Fund - Renewable Energy Retail A (EUR)
LU0302296495;A0MWAN;FONDS;Nein;DNB Fund - Technology Retail A (EUR)
LU0302445910;A0MSUM;FONDS;Ja;Schroder International Selection Fund - Global Climate Change Equity A accumulating
LU0302446645;A0MSUS;FONDS;Nein;Schroder International Selection Fund - Global Climate Change Equity A accumulating
LU0302976872;A0MSPX;FONDS;Nein;Swisscanto (LU) Equity Fund - Swisscanto (LU) Equity Fund Sustainable Global Water AT
LU0303816028;A0MWZL;FONDS;Nein;Fidelity Funds - Emerging Europe, Middle East and Africa Fund A-Euro
LU0303816705;A0MWZJ;FONDS;Nein;Fidelity Funds - Emerging Europe, Middle East and Africa Fund A-ACC-Euro
LU0303821028;A0MWZM;FONDS;Nein;Fidelity Funds - Emerging Europe, Middle East and Africa Fund A-USD
LU0303823156;A0MWZK;FONDS;Nein;Fidelity Funds - Emerging Europe, Middle East and Africa Fund A-ACC-USD
LU0303846876;A0M281;FONDS;Nein;BlackRock Global Funds - Global Corporate Bond Fund Class A4 Hedged EUR
LU0304859712;A0M1WT;FONDS;Nein;Candriam Equities L - Europe Optimum Quality C EUR
LU0304860058;A0M24W;FONDS;Nein;Candriam Equities L - Europe Optimum Quality C EUR
LU0305819384;A0MU2V;FONDS;Nein;Nordea 1 - Global Stable Equity Fund - Euro Hedged - AP - EUR
LU0306632414;A0M091;FONDS;Nein;Aberdeen Standard SICAV II - European Smaller Companies Fund A Acc EUR
LU0306806265;A0MWXM;FONDS;Nein;Schroder International Selection Fund - Global Dividend Maximiser A accumulating
LU0306807586;A0MWXR;FONDS;Nein;Schroder International Selection Fund - Global Dividend Maximiser A distributing
LU0307839646;A0MZL7;FONDS;Nein;Fidelity Funds - Emerging Markets Fund A-Euro
LU0308864023;A0MVL0;FONDS;Nein;MainFirst - Top European Ideas Fund A
LU0308864296;A0MVL1;FONDS;Nein;MainFirst - Top European Ideas Fund B
LU0309191491;A0MWCV;FONDS;Nein;BL - BL-Equities Dividend - A distributing
LU0309191657;A0MWCW;FONDS;Nein;BL - BL-Equities Dividend - B accumulating
LU0309191905;A0MWCX;FONDS;Nein;BL - BL-Emerging Markets - A distributing
LU0309192036;A0MWCY;FONDS;Nein;BL - BL-Emerging Markets - B accumulating
LU0309468808;A0MWQF;FONDS;Nein;Nordea 1 - Latin American Equity Fund - BP - EUR
LU0309482544;DWS0NK;FONDS;Nein;DWS Vermögensmandat - DWS Vermögensmandat-Defensiv
LU0309483435;DWS0NL;FONDS;Nein;DWS Vermögensmandat - DWS Vermögensmandat-Balance
LU0309483781;DWS0NM;FONDS;Nein;DWS Vermögensmandat - DWS Vermögensmandat-Dynamik
LU0313355587;A0Q9MM;FONDS;Nein;Goldman Sachs Funds SICAV - Goldman Sachs Emerging Markets CORE Equity Portfolio Base Shares (Acc.) (Close)
LU0313459959;A0MYJG;FONDS;Nein;Sauren Global Defensiv -D-
LU0313462318;A0MX7N;FONDS;Nein;Sauren Nachhaltig Ausgewogen -A-
LU0316493401;A0MZK0;FONDS;Nein;Franklin Templeton Investment Funds - Templeton BRIC Fund A (acc) EUR-H1
LU0316493583;A0MZKY;FONDS;Nein;Franklin Templeton Investment Funds - Templeton Asian Growth Fund A (acc) EUR-H1
LU0316493666;A0MZKZ;FONDS;Nein;Franklin Templeton Investment Funds - Templeton Asian Growth Fund N (acc) EUR-H1
LU0316493740;A0MZKX;FONDS;Nein;Franklin Templeton Investment Funds - Templeton Asian Bond Fund A (acc) EUR-H1
LU0316494391;A0MZKR;FONDS;Nein;Franklin Templeton Investment Funds - Franklin U.S. Opportunities Fund A (acc) EUR-H1
LU0316494557;A0MZK4;FONDS;Nein;Franklin Templeton Investment Funds - Franklin Global Fundamental Strategies Fund A (acc) USD
LU0316494805;A0MZK6;FONDS;Nein;Franklin Templeton Investment Funds - Franklin Global Fundamental Strategies Fund A (acc) EUR
LU0316494987;A0MZK7;FONDS;Nein;Franklin Templeton Investment Funds - Franklin Global Fundamental Strategies Fund A (acc) EUR-H1
LU0318489035;A0MZ0R;FONDS;Nein;Sauren Global Growth -D-
LU0318491288;A0MZ0S;FONDS;Nein;Sauren Global Balanced -D-
LU0318492419;A0MZ0U;FONDS;Nein;Sauren Global Stable Growth -D-
LU0318931192;A0M94A;FONDS;Nein;Fidelity Funds - China Focus Fund A-ACC-Euro
LU0318933057;A0M0KB;FONDS;Nein;JPMorgan Funds - JPM Emerging Markets Small Cap A (perf) (acc) - EUR
LU0318933305;A0M0KE;FONDS;Nein;JPMorgan Funds - JPM Emerging Markets Small Cap D (perf) (acc) - USD
LU0319572730;A0M003;FONDS;Nein;ODDO BHF Polaris Flexible - DRW-EUR
LU0319687124;A0M2HN;FONDS;Nein;AMUNDI FUNDS - AMUNDI FUNDS VOLATILITY WORLD - A USD (C)
LU0319687397;A0M2HP;FONDS;Nein;AMUNDI FUNDS - AMUNDI FUNDS VOLATILITY WORLD - A USD AD (D)
LU0319688015;A0M2G7;FONDS;Nein;AMUNDI FUNDS - AMUNDI FUNDS GLOBAL AGGREGATE BOND - A USD (C)
LU0319791538;A0M1N9;FONDS;Nein;Schroder International Selection Fund - European Dividend Maximiser A accumulating
LU0320896664;A0M1D1;FONDS;Nein;Robeco Capital Growth Funds - Robeco BP US Premium Equities DH EUR
LU0321021072;A0M16R;FONDS;Nein;VermögensManagement Substanz A EUR
LU0321021155;A0M16S;FONDS;Nein;VermögensManagement Balance A EUR
LU0321021312;A0M16T;FONDS;Nein;VermögensManagement Wachstum A EUR
LU0321021585;A0M16U;FONDS;Nein;VermögensManagement Chance A EUR
LU0321371998;A0M1PE;FONDS;Nein;Schroder International Selection Fund - European Dividend Maximiser A distributing
LU0321462870;DBX0AU;ETF;Ja;Xtrackers II iTraxx Crossover Short Daily Swap UCITS ETF 1C
LU0321462953;DBX0AV;ETF;Ja;Xtrackers II USD Emerging Markets Bond UCITS ETF 1C - EUR Hedged
LU0321463258;DBX0AW;ETF;Ja;Xtrackers II Eurozone Government Bond Short Daily Swap UCITS ETF 1C
LU0321463506;DBX0AX;ETF;Ja;Xtrackers II iBoxx Germany Covered Bond Swap UCITS ETF 1C
LU0321464652;DBX0A1;ETF;Ja;Xtrackers II GBP Overnight Rate Swap UCITS ETF 1D
LU0321465469;DBX0A0;ETF;Ja;Xtrackers II USD Overnight Rate Swap UCITS ETF 1C
LU0322248146;DBX1AA;ETF;Ja;Xtrackers SLI UCITS ETF 1D
LU0322250712;DBX1AN;ETF;Ja;Xtrackers LPX Private Equity Swap UCITS ETF 1C
LU0322250985;DBX1AR;ETF;Ja;Xtrackers CAC 40 UCITS ETF 1D
LU0322251520;DBX1AC;ETF;Ja;Xtrackers S&P 500 Inverse Daily Swap UCITS ETF 1C
LU0322252171;DBX1AE;ETF;Ja;Xtrackers MSCI AC Asia ex Japan Swap UCITS ETF 1C
LU0322252338;DBX1AF;ETF;Ja;Xtrackers MSCI Pacific ex Japan Screened UCITS ETF - 1C USD ACC ETF
LU0322252924;DBX1AG;ETF;Ja;Xtrackers FTSE Vietnam Swap UCITS ETF 1C
LU0322253229;DBX1AP;ETF;Ja;Xtrackers S&P Global Infrastructure Swap UCITS ETF 1C
LU0322253732;DBX1AT;ETF;Ja;Xtrackers MSCI Europe Screened UCITS ETF - 1C USD ACC ETF
LU0322253906;DBX1AU;ETF;Ja;Xtrackers MSCI Europe Small Cap UCITS ETF 1C
LU0323577923;A0M43U;FONDS;Nein;Flossbach von Storch - Multi Asset - Defensive R
LU0323578145;A0M43W;FONDS;Nein;Flossbach von Storch - Multi Asset - Balanced R
LU0323578491;A0M43Y;FONDS;Nein;Flossbach von Storch - Multi Asset - Growth R
LU0323578657;A0M430;FONDS;Ja;Flossbach von Storch SICAV - Multiple Opportunities R
LU0324372738;A0MZLY;FONDS;Nein;ARBOR INVEST - VERMÖGENSVERWALTUNGSFONDS - P
LU0326422689;A0M9SB;FONDS;Nein;BlackRock Global Funds - World Gold Fund Class A2 Hedged EUR
LU0326424115;A0M9SC;FONDS;Nein;BlackRock Global Funds - World Mining Fund Class A2 Hedged EUR
LU0327357389;A0M7QF;AKTIE;Ja;KERNEL HLDG S.A.
LU0327378385;A0M52M;FONDS;Nein;WALSER Weltportfolio 10 R
LU0327378542;A0M52L;FONDS;Nein;WALSER Weltportfolio 45 R
LU0327386305;DWS0PQ;FONDS;Nein;DWS Garant 80 FPI
LU0327689542;A0M82B;FONDS;Nein;AXA World Funds - Framlington Emerging Markets A Capitalisation EUR
LU0327757729;A0M619;FONDS;Nein;Franklin Templeton Investment Funds - Templeton Growth (Euro) Fund A (acc) USD
LU0327786744;A0M7WU;FONDS;Nein;Janus Henderson Horizon Fund - Janus Henderson Horizon China Opportunities Fund A2 USD
LU0328473581;DBX1AV;ETF;Ja;Xtrackers FTSE 100 Short Daily Swap UCITS ETF 1C
LU0328474803;DBX1A2;ETF;Ja;Xtrackers S&P ASX 200 UCITS ETF 1D
LU0328475792;DBX1A7;ETF;Ja;Xtrackers Stoxx Europe 600 UCITS ETF 1C
LU0328476410;DBX1A9;ETF;Ja;Xtrackers S&P Select Frontier Swap UCITS ETF 1C
LU0329070915;A0NBGX;FONDS;Nein;The Jupiter Global Fund - Jupiter India Select - L EUR Acc
LU0329201957;A0M6Z1;FONDS;Nein;JPMorgan Investment Funds - Global Dividend Fund - A USD ACC Fonds
LU0329206329;A0M60Y;FONDS;Nein;JPMorgan Investment Funds - JPM Japan Strategic Value D (acc) - JPY
LU0329355670;A0NDKJ;FONDS;Nein;Robeco Capital Growth Funds - Robeco QI Emerging Markets Active Equities D EUR
LU0329425713;A0M99W;FONDS;Nein;Lupus alpha Fonds - Lupus alpha All Opportunities Fund C
LU0329429384;A0NCNS;FONDS;Nein;GAM Multistock - Luxury Brands Equity A dis
LU0329429897;A0NCNT;FONDS;Nein;GAM Multistock - Luxury Brands Equity B acc
LU0329630130;A0NETR;FONDS;Nein;Variopartner SICAV - MIV Global Medtech Fund P2
LU0329678170;A0NFGL;FONDS;Nein;Fidelity Funds - Emerging Asia Fund A-USD
LU0329678253;A0NFGM;FONDS;Nein;Fidelity Funds - Emerging Asia Fund A-Euro
LU0329678337;A0NFGN;FONDS;Nein;Fidelity Funds - Emerging Asia Fund A-ACC-USD
LU0329678410;A0NFGP;FONDS;Nein;Fidelity Funds - Emerging Asia Fund A-ACC-Euro
LU0329760002;DWS0QT;FONDS;Nein;DWS Invest - DWS Invest ESG Emerging Markets Top Dividend LC
LU0329760770;DWS0Q2;FONDS;Nein;DWS Invest - DWS Invest Global Infrastructure LC
LU0329762636;DWS0RC;FONDS;Nein;DWS Invest - DWS Invest Global Agribusiness GBP LD DS
LU0330917880;A0PG8G;FONDS;Nein;BlackRock Global Funds - World Bond Fund Class A2 Hedged EUR
LU0330917963;A0PG8F;FONDS;Nein;BlackRock Global Funds - US Dollar High Yield Bond Fund Class A2 Hedged EUR
LU0332822492;A0NBKM;FONDS;Ja;ÖkoWorld - ÖkoWorld Water for Life
LU0333595436;A0M90M;FONDS;Nein;JSS Investmentfonds SICAV - JSS Sustainable Equity - Green Planet P EUR dist
LU0333810009;A0QYZQ;FONDS;Nein;Goldman Sachs Funds SICAV - Goldman Sachs India Equity Portfolio Base Shares
LU0333810181;A0QYZP;FONDS;Nein;Goldman Sachs Funds SICAV - Goldman Sachs India Equity Portfolio Base Shares (Acc.)
LU0333810850;A0QYZN;FONDS;Nein;Goldman Sachs Funds SICAV - Goldman Sachs India Equity Portfolio Class E Shares (Acc.)
LU0334857199;A0NJXJ;FONDS;Nein;Invesco Funds SICAV - Invesco Asia Consumer Demand Fund Class A semi-annual distribution - USD
LU0334857355;A0NJXK;FONDS;Nein;Invesco Funds SICAV - Invesco Asia Consumer Demand Fund Class A accumulation - USD
LU0334858593;A0QZZQ;FONDS;Nein;Invesco Funds SICAV - Invesco Pan European Equity Fund Class A annual distribution - USD
LU0334858676;A0QZZR;FONDS;Nein;Invesco Funds SICAV - Invesco Pan European Small Cap Equity Fund Class A annual distribution - USD
LU0335044896;DBX0A2;ETF;Ja;Xtrackers II EUR Overnight Rate Swap UCITS ETF 1D
LU0336083497;A0M9A0;FONDS;Nein;Carmignac Portfolio - Global Bond A EUR Acc
LU0336083810;A0M9A1;FONDS;Nein;Carmignac Portfolio - Emerging Discovery - A EUR Acc
LU0336084032;A0M9A2;FONDS;Nein;Carmignac Portfolio - Flexible Bond A EUR Acc
LU0337569841;A0PGVG;FONDS;Nein;Fidelity Funds - Asian Special Situations Fund A-ACC-Euro (hedged)
LU0337572712;A0PGVS;FONDS;Nein;Fidelity Funds - Emerging Market Debt Fund A-ACC-Euro (hedged)
LU0338482267;A0NAZX;FONDS;Nein;Pictet - Russian Equities P USD
LU0338482424;A0NAZY;FONDS;Nein;Pictet - Russian Equities P dy USD
LU0338483075;A0NAZ1;FONDS;Nein;Pictet - Russian Equities P EUR
LU0339661307;A0NC7K;FONDS;Nein;Robeco Capital Growth Funds - Robeco QI European Conservative Equities D EUR
LU0340285161;A0NCFR;ETF;Nein;UBS (Lux) Fund Solutions – MSCI World UCITS ETF (USD) A-dis
LU0340554913;A0Q5WQ;FONDS;Nein;Pictet - Digital P EUR
LU0340557775;A0QZ7P;FONDS;Nein;Pictet - Timber P USD
LU0340558237;A0QZ7Q;FONDS;Nein;Pictet - Timber P dy USD
LU0340559557;A0QZ7T;FONDS;Nein;Pictet - Timber P EUR
LU0340559805;A0QZ7U;FONDS;Nein;Pictet - Timber R EUR
LU0342677829;A0Q0U0;FONDS;Nein;Allianz Global Investors Fund - Allianz Global Equity Unconstrained A (EUR)
LU0342679015;A0Q0U9;FONDS;Nein;Allianz Global Investors Fund - Allianz Global Equity Unconstrained AT (USD)
LU0343523998;A0NBQ1;FONDS;Nein;Franklin Templeton Investment Funds - Franklin Global Fundamental Strategies Fund A (Ydis) EUR
LU0344046155;A0Q2N9;FONDS;Nein;Candriam Equities L - Europe Innovation C EUR
LU0344046239;A0Q2PA;FONDS;Nein;Candriam Equities L - Europe Innovation C EUR
LU0345361124;A0NFGE;FONDS;Nein;Fidelity Funds - Asia Pacific Opportunities Fund A-ACC-Euro
LU0345758782;A0QYBE;FONDS;Nein;Ninety One Global Strategy Fund - US Dollar Money Fund A Inc USD
LU0345777659;A0QYF0;FONDS;Nein;Ninety One Global Strategy Fund - European Equity Fund A Inc USD
LU0345780281;A0QYGM;FONDS;Nein;Ninety One Global Strategy Fund - Global Gold Fund A Acc USD
LU0346389348;A0NGW1;FONDS;Ja;Fidelity Funds - Global Technology Fund Y-ACC-Euro
LU0346392995;A0NGVS;FONDS;Nein;Fidelity Funds - Nordic Fund Y-ACC-SEK
LU0346393613;A0NFGK;FONDS;Nein;Fidelity Funds - Euro Short Term Bond Fund E-ACC-Euro
LU0347592197;A0NE3N;FONDS;Nein;AMUNDI FUNDS - AMUNDI FUNDS EMERGING WORLD EQUITY - A USD (C)
LU0347711466;A0NE8U;FONDS;Nein;BNP Paribas Funds - Global Environment Classic CAPITALISATION
LU0348529792;A0Q5FS;FONDS;Nein;Fidelity Active STrategy - Europe Fund E-ACC-Euro
LU0348723411;A0Q048;FONDS;Nein;Allianz Global Investors Fund - Allianz Global Hi-Tech Growth A (USD)
LU0348735423;A0Q07L;FONDS;Nein;Allianz Global Investors Fund - Allianz Hong Kong Equity A (USD)
LU0348744680;A0Q09X;FONDS;Nein;Allianz Global Investors Fund - Allianz Indonesia Equity A (EUR)
LU0348744763;A0Q09Y;FONDS;Nein;Allianz Global Investors Fund - Allianz Indonesia Equity A (USD)
LU0348766576;A0Q1EN;FONDS;Nein;Allianz Global Investors Fund - Allianz Little Dragons A (USD)
LU0348767384;A0Q1EW;FONDS;Nein;Allianz Global Investors Fund - Allianz Little Dragons AT (USD)
LU0348783233;A0Q1G0;FONDS;Nein;Allianz Global Investors Fund - Allianz Oriental Income A (USD)
LU0348784041;A0Q1G7;FONDS;Nein;Allianz Global Investors Fund - Allianz Oriental Income AT (EUR)
LU0348784397;A0Q1G8;FONDS;Nein;Allianz Global Investors Fund - Allianz Oriental Income AT (USD)
LU0348814566;A0Q1NV;FONDS;Nein;Allianz Global Investors Fund - Allianz Total Return Asian Equity A EUR
LU0348825174;A0Q1P1;FONDS;Nein;Allianz Global Investors Fund - Allianz China Equity A (EUR)
LU0348825331;A0Q1P2;FONDS;Nein;Allianz Global Investors Fund - Allianz China Equity A (USD)
LU0348827113;A0Q1QA;FONDS;Nein;Allianz Global Investors Fund - Allianz China Equity AT (USD)
LU0348827899;A0Q1QD;FONDS;Nein;Allianz Global Investors Fund - Allianz China Equity CT (EUR)
LU0348926287;A0NEG2;FONDS;Ja;Nordea 1 - Global Climate and Environment Fund - BP - EUR
LU0351545230;A0NJEB;FONDS;Nein;Nordea 1 - Stable Return Fund - BI - EUR
LU0352097439;A0NF35;FONDS;Nein;Schroder International Selection Fund - Global Convertible Bond A accumulating
LU0352312184;A0NGAA;FONDS;Nein;Allianz European Pension Investments - Allianz Strategy 50 CT EUR
LU0352312853;A0NGAG;FONDS;Nein;Allianz European Pension Investments - Allianz Strategy 75 CT EUR
LU0357130854;A1CXBS;FONDS;Nein;BAKERSTEEL GLOBAL FUNDS SICAV - Precious Metals Fund A2 EUR
LU0359002093;A0X8E5;FONDS;Nein;BlackRock Global Funds - Emerging Markets Local Currency Bond Fund Class A2 Hedged EUR
LU0359201455;A0Q7YF;FONDS;Nein;BlackRock Global Funds - China Fund Class A2 Hedged EUR
LU0359201612;A0Q7YA;FONDS;Nein;BlackRock Global Funds - China Fund Class A2 USD
LU0359201885;A0Q51B;FONDS;Nein;BlackRock Global Funds - China Fund Class A2 HKD
LU0360172109;A0QYL0;FONDS;Ja;Murphy&Spitz - Umweltfonds Deutschland A
LU0360863863;DWS0R4;FONDS;Ja;ARERO-Der Weltfonds - EUR ACC
LU0362355355;A0Q32Q;FONDS;Nein;Sparinvest SICAV - Ethical Global Value EUR R
LU0363447680;A0Q1TN;FONDS;Nein;JPMorgan Funds - JPM EU Government Bond A (Acc) - EUR
LU0363468686;DWS0S9;FONDS;Nein;DWS Invest - DWS Invest ESG Emerging Markets Top Dividend LD
LU0363470070;DWS0TM;FONDS;Nein;DWS Invest - DWS Invest Global Agribusiness LD
LU0363470237;DWS0TN;FONDS;Nein;DWS Invest - DWS Invest Global Infrastructure LD
LU0363470401;DWS0TP;FONDS;Nein;DWS Invest - DWS Invest Gold and Precious Metals Equities LD
LU0365089902;A0Q2X7;FONDS;Nein;The Jupiter Global Fund - Jupiter India Select - L USD A Inc
LU0365775922;A0Q2MR;FONDS;Nein;Schroder International Selection Fund - Greater China A accumulating
LU0366178969;A0Q2PT;FONDS;Nein;Flossbach von Storch - Global Quality R
LU0366179009;A0Q2PU;FONDS;Nein;Flossbach von Storch - Global Convertible Bond R
LU0366534344;A0X8VA;FONDS;Nein;Pictet - Nutrition P EUR
LU0366770310;A0Q3Z4;FONDS;Nein;Franklin Templeton Investment Funds - Templeton Global Bond Fund A (Mdis) EUR-H1
LU0366773504;A0Q3Z7;FONDS;Nein;Franklin Templeton Investment Funds - Templeton Global Total Return Fund A (Mdis) EUR-H1
LU0367334975;A0Q4AL;FONDS;Nein;Swiss Life Funds (LUX) - Multi Asset Growth EUR R Cap
LU0368678339;A0Q7NX;FONDS;Nein;Fidelity Funds - Pacific Fund A-ACC-Euro
LU0368998240;A0Q5MD;FONDS;Nein;FU Fonds - Multi Asset Fonds P
LU0370787193;A0RM73;FONDS;Nein;Fidelity Funds - Euro Corporate Bond Fund A-ACC-Euro
LU0374456654;A0Q5KZ;FONDS;Nein;DJE - DJE - Asien - PA (EUR)
LU0376514351;A0Q50K;FONDS;Nein;SQUAD - VALUE - B
LU0376989207;A1C4LB;FONDS;Nein;Aberdeen Standard SICAV I - Select Emerging Markets Bond Fund A Acc Hedged EUR
LU0378818131;DBX0A8;ETF;Ja;Xtrackers II Global Government Bond UCITS ETF 1C - EUR Hedged
LU0379090680;A0YFCE;FONDS;Nein;State Street Global Advisors Luxembourg SICAV - State Street EMU ESG Screened Equity Fund P Acc EUR
LU0380798750;A0Q8NL;FONDS;Ja;ÖkoWorld - ÖkoWorld Rock 'n' Roll Fonds
LU0380865021;DBX1ET;ETF;Ja;Xtrackers Euro Stoxx 50 UCITS ETF 1C
LU0383026803;A0Q72H;FONDS;Nein;Stuttgarter-Aktien-Fonds
LU0383655254;A0Q8D2;FONDS;Nein;DJE - DJE - Dividende & Substanz - I (H-CHF)
LU0384381660;A0Q8T6;FONDS;Nein;Morgan Stanley Investment Funds - Global Infrastructure Fund - A accumulating
LU0384405600;A0RCVW;FONDS;Nein;Vontobel Fund - Clean Technology B
LU0384409263;A0RCV8;FONDS;Nein;Vontobel Fund - mtx Sustainable Asian Leaders (ex Japan) B
LU0385154629;A0YH17;FONDS;Nein;BlackRock Global Funds - Nutrition Fund Class A2 USD
LU0386859887;A0RLW0;FONDS;Nein;Pictet - Global Megatrend Selection P USD
LU0386863137;A0X8JW;FONDS;Nein;Pictet - Global Megatrend Selection P dy USD
LU0386882277;A0RLJD;FONDS;Nein;Pictet - Global Megatrend Selection P EUR
LU0386885296;A0X8JZ;FONDS;Nein;Pictet - Global Megatrend Selection P dy EUR
LU0387754996;A0YFGU;FONDS;Nein;Robeco Capital Growth Funds - Robeco Sustainable Global Stars Equities D EUR
LU0389655811;A0RAEA;FONDS;Nein;AXA World Funds - Framlington Sustainable Europe A Capitalisation EUR
LU0390135332;A0RAKP;FONDS;Nein;Franklin Templeton Investment Funds - Templeton Asian Smaller Companies Fund A (acc) USD
LU0390135415;A0RAKQ;FONDS;Nein;Franklin Templeton Investment Funds - Templeton Asian Smaller Companies Fund A (acc) EUR
LU0390135688;A0RAKS;FONDS;Nein;Franklin Templeton Investment Funds - Templeton Asian Smaller Companies Fund A (Ydis) USD
LU0390136736;A0RAKZ;FONDS;Nein;Franklin Templeton Investment Funds - Templeton Frontier Markets Fund A (acc) USD
LU0390137031;A0RAK3;FONDS;Nein;Franklin Templeton Investment Funds - Templeton Frontier Markets Fund A (acc) EUR
LU0390137627;A0RAK9;FONDS;Nein;Franklin Templeton Investment Funds - Templeton Frontier Markets Fund A (Ydis) USD
LU0390137973;A0RALB;FONDS;Nein;Franklin Templeton Investment Funds - Templeton Frontier Markets Fund N (acc) EUR
LU0390138195;A0RALC;FONDS;Nein;Franklin Templeton Investment Funds - Templeton Frontier Markets Fund N (acc) EUR-H1
LU0390221256;A0RAJN;FONDS;Nein;MainFirst - Germany Fund A
LU0390221686;A0RAJP;FONDS;Nein;MainFirst - Germany Fund B
LU0390221926;A0RAJQ;FONDS;Nein;MainFirst - Germany Fund C
LU0391944815;A0X8J1;FONDS;Nein;Pictet - Global Megatrend Selection R EUR
LU0395794307;A0RBX2;FONDS;Nein;JPMorgan Investment Funds - JPM Global Income A (div) - EUR
LU0396102724;A0RK28;FONDS;Nein;Allianz Global Investors Fund - Allianz Little Dragons CT2 (EUR)
LU0396314238;A0RE2B;FONDS;Nein;Aberdeen Standard SICAV I - Latin American Equity Fund A Acc USD
LU0396314667;A0RE2F;FONDS;Nein;Aberdeen Standard SICAV I - Latin American Equity Fund A Acc EUR
LU0397221945;DBX0BT;ETF;Ja;Xtrackers Portfolio UCITS ETF 1C
LU0398560267;A0RCVJ;FONDS;Nein;Allianz European Pension Investments - Allianz Strategy 15 CT EUR
LU0399027613;A0RCKL;FONDS;Nein;Flossbach von Storch - Bond Opportunities R
LU0399356780;DWS0VL;FONDS;Nein;DWS Invest - DWS Invest Latin American Equities LC
LU0399641637;A0RC2G;FONDS;Nein;Grand Cru - C
LU0401357313;A0RC8S;FONDS;Nein;JPMorgan Funds - JPM Taiwan A (acc) - EUR
LU0404220724;A0RK4D;FONDS;Nein;JPMorgan Investment Funds - JPM Global Income D (div) - EUR
LU0404923301;A0RK4W;FONDS;Nein;Goldman Sachs Funds SICAV - Goldman Sachs All China Equity Portfolio Base Shares
LU0406802339;A0YCX4;FONDS;Nein;BNP Paribas Funds - Climate Impact Classic CAPITALISATION
LU0408221439;A0RFDD;FONDS;Nein;BlackRock Global Funds - European Fund Class A4 EUR
LU0408221512;A0RFDA;FONDS;Nein;BlackRock Global Funds - Global Allocation Fund Class A4 EUR
LU0408221603;A0RFDE;FONDS;Nein;BlackRock Global Funds - Global Dynamic Equity Fund Class A4 EUR
LU0408221785;A0RFDB;FONDS;Nein;BlackRock Global Funds - Latin American Fund Class A4 EUR
LU0408221868;A0RFC7;FONDS;Nein;BlackRock Global Funds - Sustainable Energy Fund Class A4 EUR
LU0408221942;A0RFC8;FONDS;Nein;BlackRock Global Funds - US Flexible Equity Fund Class A4 EUR
LU0408222163;A0RFC9;FONDS;Nein;BlackRock Global Funds - US Flexible Equity Fund Class A4 Hedged EUR
LU0408222247;A0RFC6;FONDS;Ja;BlackRock Global Funds - World Energy Fund Class A4 EUR
LU0408222320;A0RFC5;FONDS;Nein;BlackRock Global Funds - World Gold Fund Class A4 EUR
LU0408222593;A0RFC4;FONDS;Nein;BlackRock Global Funds - World Mining Fund Class A4 EUR
LU0408846458;A0RFAQ;FONDS;Nein;JPMorgan Funds - JPM Global Corporate Bond A (acc) - EUR (hedged)
LU0408847340;A0RFAX;FONDS;Nein;JPMorgan Funds - JPM Euro Corporate Bond A (acc) - EUR
LU0408847936;A0RFA1;FONDS;Nein;JPMorgan Funds - JPM Euro Corporate Bond D (acc) - EUR
LU0410959117;A0RL9K;FONDS;Nein;Nordea 1 - US High Yield Bond Fund - HB - EUR
LU0411075020;DBX0BY;ETF;Ja;Xtrackers ShortDAX x2 Daily Swap UCITS ETF 1C
LU0411075376;DBX0BZ;ETF;Ja;Xtrackers LevDAX Daily Swap UCITS ETF 1C
LU0411078552;DBX0B5;ETF;Ja;Xtrackers S&P 500 2x Leveraged Daily Swap UCITS ETF 1C
LU0411078636;DBX0B6;ETF;Ja;Xtrackers S&P 500 2x Inverse Daily Swap UCITS ETF 1C
LU0413376566;A0RLFX;FONDS;Nein;BlackRock Global Funds - Emerging Markets Bond Fund Class A2 Hedged EUR
LU0414045582;A0RF5F;FONDS;Nein;Allianz Global Investors Fund - Allianz European Equity Dividend A (EUR)
LU0414045822;A0RF5H;FONDS;Nein;Allianz Global Investors Fund - Allianz European Equity Dividend AT (EUR)
LU0414046390;A0RF5K;FONDS;Nein;Allianz Global Investors Fund - Allianz European Equity Dividend CT (EUR)
LU0415391431;A0RP23;FONDS;Nein;Bellevue Funds (Lux) - Bellevue Medtech & Services B EUR
LU0415392249;A0X8YU;FONDS;Nein;Bellevue Funds (Lux) - Bellevue Biotech B EUR
LU0415392322;A0RPSP;FONDS;Nein;Bellevue Funds (Lux) - Bellevue Biotech B USD
LU0417818076;A0RGH3;FONDS;Nein;Nordea 1 - European Small and Mid Cap Equity Fund - AP - EUR
LU0417818407;A0RGH4;FONDS;Nein;Nordea 1 - European Small and Mid Cap Equity Fund - BP - EUR
LU0424370004;A0RNJ6;FONDS;Nein;Man Umbrella SICAV - Man AHL Trend Alternative DNY H EUR Acc
LU0425092995;A0RMWY;FONDS;Nein;The Jupiter Global Fund - Jupiter Japan Select - L EUR Acc
LU0425093290;A0RMW0;FONDS;Nein;The Jupiter Global Fund - Jupiter Japan Select - L USD Acc
LU0425308086;A0RNAE;FONDS;Nein;BlackRock Global Funds - Global Inflation Linked Bond Fund Class A2 USD
LU0425308169;A0RNAF;FONDS;Nein;BlackRock Global Funds - Global Inflation Linked Bond Fund Class A2 Hedged EUR
LU0425487740;A0RMZQ;FONDS;Nein;Schroder International Selection Fund - EURO Corporate Bond A distributing
LU0429319345;A0X87N;FONDS;Nein;T. Rowe Price Funds SICAV - US Equity Fund - A
LU0429458895;DBX0CU;ETF;Ja;Xtrackers II US Treasuries 1-3 UCITS ETF 1D
LU0429459356;DBX0CQ;ETF;Ja;Xtrackers II US Treasuries UCITS ETF 1D
LU0429790743;DBX0CZ;ETF;Ja;Xtrackers Bloomberg Commodity Swap UCITS ETF 2C - EUR Hedged
LU0430091412;A0RPXX;FONDS;Nein;Bantleon Select SICAV - Bantleon Return PA
LU0430265933;A1C2P2;FONDS;Nein;BlackRock Global Funds - Euro Bond Fund Class A4 EUR
LU0431139764;A0X8U6;FONDS;Nein;Ethna-AKTIV T
LU0431685097;A0X9LD;FONDS;Nein;Vitruvius Greater China Equity Class B USD
LU0431992006;A0RPE4;FONDS;Nein;JPMorgan Funds - JPM Emerging Markets Opportunities A (acc) - USD
LU0431993236;A0RPE8;FONDS;Nein;JPMorgan Funds - JPM Emerging Markets Opportunities D (acc) - USD
LU0432616570;A0N9YW;FONDS;Nein;Invesco Funds SICAV - Invesco Global Investment Grade Corporate Bond Fund Class A (EUR hedged) accumulation - EUR
LU0432616737;A0N9Z0;FONDS;Nein;Invesco Funds SICAV - Invesco Balanced-Risk Allocation Fund Class A accumulation - EUR
LU0432979374;A0RPEX;FONDS;Nein;JPMorgan Funds - JPM Global Healthcare A (dist) - USD
LU0432979614;A0RPE0;FONDS;Nein;JPMorgan Funds - JPM Global Healthcare A (acc) - USD
LU0433182416;A0YA5T;FONDS;Nein;FIRST EAGLE AMUNDI - FIRST EAGLE AMUNDI INTERNATIONAL FUND - AHE (C)
LU0433926036;A0X8Z1;FONDS;Nein;Goldman Sachs Funds SICAV - Goldman Sachs US Equity Portfolio Other Currency Shares (Acc.) (EUR-Hedged)
LU0434032149;A0X82B;FONDS;Ja;Stuttgarter Energiefonds
LU0438336264;A0NDDA;FONDS;Nein;BlackRock Strategic Funds - BlackRock Fixed Income Strategies Fund Class A2 EUR
LU0439765081;A0X9BK;FONDS;Nein;BL - BL-Equities Europe - A distributing
LU0440694585;A0X9JR;FONDS;Nein;Ninety One Global Strategy Fund - European Equity Fund A Acc EUR
LU0441433728;DWS0X4;FONDS;Nein;DWS Invest - DWS Invest Euro Corporate Bonds LD
LU0441851994;A0X9G7;FONDS;Nein;JPMorgan Funds - JPM ASEAN Equity D (acc) - USD
LU0441852612;A0X9HA;FONDS;Nein;JPMorgan Funds - JPM ASEAN Equity A (acc) - EUR
LU0441853263;A0X9HD;FONDS;Nein;JPMorgan Funds - JPM ASEAN Equity D (acc) - EUR
LU0441854154;A0X9P5;FONDS;Nein;JPMorgan Funds - JPM Asia Pacific Equity A (acc) - USD
LU0441854741;A0X9P8;FONDS;Nein;JPMorgan Funds - JPM Asia Pacific Equity D (acc) - USD
LU0443843452;A0X9MW;FONDS;Nein;Phaidros Funds - Balanced C
LU0444971666;A1CU1W;FONDS;Nein;Threadneedle (Lux) - Global Technology - AU - USD
LU0445386369;A0YHE7;FONDS;Nein;Nordea 1 - Alpha 10 MA Fund - BP - EUR
LU0446734104;A0X97P;ETF;Nein;UBS (Lux) Fund Solutions – MSCI Europe UCITS ETF (EUR) A-dis
LU0446734369;A0X97R;ETF;Nein;UBS (Lux) Fund Solutions – MSCI EMU Value UCITS ETF (EUR) A-dis
LU0446734526;A0X97T;ETF;Nein;UBS (Lux) Fund Solutions – MSCI Pacific (ex Japan) UCITS ETF (USD) A-dis
LU0446734872;A0X97V;ETF;Nein;UBS (Lux) Fund Solutions – MSCI Canada UCITS ETF (CAD) A-dis
LU0449509016;A0YG0J;FONDS;Nein;HSBC Global Investment Funds - HSBC GLOBAL INVESTMENT FUNDS - BRIC EQUITY AC
LU0449509289;A0YG0K;FONDS;Nein;HSBC Global Investment Funds - HSBC GLOBAL INVESTMENT FUNDS - BRIC EQUITY AD
LU0449515922;A0YEMF;FONDS;Nein;HSBC Global Investment Funds - HSBC GLOBAL INVESTMENT FUNDS - GLOBAL EMERGING MARKETS EQUITY PC
LU0449516144;A0YEMG;FONDS;Nein;HSBC Global Investment Funds - HSBC GLOBAL INVESTMENT FUNDS - GLOBAL EMERGING MARKETS EQUITY PD
LU0451950314;A0YB5H;FONDS;Nein;Janus Henderson Horizon Fund - Janus Henderson Horizon Euro Corporate Bond Fund A2 EUR
LU0451950405;A0YB5J;FONDS;Nein;Janus Henderson Horizon Fund - Janus Henderson Horizon Euro Corporate Bond Fund A3 EUR
LU0451958135;HAFX28;FONDS;Nein;Tungsten TRYCON AI Global Markets B
LU0454070557;A0YA5P;FONDS;Nein;Sauren Absolute Return -A-
LU0454071019;A0YA5Q;FONDS;Nein;Sauren Absolute Return -D-
LU0455734433;A0YBKY;FONDS;Nein;Ethna-DYNAMISCH A
LU0455735596;A0YBKZ;FONDS;Nein;Ethna-DYNAMISCH T
LU0456842615;A0YCGF;FONDS;Nein;JPMorgan Funds - JPM Emerging Markets Equity A (acc) - SGD
LU0456865749;A0YCN0;FONDS;Nein;BlackRock Global Funds - Euro Short Duration Bond Fund Class A2 Hedged USD
LU0459992896;A0YC40;FONDS;Nein;The Jupiter Global Fund - Jupiter Dynamic Bond - L EUR Q Inc
LU0460391732;DBX0DZ;ETF;Ja;Xtrackers Bloomberg Commodity ex-Agriculture & Livestock Swap UCITS ETF 2C
LU0465917127;A0YEJR;FONDS;Nein;AXA World Funds - Global Optimal Income A Distribution gr EUR
LU0468896575;DBX0C7;ETF;Ja;Xtrackers II Germany Government Bond UCITS ETF 1D
LU0468897110;DBX0C9;ETF;Ja;Xtrackers II Germany Government Bond 1-3 UCITS ETF 1D
LU0469268469;A0YGJP;FONDS;Nein;AB FCP I - Asia Ex-Japan Equity Portfolio A
LU0470205575;HAFX4V;FONDS;Ja;Structured Solutions - Next Generation Resources Fund A
LU0471298348;A1CTHP;FONDS;Nein;BlackRock Global Funds - Nutrition Fund Class A2 Hedged EUR
LU0471299072;A1CVHX;FONDS;Nein;BlackRock Global Funds - Nutrition Fund Class A4 Hedged EUR
LU0472835155;A0YF5P;AKTIE;Ja;H2APEX GROUP SCA RED. A
LU0474970190;A1JCJS;FONDS;Nein;Pictet - Global Megatrend Selection HP EUR
LU0476289466;DBX0ES;ETF;Ja;Xtrackers MSCI Mexico UCITS ETF 1C
LU0476289540;DBX0ET;ETF;Ja;Xtrackers MSCI Canada Screened UCITS ETF - 1C USD ACC ETF
LU0476289623;DBX0EU;ETF;Ja;Xtrackers MSCI Indonesia Swap UCITS ETF 1C
LU0476875868;A1CS3X;FONDS;Nein;Aberdeen Standard SICAV I - Asia Pacific Equity Fund S Acc USD
LU0476876080;A1CS3Z;FONDS;Nein;Aberdeen Standard SICAV I - European Equity Fund S Acc EUR
LU0476876247;A1CS31;FONDS;Nein;Aberdeen Standard SICAV I - Japanese Equity Fund S Acc JPY
LU0476876759;A1CS35;FONDS;Nein;Aberdeen Standard SICAV I - Japanese Equity Fund A Acc Hedged EUR
LU0476877054;A1CS38;FONDS;Nein;Aberdeen Standard SICAV I - Japanese Smaller Companies Fund A Acc Hedged EUR
LU0476877211;A1CS4A;FONDS;Nein;Aberdeen Standard SICAV I - Global Innovation Equity Fund S Acc USD
LU0478205379;DBX0EY;ETF;Ja;Xtrackers II EUR Corporate Bond UCITS ETF 1C
LU0478205965;DBX0EZ;ETF;Ja;Xtrackers II EUR Corporate Bond UCITS ETF 1D
LU0480132876;UB42AA;ETF;Nein;UBS (Lux) Fund Solutions – MSCI Emerging Markets UCITS ETF (USD) A-dis
LU0482497442;A1CV2J;FONDS;Nein;Invesco Funds SICAV - Invesco Asia Consumer Demand Fund Class A (EUR hedged) accumulation - EUR
LU0482497798;A1CV2L;FONDS;Nein;Invesco Funds SICAV - Invesco Greater China Equity Fund Class A (EUR hedged) accumulation - EUR
LU0482498176;A1CV2R;FONDS;Nein;Invesco Funds SICAV - Invesco Balanced-Risk Allocation Fund Class A annual distribution - EUR
LU0482499141;A1CV21;FONDS;Nein;Invesco Funds SICAV - Invesco Sustainable Pan European Structured Equity Fund Class A annual distribution - EUR
LU0482909818;A0X78X;FONDS;Nein;Allianz Global Investors Fund - Allianz Euro High Yield Bond A (EUR)
LU0484968812;DBX0E8;ETF;Ja;Xtrackers II ESG EUR Corporate Bond UCITS ETF 1D
LU0484968903;DBX0E9;ETF;Ja;Xtrackers II ESG EUR Corporate Bond UCITS ETF 1C
LU0484969463;DBX0FE;ETF;Ja;Xtrackers II Eurozone AAA Government Bond Swap UCITS ETF 1C
LU0486851024;DBX0FK;ETF;Ja;Xtrackers MSCI Europe Value UCITS ETF 1C
LU0489337690;DBX0F1;ETF;Ja;Xtrackers FTSE Developed Europe Real Estate UCITS ETF 1C
LU0489687243;A1CWBQ;FONDS;Nein;Mandarine Funds - Mandarine Unique Small & Mid Caps Europe R
LU0490618542;DBX0F2;ETF;Ja;Xtrackers S&P 500 Swap UCITS ETF 1C
LU0490786174;A1CTUG;FONDS;Nein;Janus Henderson Fund - Janus Henderson Absolute Return Fund A€ Acc (hedged)
LU0490817821;A1CSXC;FONDS;Nein;SQUAD - MAKRO - N
LU0494093205;A1CU1E;FONDS;Nein;BlackRock Global Funds - ESG Multi-Asset Fund Class A2 Hedged USD
LU0494592974;DBX0GG;ETF;Ja;Xtrackers II Australia Government Bond UCITS ETF 1C
LU0494761835;A1CW3N;FONDS;Nein;Bellevue Funds (Lux) - Bellevue Global Macro B EUR
LU0495650383;A1CU9S;FONDS;Nein;BL - BL-Global 30 - AR distributing
LU0496363937;A1CU8T;FONDS;Nein;Franklin Templeton Investment Funds - Templeton Global Bond Fund A (Ydis) EUR-H1
LU0496364158;A1CU8U;FONDS;Nein;Franklin Templeton Investment Funds - Templeton Emerging Markets Bond Fund A (Ydis) EUR-H1
LU0496367417;A1CU83;FONDS;Nein;Franklin Templeton Investment Funds - Franklin Gold and Precious Metals Fund A (acc) USD
LU0496367763;A1CU84;FONDS;Nein;Franklin Templeton Investment Funds - Franklin Gold and Precious Metals Fund A (acc) EUR
LU0496369389;A1CU9B;FONDS;Nein;Franklin Templeton Investment Funds - Franklin Gold and Precious Metals Fund N (acc) EUR
LU0496786574;LYX0FS;ETF;Ja;Amundi S&P 500 II UCITS ETF EUR Dist
LU0496786657;LYX0FZ;ETF;Ja;Amundi S&P 500 II UCITS ETF USD Dist
LU0496786905;LYX0FU;ETF;Ja;Amundi Australia S&P/ASX 200 UCITS ETF Dist
LU0498180339;A1H5E3;FONDS;Nein;Aberdeen Standard SICAV I - Asia Pacific Equity Fund A Acc EUR
LU0498180685;A1XBWX;FONDS;Nein;Aberdeen Standard SICAV I - Asian Smaller Companies Fund A AInc EUR
LU0498181733;A1C5UV;FONDS;Nein;Aberdeen Standard SICAV I - Emerging Markets Equity Fund A Acc EUR
LU0498184596;A1T8AH;FONDS;Nein;Aberdeen Standard SICAV I - Indian Equity Fund A Acc EUR
LU0501845795;A1CW64;FONDS;Nein;UBS (Lux) Equity Fund - Greater China (USD) (SGD) P-acc
LU0503631714;A1C3LM;FONDS;Nein;Pictet - Global Environmental Opportunities P EUR
LU0503631987;A1C4SR;FONDS;Nein;Pictet - Global Environmental Opportunities R EUR
LU0503632282;A1C3LQ;FONDS;Nein;Pictet - Global Environmental Opportunities P USD
LU0503634221;A1CYMB;FONDS;Nein;Pictet - SmartCity P EUR
LU0503635202;A1CYMC;FONDS;Nein;Pictet - SmartCity P USD
LU0503938366;A1CW41;FONDS;Nein;AXA World Funds - Framlington Evolving Trends A Capitalisation EUR
LU0504448563;A1CXCB;FONDS;Nein;Phaidros Funds - Conservative A
LU0504448647;A1CXCC;FONDS;Nein;Phaidros Funds - Conservative B
LU0506868503;A1CXWP;FONDS;Nein;Stuttgarter Dividendenfonds
LU0507265923;DWS0ZD;FONDS;Nein;DWS Invest - DWS Invest Top Dividend LC
LU0507266061;DWS0ZE;FONDS;Nein;DWS Invest - DWS Invest Top Dividend LD
LU0509642566;A1CYW9;FONDS;Nein;Schroder International Selection Fund - Global Emerging Market Opportunities A distributing
LU0511383332;A1C009;FONDS;Nein;AB SICAV I - Sustainable Global Thematic Portfolio A EUR H
LU0512092221;A1C10R;FONDS;Nein;Morgan Stanley Investment Funds - Global Infrastructure Fund - AH (EUR) accumulating
LU0514694370;DBX0GW;ETF;Ja;Xtrackers MSCI Malaysia UCITS ETF 1C
LU0514694701;DBX0GY;ETF;Ja;Xtrackers MSCI Thailand UCITS ETF 1C
LU0514695187;DBX0G0;ETF;Ja;Xtrackers MSCI India Swap UCITS ETF 1C
LU0514695690;DBX0G2;ETF;Ja;Xtrackers MSCI China UCITS ETF 1C
LU0517465034;A1C0SM;FONDS;Nein;Franklin Templeton Investment Funds - Templeton Global Total Return Fund A (Ydis) EUR-H1
LU0522352516;A1C1GE;FONDS;Nein;JPMorgan Funds - JPM India D (acc) - EUR
LU0522352607;A1C1GF;FONDS;Nein;JPMorgan Funds - JPM China D (acc) - EUR
LU0522352862;A1C1GH;FONDS;Nein;JPMorgan Funds - JPM Latin America Equity D (acc) - EUR
LU0522352946;A1C1GJ;FONDS;Nein;JPMorgan Funds - JPM Greater China D (acc) - EUR
LU0524291613;A1JGTL;FONDS;Nein;HSBC Global Investment Funds - HSBC GLOBAL INVESTMENT FUNDS - GLOBAL HIGH INCOME BOND AC
LU0524480265;DBX0HM;ETF;Ja;Xtrackers II iBoxx Eurozone Government Bond Yield Plus UCITS ETF 1C
LU0528227936;A1JUFQ;FONDS;Nein;Fidelity Funds - Global Demographics Fund A-ACC-USD
LU0529381476;A1C5JY;FONDS;Nein;NN (L) European High Yield - P Cap EUR
LU0529499807;A1C6LZ;FONDS;Nein;GAM Multistock - Asia Focus Equity A dis
LU0529499989;A1C6L0;FONDS;Nein;GAM Multistock - Asia Focus Equity B acc
LU0533032859;LYX0GL;ETF;Ja;Amundi MSCI World Financials UCITS ETF EUR Acc
LU0533033071;LYX0G7;ETF;Ja;Amundi MSCI World Financials UCITS ETF USD Acc
LU0533033238;LYX0GM;ETF;Ja;Amundi MSCI World Health Care UCITS ETF EUR Acc
LU0533033311;LYX0G3;ETF;Ja;Amundi MSCI World Health Care UCITS ETF USD Acc
LU0533033667;LYX0GP;ETF;Ja;Amundi MSCI World Information Technology UCITS ETF EUR Acc
LU0533033741;LYX0GZ;ETF;Ja;Amundi MSCI World Information Technology UCITS ETF USD Acc
LU0542502157;A1C5BQ;FONDS;Nein;Allianz Global Investors Fund - Allianz Europe Equity SRI A (EUR)
LU0543330483;A1JQKE;FONDS;Nein;Franklin Templeton Investment Funds - Templeton Asian Growth Fund A (acc) HKD
LU0545039389;A1C8TA;FONDS;Nein;BlackRock Global Funds - Global Equity Income Fund Class A2 USD
LU0545439217;A1C63H;FONDS;Nein;Robeco Capital Growth Funds - Robeco High Yield Bonds 0DH EUR
LU0546066993;A1C6KQ;FONDS;Nein;AXA IM Fixed Income Investment Strategies - US Corporate Intermediate Bonds F Capitalisation EUR (Hedged)
LU0546914168;A1H9Q9;FONDS;Nein;NN (L) Asian Debt (Hard Currency) - P Cap USD
LU0546915058;A1H9RQ;FONDS;Nein;NN (L) Emerging Markets Debt (Hard Currency) - P Cap EUR (hedged i)
LU0546920488;A1H9RE;FONDS;Nein;NN (L) US Credit - P Cap USD
LU0551365645;A1JANF;FONDS;Nein;HSBC Global Investment Funds - HSBC GLOBAL INVESTMENT FUNDS - INDIAN EQUITY ACEUR
LU0551476806;A1C7C2;FONDS;Ja;ÖkoWorld - ÖkoVision® Classic
LU0552029232;A1C8Q1;FONDS;Nein;AMUNDI FUNDS - AMUNDI FUNDS SBI FM INDIA EQUITY - A EUR (C)
LU0552385295;A1H6XK;FONDS;Ja;Morgan Stanley Investment Funds - Global Opportunity Fund - A accumulating
LU0552385618;A1H6XN;FONDS;Nein;Morgan Stanley Investment Funds - Global Opportunity Fund - AH (EUR) accumulating
LU0552899998;A1JQYK;FONDS;Nein;Morgan Stanley Investment Funds - Global Brands Fund - AHX (EUR) distributing
LU0553164731;A1C7Y8;FONDS;Ja;DJE - DJE - Zins & Dividende - PA (EUR)
LU0553169458;A1C7Y9;FONDS;Nein;DJE - DJE - Zins & Dividende - I (EUR)
LU0555809101;A1C8D4;FONDS;Nein;Schroder International Selection Fund - Hong Kong Equity A1 accumulating
LU0557858130;A1H4DU;FONDS;Nein;AMUNDI FUNDS - AMUNDI FUNDS EMERGING WORLD EQUITY - A EUR (C)
LU0557858213;A1H4DV;FONDS;Nein;AMUNDI FUNDS - AMUNDI FUNDS EMERGING WORLD EQUITY - A EUR AD (D)
LU0557861274;A1H4EL;FONDS;Nein;AMUNDI FUNDS - AMUNDI FUNDS GLOBAL AGGREGATE BOND - A EUR (C)
LU0557867800;A1H4FZ;FONDS;Nein;AMUNDI FUNDS - AMUNDI FUNDS JAPAN EQUITY VALUE - A2 EUR AD (D)
LU0560335993;A1C9FZ;FONDS;Nein;JPMorgan Funds - JPM Emerging Markets Corporate Bond A (dist) - EUR (hedged)
LU0562313402;A1C9QA;FONDS;Nein;Schroder International Selection Fund - Frontier Markets Equity A accumulating
LU0562822386;A0PAZR;FONDS;Nein;BlackRock Global Funds - European Equity Income Fund Class A2 EUR
LU0565135232;A1JQVU;FONDS;Nein;FIRST EAGLE AMUNDI - FIRST EAGLE AMUNDI INTERNATIONAL FUND - AHG (C)
LU0565135745;A1JQVV;FONDS;Nein;FIRST EAGLE AMUNDI - FIRST EAGLE AMUNDI INTERNATIONAL FUND - AE (C)
LU0566480116;A1JFG4;FONDS;Nein;Aberdeen Standard SICAV I - Emerging Markets Corporate Bond Fund A Acc USD
LU0566486667;A1H5E4;FONDS;Nein;Aberdeen Standard SICAV I - Latin American Equity Fund A Acc Hedged EUR
LU0566497433;A1H4KK;FONDS;Nein;UBS (Lux) Equity SICAV - European High Dividend (EUR) P-acc
LU0568583776;A1H4X1;FONDS;Nein;AMUNDI FUNDS - AMUNDI FUNDS EQUITY JAPAN TARGET - A EUR AD (D)
LU0568613946;A1H4YB;FONDS;Nein;AMUNDI FUNDS - AMUNDI FUNDS EQUITY MENA - A USD (C)
LU0569974404;A1H5UL;AKTIE;Ja;APERAM S.A.
LU0570870567;A1JJHG;FONDS;Ja;Threadneedle (Lux) - Global Smaller Companies - AE - EUR
LU0571085330;A1JJL9;FONDS;Nein;Vontobel Fund - mtx Sustainable Emerging Markets Leaders A
LU0571085413;A1JJMA;FONDS;Nein;Vontobel Fund - mtx Sustainable Emerging Markets Leaders B
LU0572939261;A1JKS7;FONDS;Nein;Janus Henderson Horizon Fund - Janus Henderson Horizon Asian Dividend Income Fund A2 EUR
LU0572939691;A1JKS8;FONDS;Nein;Janus Henderson Horizon Fund - Janus Henderson Horizon Asian Dividend Income Fund A2 SGD
LU0572952280;A1JKTK;FONDS;Nein;Janus Henderson Horizon Fund - Janus Henderson Horizon Global Technology Leaders Fund A2 EUR
LU0578147992;A1H54Y;FONDS;Nein;BL - BL-Equities Japan - A distributing
LU0578148453;A1H541;FONDS;Nein;BL - BL-Equities Japan - B accumulating
LU0580224037;A1H6AE;FONDS;Nein;Sauren Emerging Markets Balanced -D-
LU0582533245;A1JJPP;FONDS;Nein;Robeco Capital Growth Funds - Robeco QI Emerging Conservative Equities D EUR
LU0584671464;A1H63F;AKTIE;Ja;ADECOAGRO S.A. DL 1,50
LU0585535577;A1H6Y5;FONDS;Nein;CB Geldmarkt Deutschland I P EUR
LU0589944643;A1H67A;FONDS;Nein;Allianz Global Investors Fund - Allianz Global Metals And Mining A (EUR)
LU0591897516;A1H7MB;FONDS;Nein;Schroder International Selection Fund - European Innovators A accumulating
LU0592215403;DBX0H9;ETF;Ja;Xtrackers MSCI Philippines UCITS ETF 1C
LU0592216393;DBX0HR;ETF;Ja;Xtrackers Spain UCITS ETF 1C
LU0592217524;DBX0HX;ETF;Ja;Xtrackers MSCI Africa Top 50 Swap UCITS ETF 1C
LU0592650161;A1H7Y4;FONDS;Nein;Franklin Templeton Investment Funds - Templeton Asian Smaller Companies Fund N (acc) USD
LU0592650245;A1H7Y5;FONDS;Nein;Franklin Templeton Investment Funds - Templeton Asian Smaller Companies Fund N (acc) EUR
LU0592650328;A1H7Y6;FONDS;Nein;Franklin Templeton Investment Funds - Templeton Latin America Fund A (acc) EUR
LU0592698954;A1H7X0;FONDS;Nein;Carmignac Portfolio - Emerging Patrimoine - A EUR Acc
LU0592699093;A1H7X1;FONDS;Nein;Carmignac Portfolio - Emerging Patrimoine - E EUR Acc
LU0594300096;A1JH3G;FONDS;Nein;Fidelity Funds - China Consumer Fund A-ACC-Euro
LU0594300252;A1JH3J;FONDS;Nein;Fidelity Funds - China Consumer Fund A-Euro
LU0594300419;A1JH3K;FONDS;Nein;Fidelity Funds - China Consumer Fund A-USD
LU0599612842;A1JH10;ETF;Nein;Ossiam Europe ESG Machine Learning UCITS ETF 1C/A (EUR)
LU0599613147;A1JH12;ETF;Nein;Ossiam Stoxx® Europe 600 Equal Weight NR UCITS ETF 1C/A (EUR)
LU0599946893;DWSK00;FONDS;Nein;DWS Concept - DWS Concept Kaldemorgen LC
LU0599946976;DWSK01;FONDS;Nein;DWS Concept - DWS Concept Kaldemorgen LD
LU0599947198;DWSK02;FONDS;Nein;DWS Concept - DWS Concept Kaldemorgen NC
LU0600005812;A1JC26;FONDS;Nein;Goldman Sachs Funds SICAV - Goldman Sachs Global Strategic Income Bond Portfolio Base Shares
LU0602537069;A1H9ZT;FONDS;Nein;Nordea 1 - Low Duration US High Yield Bond Fund - BP - USD
LU0602539602;A1JHTL;FONDS;Nein;Nordea 1 - Emerging Stars Equity Fund - BP - USD
LU0605515377;A1JSY4;FONDS;Nein;Fidelity Funds - Global Dividend Fund A-ACC-Euro (hedged)
LU0607203980;A1JABB;AKTIE;Ja;IMC S.A.
LU0607220059;A1H8C8;FONDS;Nein;Schroder International Selection Fund - Hong Kong Equity A accumulating
LU0607512778;A1JDBJ;FONDS;Nein;Invesco Funds SICAV - Invesco Developed Small and Mid-Cap Equity Fund Class A accumulation - USD
LU0607513230;A1JDBL;FONDS;Nein;Invesco Funds SICAV - Invesco Global Equity Income Fund Class A accumulation - USD
LU0607513404;A1JDBM;FONDS;Nein;Invesco Funds SICAV - Invesco Global Equity Income Fund Class C accumulation - USD
LU0607522496;A1JDEZ;FONDS;Nein;Invesco Funds SICAV - Invesco Nippon Small/Mid Cap Equity Fund Class A annual distribution - USD
LU0608807516;A1JJKN;FONDS;Nein;Franklin Templeton Investment Funds - Templeton Emerging Markets Dynamic Income Fund A (acc) EUR
LU0608807946;A1JJKR;FONDS;Nein;Franklin Templeton Investment Funds - Templeton Emerging Markets Dynamic Income Fund A (Qdis) USD
LU0611173930;A1H8N1;FONDS;Nein;UBS (Lux) Equity SICAV - Global High Dividend (USD) (EUR hedged) P-acc
LU0612318385;A1JJG4;FONDS;Nein;BlackRock Global Funds - Natural Resources Growth & Income Fund Class A2 USD
LU0613488591;A1JJEX;FONDS;Nein;JPMorgan Funds - JPM Asia Pacific Equity A (dist) - USD
LU0613540268;DBX0HH;ETF;Ja;Xtrackers II Italy Government Bond 0-1 Swap UCITS ETF 1C
LU0614173549;DBX0JH;ETF;Ja;Xtrackers II Eurozone Government Bond 1-3 UCITS ETF 1D
LU0614173895;DBX0JJ;ETF;Ja;Xtrackers II Eurozone Government Bond 3-5 UCITS ETF 1D
LU0614923216;A1H84T;FONDS;Nein;B&B Fonds - Dynamisch
LU0616839766;DWS04F;FONDS;Nein;DWS Invest - DWS Invest Euro High Yield Corporates LD
LU0616856422;DWS06M;FONDS;Nein;DWS Invest - DWS Invest China Bonds USD LC
LU0616856935;DWS06P;FONDS;Nein;DWS Invest - DWS Invest Brazilian Equities LC
LU0619515397;A1H982;FONDS;Nein;BlackRock Global Funds - European Equity Income Fund Class A4G EUR
LU0622167517;A1JAM4;FONDS;Nein;HSBC Global Investment Funds - HSBC GLOBAL INVESTMENT FUNDS - GLOBAL EMERGING MARKETS EQUITY ACEUR
LU0622663176;A1JUN8;FONDS;Nein;Robeco Capital Growth Funds - Robeco Financial Institutions Bonds DH EUR
LU0625451603;A1JGZR;FONDS;Nein;BlackRock Global Funds - Global Equity Income Fund Class A2 Hedged EUR
LU0626262082;A1JAXC;FONDS;Nein;Franklin Templeton Investment Funds - Templeton Emerging Markets Fund A (acc) EUR-H1
LU0628613803;A1JGP7;FONDS;Nein;BlackRock Global Funds - Continental European Flexible Fund Class A4 EUR
LU0629459743;A1JA1R;ETF;Ja;UBS (Lux) Fund Solutions – MSCI World Socially Responsible UCITS ETF (USD) A-dis
LU0629460089;A1JA1S;ETF;Nein;UBS (Lux) Fund Solutions – MSCI USA Socially Responsible UCITS ETF (USD) A-dis
LU0629460675;A1JA1T;ETF;Nein;UBS (Lux) Fund Solutions – MSCI EMU Socially Responsible UCITS ETF (EUR) A-dis
LU0629460832;A1JA1U;ETF;Ja;UBS (Lux) Fund Solutions – MSCI Pacific Socially Responsible UCITS ETF (USD) A-dis
LU0631905352;A1JGR4;FONDS;Nein;Allianz Global Investors Fund - Allianz Renminbi Fixed Income A (H2-EUR)
LU0632805262;DWS08E;FONDS;Nein;DWS Invest - DWS Invest China Bonds LCH
LU0633102719;A1JJ4U;AKTIE;Ja;SAMSONITE GROUP S.A.
LU0633140644;A1JG4G;FONDS;Nein;AB SICAV I - Emerging Markets Multi-Asset Portfolio A
LU0634509953;A1JYYS;FONDS;Nein;Nordea 1 - Balanced Income Fund - BP - EUR
LU0634510613;A1J04M;FONDS;Nein;Nordea 1 - Indian Equity Fund - BP - USD
LU0634998545;A1JBVE;FONDS;Nein;Bantleon Select SICAV - Bantleon Global Multi Asset PA
LU0637302547;A1JP00;FONDS;Nein;Nordea 1 - Emerging Market Corporate Bond Fund - BP - EUR
LU0637335638;A1J04S;FONDS;Nein;Nordea 1 - Indian Equity Fund - BP - EUR
LU0638090042;A1JBV8;FONDS;Nein;Schroder International Selection Fund - Global Cities A accumulating
LU0640476718;A1JMUA;FONDS;Nein;Threadneedle (Lux) - US Contrarian Core Equities - AU - USD
LU0640488994;A1J9G5;FONDS;Nein;Threadneedle (Lux) - Global Multi Asset Income - AEH - EUR
LU0641007009;DBX0L2;ETF;Ja;Xtrackers II Global Inflation-Linked Bond UCITS ETF 2C - USD Hedged
LU0641748271;A1JDC5;FONDS;Nein;DNCA Invest - DNCA Invest - Eurose AD/D (EUR)
LU0643975161;DBX0KA;ETF;Ja;Xtrackers II Germany Government Bond UCITS ETF 1C
LU0643975591;DBX0KC;ETF;Ja;Xtrackers II Eurozone Government Bond UCITS ETF 1D
LU0649391066;DWS037;FONDS;Nein;DWS Funds - DWS ESG Zinseinkommen LD
LU0650957938;A1JL2E;FONDS;Nein;Fidelity Active STrategy - Emerging Markets Fund A-ACC-USD
LU0651946864;A1JHHV;FONDS;Nein;BlackRock Global Funds - Emerging Markets Equity Income Fund Class A2 USD
LU0659578842;DBX0KG;ETF;Ja;Xtrackers MSCI Singapore UCITS ETF 1C
LU0659579063;DBX0KJ;ETF;Ja;Xtrackers ATX UCITS ETF 1C
LU0659579147;DBX0KK;ETF;Ja;Xtrackers MSCI Pakistan Swap UCITS ETF 1C
LU0659579733;DBX0KQ;ETF;Ja;Xtrackers MSCI World Swap UCITS ETF 4C - EUR Hedged
LU0659580079;DBX0KT;ETF;Ja;Xtrackers MSCI Japan UCITS ETF 4C - EUR Hedged
LU0666199749;A1JRL8;FONDS;Nein;HSBC Global Investment Funds - HSBC GLOBAL INVESTMENT FUNDS - FRONTIER MARKETS AC
LU0666200265;A1JRL9;FONDS;Nein;HSBC Global Investment Funds - HSBC GLOBAL INVESTMENT FUNDS - FRONTIER MARKETS AD
LU0671493277;A1JHNE;ETF;Nein;UBS (Lux) Fund Solutions – MSCI EMU Small Cap UCITS ETF (EUR) A-dis
LU0671501129;A1JHNS;FONDS;Nein;Schroder International Selection Fund - Global Dividend Maximiser A distributing
LU0671501392;A1JHNT;FONDS;Nein;Schroder International Selection Fund - Global Dividend Maximiser A1 distributing
LU0677077884;DBX0MB;ETF;Ja;Xtrackers II USD Emerging Markets Bond UCITS ETF 2D
LU0679941327;A1JNAC;FONDS;Nein;BlackRock Global Funds - China Bond Fund Class A2 USD
LU0683716608;A1JK7K;FONDS;Nein;Schroder International Selection Fund - Global Cities A distributing
LU0690374961;A1W1RE;FONDS;Nein;Fundsmith SICAV - Fundsmith Equity Fund R Class Income EUR
LU0690964092;DBX0MF;ETF;Ja;Xtrackers II Global Government Bond UCITS ETF 1D - EUR Hedged
LU0692309460;A1JMZD;FONDS;Nein;HSBC Global Investment Funds - HSBC GLOBAL INVESTMENT FUNDS - RMB FIXED INCOME AD
LU0693782939;A1JSDS;FONDS;Nein;Nordea 1 - Norwegian Bond Fund - AP - NOK
LU0694238501;A1JM8Q;FONDS;Nein;Morgan Stanley Investment Funds - Global Balanced Risk Control Fund of Funds - A accumulating
LU0702159426;A1JTXS;FONDS;Nein;Fidelity Funds - Asian Smaller Companies Fund A-Euro
LU0702159699;A1JTXP;FONDS;Nein;Fidelity Funds - Asian Smaller Companies Fund A-ACC-USD
LU0702159772;A1JTXT;FONDS;Nein;Fidelity Funds - Asian Smaller Companies Fund A-ACC-Euro
LU0705260189;A1JREV;FONDS;Nein;Nordea 1 - Global Real Estate Fund - BP - USD
LU0706127809;A1JPM5;FONDS;Nein;UBS (Lux) Bond SICAV - Global Short Term Flexible (USD) (EUR hedged) P-acc
LU0706717351;A1JPF5;FONDS;Nein;Allianz Global Investors Fund - Allianz Advanced Fixed Income Euro A (EUR)
LU0708055370;A1JRME;FONDS;Nein;HSBC Global Investment Funds - HSBC GLOBAL INVESTMENT FUNDS - FRONTIER MARKETS ACEUR
LU0717748643;A1JQ1L;FONDS;Nein;Invesco Funds SICAV - Invesco China Focus Equity Fund Class A accumulation - USD
LU0718510018;A1JQ0Z;FONDS;Nein;LO Funds - All Roads, (EUR) RA
LU0721552544;A1JRC9;ETF;Nein;UBS (Lux) Fund Solutions – Bloomberg US 1-3 Year Treasury Bond UCITS ETF (USD) A-dis
LU0721552973;A1JRDC;ETF;Nein;UBS (Lux) Fund Solutions – Bloomberg US 7-10 Year Treasury Bond UCITS ETF (USD) A-dis
LU0723564463;A1JY0P;FONDS;Nein;UBS (Lux) Equity SICAV - European Opportunity Unconstrained (EUR) P-acc
LU0724617625;A1JRXN;FONDS;Nein;BlackRock Global Funds - Global Allocation Fund Class A4 USD
LU0724618789;A1JRXY;FONDS;Nein;BlackRock Global Funds - World Gold Fund Class A4 USD
LU0725887540;A1JSKD;FONDS;Nein;BlackRock Strategic Funds - BlackRock Americas Diversified Equity Absolute Return Fund Class A2 USD
LU0725892466;A1JSKE;FONDS;Nein;BlackRock Strategic Funds - BlackRock Americas Diversified Equity Absolute Return Fund Class A2 Hedged EUR
LU0725974439;A1JVSS;FONDS;Nein;Pictet - Quest Emerging Sustainable Equities P EUR
LU0726357527;A1JTEC;FONDS;Nein;Pictet - EUR Short Term High Yield P
LU0731782404;A1JSY0;FONDS;Ja;Fidelity Funds - Global Dividend Fund A-QINCOME(G)-Euro
LU0731782586;A1JSY1;FONDS;Nein;Fidelity Funds - Global Dividend Fund A-QINCOME(G)-USD
LU0731782826;A1JSY2;FONDS;Nein;Fidelity Funds - Global Dividend Fund A-MINCOME(G)-Euro
LU0736559278;A1JU0L;FONDS;Nein;AB SICAV I - Select Absolute Alpha Portfolio A EUR H
LU0740822621;DWS099;FONDS;Nein;DWS Invest - DWS Invest German Equities LC
LU0740822977;DWS1AA;FONDS;Nein;DWS Invest - DWS Invest German Equities LD
LU0740823439;DWS1AB;FONDS;Nein;DWS Invest - DWS Invest German Equities NC
LU0740830996;DWS1BF;FONDS;Nein;DWS Invest - DWS Invest China Bonds LDH
LU0747139391;A1JT7S;FONDS;Nein;Schroder International Selection Fund - QEP Global Emerging Markets A accumulating
LU0755949681;A1KA33;FONDS;Nein;AMUNDI FUNDS - AMUNDI FUNDS EUROPEAN EQUITY CONSERVATIVE - M EUR (C)
LU0755949848;A1KA34;FONDS;Nein;AMUNDI FUNDS - AMUNDI FUNDS EUROPEAN EQUITY CONSERVATIVE - A EUR (C)
LU0755949921;A1KA35;FONDS;Nein;AMUNDI FUNDS - AMUNDI FUNDS EUROPEAN EQUITY CONSERVATIVE - A EUR AD (D)
LU0757359954;A1JVBC;FONDS;Nein;Schroder International Selection Fund - Global Multi-Asset Income A distributing
LU0757360457;A1JVBG;FONDS;Nein;Schroder International Selection Fund - Global Multi-Asset Income A accumulating
LU0757360960;A1JVBM;FONDS;Nein;Schroder International Selection Fund - Global Multi-Asset Income A distributing
LU0757428866;A1JVLE;FONDS;Nein;Threadneedle (Lux) - Global Smaller Companies - AE - USD
LU0757431068;A1JVL0;FONDS;Ja;Threadneedle (Lux) - Global Focus - AU - EUR
LU0757432546;A1JVME;FONDS;Nein;Threadneedle (Lux) - Pan European Small Cap Opportunities - AE - USD
LU0759896797;A1JVMV;FONDS;Nein;Phaidros Funds - Balanced D
LU0766462104;A1JV7V;FONDS;Nein;Allianz Global Investors Fund - Allianz Income And Growth A (H2-EUR)
LU0769137737;A1JWJF;FONDS;Nein;BlackRock Global Funds - Continental European Flexible Fund Class A2 USD
LU0770104676;A1J6J5;FONDS;Nein;HSBC Global Investment Funds - HSBC GLOBAL INVESTMENT FUNDS - GLOBAL HIGH INCOME BOND AD
LU0772944145;A1J53Z;FONDS;Nein;Nordea 1 - European Financial Debt Fund - BP - EUR
LU0772957048;A1J7UW;FONDS;Nein;Nordea 1 - North American Stars Equity Fund - AP - EUR
LU0772958525;A1J0G1;FONDS;Nein;Nordea 1 - North American Stars Equity Fund - BP - USD
LU0772959259;A1J7UU;FONDS;Nein;Nordea 1 - North American Stars Equity Fund - HB - EUR
LU0772969993;A1JWQ2;FONDS;Nein;Fidelity Funds - Global Dividend Fund A-ACC-USD
LU0775052292;A1JWYR;FONDS;Nein;UBS (Lux) Equity SICAV - German High Dividend (EUR) P-acc
LU0775917882;A1JXCV;AKTIE;Ja;GRAND CITY PROPERT.EO-,10
LU0776410689;A1JYBQ;FONDS;Nein;Schroder International Selection Fund - Global Diversified Growth A accumulating
LU0779800910;DBX0M2;ETF;Ja;Xtrackers CSI300 Swap UCITS ETF 1C
LU0780247804;A1J3GG;FONDS;Nein;HSBC Global Investment Funds - HSBC GLOBAL INVESTMENT FUNDS - INDIA FIXED INCOME AC
LU0780251400;A1W4WJ;FONDS;Nein;HSBC Global Investment Funds - HSBC GLOBAL INVESTMENT FUNDS - GLOBAL HIGH YIELD BOND AC
LU0781237614;DWS1D8;FONDS;Nein;DWS Invest II - DWS Invest II European Top Dividend LC
LU0781237705;DWS1D9;FONDS;Nein;DWS Invest II - DWS Invest II European Top Dividend LD
LU0781238778;DWS1EH;FONDS;Nein;DWS Invest II - DWS Invest II US Top Dividend LC
LU0784383399;A1121W;FONDS;Nein;BlackRock Global Funds - Global Multi-Asset Income Fund Class A2 Hedged EUR
LU0784383712;A1XFBY;FONDS;Nein;BlackRock Global Funds - Global Multi-Asset Income Fund Class A4G Hedged EUR
LU0784384876;A1JZCF;FONDS;Nein;BlackRock Global Funds - Global Multi-Asset Income Fund Class A6 USD
LU0784385170;A1JZCG;FONDS;Nein;BlackRock Global Funds - Global Multi-Asset Income Fund Class A6 Hedged HKD
LU0784385840;A1JZCH;FONDS;Nein;BlackRock Global Funds - Global Multi-Asset Income Fund Class A2 USD
LU0794790476;A1JZ9S;FONDS;Nein;Invesco Funds SICAV - Invesco Euro Corporate Bond Fund Class A annual distribution - EUR
LU0794790716;A1JZ9V;FONDS;Nein;Invesco Funds SICAV - Invesco Pan European High Income Fund Class A annual distribution - EUR
LU0800346016;A1J0HV;FONDS;Ja;ÖkoWorld - ÖkoWorld Growing Markets 2.0
LU0800572702;A1J0LY;FONDS;Nein;AXA World Funds - Emerging Markets Short Duration Bonds A Capitalisation EUR (Hedged)
LU0807690085;A1J2R9;FONDS;Nein;Carmignac Portfolio - Global Bond A USD Acc Hdg
LU0807690168;A1J2RF;FONDS;Nein;Carmignac Portfolio - Global Bond A EUR Ydis
LU0807690911;A1J2KK;FONDS;Nein;Carmignac Portfolio - Emerging Patrimoine - A EUR Ydis
LU0809243487;A1J1GX;FONDS;Nein;Bankhaus Neelmeyer Rentenstrategie
LU0813337002;DWS1JM;FONDS;Nein;DWS Invest - DWS Invest Latin American Equities NC
LU0813337184;DWS1JN;FONDS;Nein;DWS Invest - DWS Invest Latin American Equities USD LC
LU0816909369;A1J5H8;FONDS;Nein;MainFirst - Emerging Markets Corporate Bond Fund Balanced A2
LU0820561909;A1J24R;FONDS;Nein;Allianz Global Investors Fund - Allianz Income And Growth AM (HKD)
LU0820776002;A1J501;FONDS;Nein;Goldman Sachs Funds SICAV - Goldman Sachs US Real Estate Balanced Portfolio Class E Shares (Acc.) (EUR-Hedged)
LU0820944071;A1J28K;FONDS;Nein;Schroder International Selection Fund - Asian Equity Yield A accumulating
LU0820950128;DBX0ND;ETF;Ja;Xtrackers II EUR Covered Bond Swap UCITS ETF 1C
LU0821914370;A1J4JU;FONDS;Nein;BlackRock Global Funds - Asian Growth Leaders Fund Class A2 USD
LU0823379622;A1T8RJ;FONDS;Nein;BNP Paribas Funds - Asia ex-Japan Bond Classic CAPITALISATION
LU0823386163;A1T8SQ;FONDS;Nein;BNP Paribas Funds - Local Emerging Bond Classic CAPITALISATION
LU0823386320;A1W1CA;FONDS;Nein;BNP Paribas Funds - Local Emerging Bond Classic DISTRIBUTION
LU0823397525;A1T8UE;FONDS;Nein;BNP Paribas Funds - Asia ex-Japan Equity Classic EUR DISTRIBUTION
LU0823398176;A1T8UH;FONDS;Nein;BNP Paribas Funds - Asia ex-Japan Equity Privilege CAPITALISATION
LU0823401574;A1T8UZ;FONDS;Nein;BNP Paribas Funds - Euro Equity Classic CAPITALISATION
LU0823401731;A1T8U0;FONDS;Nein;BNP Paribas Funds - Euro Equity Classic DISTRIBUTION
LU0823404248;A1T8VE;FONDS;Nein;BNP Paribas Funds - Europe Growth Classic CAPITALISATION
LU0823411706;A1T8WH;FONDS;Nein;BNP Paribas Funds - Consumer Innovators Classic CAPITALISATION
LU0823412423;A1T8WM;FONDS;Nein;BNP Paribas Funds - Consumer Innovators Privilege CAPITALISATION
LU0823413587;A1T8WT;FONDS;Nein;BNP Paribas Funds - Emerging Equity Classic CAPITALISATION
LU0823413660;A1T8WU;FONDS;Nein;BNP Paribas Funds - Emerging Equity Classic DISTRIBUTION
LU0823414049;A1T8WX;FONDS;Nein;BNP Paribas Funds - Emerging Equity Privilege CAPITALISATION
LU0823414635;A1T8W2;FONDS;Nein;BNP Paribas Funds - Energy Transition Classic CAPITALISATION
LU0823414718;A1T8W3;FONDS;Nein;BNP Paribas Funds - Energy Transition Classic DISTRIBUTION
LU0823416762;A1T8XH;FONDS;Nein;BNP Paribas Funds - Health Care Innovators Classic CAPITALISATION
LU0823425839;A1T8YY;FONDS;Nein;BNP Paribas Funds - China Equity Classic EUR CAPITALISATION
LU0823425912;A1T8YZ;FONDS;Nein;BNP Paribas Funds - China Equity Classic EUR DISTRIBUTION
LU0823426308;A1T8Y0;FONDS;Nein;BNP Paribas Funds - China Equity Classic CAPITALISATION
LU0823426480;A1T8Y1;FONDS;Nein;BNP Paribas Funds - China Equity Classic DISTRIBUTION
LU0823428429;A1T8ZG;FONDS;Nein;BNP Paribas Funds - India Equity Classic EUR DISTRIBUTION
LU0823431720;A1T8Z2;FONDS;Nein;BNP Paribas Funds - Russia Equity Classic CAPITALISATION
LU0823432025;A1T8Z3;FONDS;Nein;BNP Paribas Funds - Russia Equity Classic DISTRIBUTION
LU0823434740;A1T80M;FONDS;Nein;BNP Paribas Funds - US Growth Classic DISTRIBUTION
LU0828771344;A1J4B6;FONDS;Nein;DJE - DJE - Dividende & Substanz - PA (EUR)
LU0828815570;A1J4LV;FONDS;Nein;Janus Henderson Horizon Fund - Janus Henderson Horizon Euro High Yield Bond Fund A2 EUR
LU0830623988;A1KAKW;FONDS;Nein;Goldman Sachs Funds SICAV - Goldman Sachs India Equity Portfolio Class R Shares
LU0830625504;A1KAKT;FONDS;Nein;Goldman Sachs Funds SICAV - Goldman Sachs Emerging Markets CORE Equity Portfolio Class R Shares (Acc.) (Close)
LU0830625686;A1KAJZ;FONDS;Nein;Goldman Sachs Funds SICAV - Goldman Sachs Europe CORE Equity Portfolio Class R Shares
LU0830625769;A1T9JK;FONDS;Nein;Goldman Sachs Funds SICAV - Goldman Sachs Europe CORE Equity Portfolio Class R Shares (Acc.)
LU0831102792;A1J4LD;FONDS;Nein;JPMorgan Funds - JPM Latin America Equity A (acc) - EUR
LU0831568729;A1J4RH;FONDS;Ja;Flossbach von Storch - Dividend R
LU0832435464;LYX0PM;ETF;Ja;Amundi S&P 500 VIX Futures Enhanced Roll UCITS ETF Acc
LU0832436512;LYX0PP;ETF;Ja;Amundi Global Equity Quality Income UCITS ETF Dist
LU0836512615;A1J6K9;FONDS;Nein;BlackRock Global Index Funds-iShares World Equity Index Fund (LU) A2 USD
LU0836512706;A1J6KR;FONDS;Nein;BlackRock Global Index Funds-iShares Europe Equity Index Fund (LU) A2 EUR
LU0836512888;A1J6KX;FONDS;Nein;BlackRock Global Index Funds-iShares Japan Equity Index Fund (LU) A2 USD
LU0836512961;A1J6K5;FONDS;Nein;BlackRock Global Index Funds-iShares Pacific ex Japan Equity Index Fund (LU) A2 USD
LU0836513183;A1J6KD;FONDS;Nein;BlackRock Global Index Funds-iShares Emerging Markets Equity Index Fund (LU) A2 USD
LU0836513266;A1J6KP;FONDS;Nein;BlackRock Global Index Funds - iShares Euro Government Bond Index Fund (LU) Class A2 EUR
LU0836513423;A1J6KK;FONDS;Nein;BlackRock Global Index Funds - iShares Euro Aggregate Bond Index Fund (LU) Class A2 EUR
LU0836513696;A1J6KJ;FONDS;Nein;BlackRock Global Index Funds-iShares Emerging Markets Government Bond Index Fund (LU) A2 USD
LU0836513852;A1J6KV;FONDS;Nein;BlackRock Global Index Funds-iShares Global Government Bond Index Fund (LU) A2 USD
LU0838780707;DBX0NF;ETF;Ja;Xtrackers FTSE 100 UCITS ETF 1C
LU0838782315;DBX0NH;ETF;Ja;Xtrackers DAX Income UCITS ETF 1D
LU0839027447;DBX0NJ;ETF;Ja;Xtrackers Nikkei 225 UCITS ETF 1D
LU0839485744;A1J7BD;FONDS;Nein;BlackRock Global Funds - US Dollar Short Duration Bond Fund Class A2 Hedged EUR
LU0840466477;A1J5UZ;FONDS;Nein;JPMorgan Investment Funds - JPM Global Income A (dist) - EUR
LU0840617350;A1J5TA;FONDS;Nein;Allianz Global Investors Fund - Allianz German Equity AT (EUR)
LU0842063009;A1J7BF;FONDS;Nein;BlackRock Global Funds - World Real Estate Securities Fund Class A2 USD
LU0846194776;DBX0GJ;ETF;Ja;Xtrackers MSCI EMU UCITS ETF 1D
LU0848325295;A1J8DZ;FONDS;Nein;Vontobel Fund - Smart Data Equity A
LU0848325378;A1J8D0;FONDS;Nein;Vontobel Fund - Smart Data Equity B
LU0858224032;A1J8MD;FONDS;Nein;DJE - DJE - Concept - PA (EUR)
LU0858243842;A1J8MN;FONDS;Nein;Schroder International Selection Fund - BRIC (Brazil Russia India China) A distributing
LU0859966730;A1J92K;FONDS;Nein;Fidelity Funds - Sustainable Strategic Bond Fund A-GMDIST-Euro (hedged)
LU0860350148;A1T64G;FONDS;Nein;T. Rowe Price Funds SICAV - Emerging Markets Equity Fund - Q
LU0861579265;A141C0;FONDS;Nein;AB SICAV I - Low Volatility Equity Portfolio A
LU0862449427;A1J9HH;FONDS;Nein;JPMorgan Funds - JPM Emerging Markets Dividend A (acc) - USD
LU0862449773;A1J9HK;FONDS;Nein;JPMorgan Funds - JPM Emerging Markets Dividend A (dist) - EUR
LU0864709349;A1KCCM;FONDS;Nein;MainFirst - Global Equities Fund A
LU0864710354;A1KCCN;FONDS;Nein;MainFirst - Global Equities Fund B
LU0864714422;A1KCCE;FONDS;Nein;MainFirst - Absolute Return Multi Asset B
LU0868490383;A1KAY7;FONDS;Nein;AXA World Funds - Framlington Next Generation A Capitalisation EUR
LU0868753731;A1KCKD;FONDS;Nein;Morgan Stanley Investment Funds - Global Insight Fund - A accumulating
LU0869650977;A1KA9V;FONDS;Nein;BlackRock Global Funds - Euro Bond Fund Class A2 Hedged USD
LU0870553020;A1KA8D;FONDS;Nein;DNCA Invest - DNCA Invest - SRI Europe Growth A/A (EUR)
LU0872913917;A1KBEL;FONDS;Nein;Phaidros Funds - Fallen Angels A
LU0875160326;DBX0NK;ETF;Ja;Xtrackers Harvest CSI300 UCITS ETF 1D
LU0879397742;A1H9GF;ETF;Nein;UBS (Lux) Fund Solutions - SBI® Foreign AAA-BBB 1-5 ESG UCITS ETF (CHF) A-dis
LU0879399441;A1H9GG;ETF;Nein;UBS (Lux) Fund Solutions - SBI® Foreign AAA-BBB 5-10 ESG UCITS ETF (CHF) A-dis
LU0880975056;A1KCF3;FONDS;Nein;BlackRock Global Funds - Global Equity Income Fund Class A2 EUR
LU0889235379;A1KCWW;FONDS;Nein;Goldman Sachs Funds SICAV - Goldman Sachs US Real Estate Balanced Portfolio Base Shares (M-Dist)
LU0890805848;A1KDFE;FONDS;Nein;Assenagon Credit - Assenagon Credit Selection ESG P EUR
LU0897034418;A1H98W;FONDS;Nein;JPMorgan Funds - JPM Global Healthcare A (dist) - EUR
LU0905233846;A1T71S;FONDS;Nein;Fidelity Funds - Global Multi Asset Income Fund A-ACC-USD
LU0908500753;LYX0Q0;ETF;Ja;Amundi Stoxx Europe 600 - UCITS ETF Acc
LU0908501058;LYX0Q1;ETF;Ja;Amundi MSCI EMU ESG Broad Transition UCITS ETF ACC
LU0908508731;DBX0NM;ETF;Ja;Xtrackers II Global Government Bond UCITS ETF 5C
LU0908508814;DBX0NN;ETF;Ja;Xtrackers II Global Inflation-Linked Bond UCITS ETF 5C
LU0908554255;A1T69S;FONDS;Nein;Allianz Global Investors Fund - Allianz Europe Equity Growth Select A (EUR)
LU0909471251;A1T79B;FONDS;Nein;CS Investment Funds 2 - Credit Suisse (Lux) Security Equity Fund B USD
LU0912262788;A1WZC0;FONDS;Nein;Aberdeen Standard SICAV I - Japanese Equity Fund A Acc Hedged USD
LU0915365364;A1T96A;FONDS;Nein;Nordea 1 - Flexible Fixed Income Fund - BP - EUR
LU0915374861;A1T8Q4;FONDS;Nein;Nordea 1 - Latin American Equity Fund - AP - EUR
LU0922334643;A1T92J;FONDS;Nein;Fidelity Funds - Nordic Fund A-ACC-Euro
LU0925589839;DBX0K7;ETF;Ja;Xtrackers II iBoxx Eurozone Government Bond Yield Plus 1-3 UCITS ETF 1C
LU0927735406;DBX0NT;ETF;Ja;Xtrackers MSCI Japan UCITS ETF 2D - USD Hedged
LU0940004830;A1XEB8;FONDS;Nein;Robeco Capital Growth Funds - Robeco BP Global Premium Equities C EUR
LU0942970103;DBX0NV;ETF;Ja;Xtrackers II Global Aggregate Bond Swap UCITS ETF 1D
LU0942970798;DBX0NZ;ETF;Ja;Xtrackers II Global Aggregate Bond Swap UCITS ETF 5C - EUR Hedged
LU0943504760;DBX0NU;ETF;Ja;Xtrackers Switzerland UCITS ETF
LU0944408821;A1W0LQ;FONDS;Nein;MFS Meridian Funds - European Value W1EUR
LU0945775517;A1W162;FONDS;Nein;Fidelity Funds - America Fund A-ACC-Euro (hedged)
LU0950381748;A1W15E;ETF;Nein;BNP PARIBAS EASY - FTSE EPRA/NAREIT EUROZONE CAPPED UCITS ETF CAPITALISATION
LU0950592369;A116GM;FONDS;Nein;JSS Investmentfonds SICAV - JSS Sustainable Equity - Europe C EUR acc
LU0950674332;A1W3CQ;ETF;Ja;UBS (Lux) Fund Solutions – MSCI World Socially Responsible UCITS ETF (USD) A-acc
LU0950674928;A1W3LH;ETF;Nein;UBS (Lux) Fund Solutions – MSCI Pacific Socially Responsible UCITS ETF (USD) A-acc
LU0952573136;A1W17W;FONDS;Nein;Flossbach von Storch - Der erste Schritt R
LU0952573482;A1W17Y;FONDS;Ja;Flossbach von Storch - Multiple Opportunities II R
LU0952581584;DBX0N3;ETF;Ja;Xtrackers II Japan Government Bond UCITS ETF 1C
LU0954219464;A1W2U8;FONDS;Nein;StarCapital Winbonds plus R - EUR
LU0955010870;A1W3PB;FONDS;Nein;Morgan Stanley Investment Funds - Global Quality Fund - A accumulating
LU0955011415;A1W5DH;FONDS;Nein;Morgan Stanley Investment Funds - Global Quality Fund - AX distributing
LU0955648018;A1W3CY;FONDS;Nein;Schroder International Selection Fund - Asian Dividend Maximiser A distributing
LU0955662357;A1W3C2;FONDS;Nein;Schroder International Selection Fund - Asian Dividend Maximiser A accumulating
LU0955663751;A1W3C3;FONDS;Nein;Schroder International Selection Fund - Asian Dividend Maximiser A distributing
LU0955667075;A1W3C5;FONDS;Nein;Schroder International Selection Fund - Asian Dividend Maximiser B distributing
LU0956005226;A14RL0;FONDS;Nein;BNP Paribas Funds - Global Equity Classic CAPITALISATION
LU0959210278;LYX0RD;ETF;Ja;Amundi S&P Eurozone Dividend Aristocrat Screened UCITS ETF Dist
LU0959211243;LYX0RE;ETF;Ja;Amundi S&P 500 II UCITS ETF EUR Hedged Dist
LU0959626531;A1W3V3;FONDS;Nein;Schroder International Selection Fund - Indian Opportunities A accumulating
LU0962071741;DBX0N8;ETF;Ja;Xtrackers II iBoxx Eurozone Government Bond Yield Plus UCITS ETF 1D
LU0962078753;DBX0N9;ETF;Ja;Xtrackers II Global Inflation-Linked Bond UCITS ETF 1D - EUR Hedged
LU0962745302;A1W37R;FONDS;Nein;Allianz Global Investors Fund - Allianz Global Small Cap Equity AT (H-EUR)
LU0964807845;A1W4VN;FONDS;Nein;Allianz Global Investors Fund - Allianz Income And Growth A (USD)
LU0966248915;A1W6KF;FONDS;Nein;DPAM L - DPAM L Bonds EUR Corporate High Yield - A distributing
LU0967738971;HAFX6Q;FONDS;Ja;Patriarch Classic TSI B
LU0969575561;A1W6X2;FONDS;Nein;Variopartner SICAV - MIV Global Medtech Fund P3
LU0973708182;A1W6AG;FONDS;Nein;BlackRock Global Funds - Fixed Income Global Opportunities Fund Class A4 Hedged EUR
LU0973995813;A1W5SC;FONDS;Nein;Bantleon Select SICAV - Bantleon Yield Plus PA
LU0974299876;A117M8;AKTIE;Ja;GLOBANT SA NOM. DL 1,20
LU0975278572;A1W72R;FONDS;Nein;Nordea 1 - Chinese Equity Fund - BP - USD
LU0984218668;A1W7X5;FONDS;Nein;GAM Multistock - Luxury Brands Equity Ra dis
LU0987487336;A1W8BL;FONDS;Nein;Fidelity Funds - Global Multi Asset Income Fund A-ACC-Euro (hedged)
LU0988402904;A1W8KU;FONDS;Nein;Pictet - Absolute Return Fixed Income HR EUR
LU0989117667;DWS12A;FONDS;Nein;DWS Multi Opportunities LD
LU0991964320;A117HD;FONDS;Nein;NN (L) European Sustainable Equity - P Cap EUR
LU0992630599;A1W944;FONDS;Nein;Carmignac Portfolio - Global Bond F EUR Acc
LU0994505336;DBX0K8;ETF;Ja;Xtrackers Spain UCITS ETF 1D
LU0994675840;A2AQQ5;FONDS;Nein;Nordea 1 - Alpha 15 MA Fund - AP - EUR
LU0995865168;A1W8XH;FONDS;Nein;Allianz European Pension Investments - Allianz Strategy 50 A EUR
LU1003077663;A1XBHD;FONDS;Nein;BlackRock Global Funds - Global Multi-Asset Income Fund Class A8 Hedged GBP
LU1005243255;A1XAZQ;FONDS;Nein;BlackRock Global Funds - Fixed Income Global Opportunities Fund Class A2 EUR
LU1005412207;A14N2P;FONDS;Nein;AB SICAV I - Emerging Markets Low Volatility Equity Portfolio A
LU1009726206;A2AQQ4;FONDS;Nein;Nordea 1 - Alpha 10 MA Fund - AP - EUR
LU1011986426;A1XBKY;FONDS;Nein;MULTI-AXXION - CONCEPT - A
LU1011997381;A1XBWK;FONDS;Nein;AB SICAV I - Concentrated Global Equity Portfolio A
LU1011998942;A1XBWE;FONDS;Nein;AB SICAV I - Concentrated US Equity Portfolio A
LU1012015118;A1XBPF;FONDS;Nein;Flossbach von Storch - Global Emerging Markets Equities R
LU1019989323;A1XCBF;FONDS;Nein;Allianz Global Investors Fund - Allianz Dynamic Multi Asset Strategy 50 A EUR
LU1025014207;A1XCVS;FONDS;Nein;Fidelity Funds - Fidelity Target™ 2045 (Euro) Fund A-Euro
LU1032466523;A112RZ;FONDS;Nein;Goldman Sachs Funds SICAV - Goldman Sachs Global Multi-Asset Income Portfolio Base Shares (Acc.)
LU1033933612;A1XEBM;FONDS;Nein;JPMorgan Funds - JPM US Equity All Cap A (acc) - USD
LU1038809395;A1XEQ4;FONDS;Nein;Flossbach von Storch - Multiple Opportunities II RT
LU1040967272;A1XEUT;FONDS;Nein;BlackRock Strategic Funds - BlackRock Fixed Income Strategies Fund Class A4 EUR
LU1041599744;A1XE98;FONDS;Nein;JPMorgan Funds - JPM Income Fund A (div) - EUR (hedged)
LU1046231319;A110T7;FONDS;Nein;Schroder International Selection Fund - Frontier Markets Equity A distributing
LU1046421795;A110YQ;FONDS;Nein;Fidelity Funds - Global Technology Fund A-ACC-USD
LU1048313891;A110QD;ETF;Nein;UBS (Lux) Fund Solutions – MSCI Emerging Markets Socially Responsible UCITS ETF (USD) A-dis
LU1048313974;A110QE;ETF;Nein;UBS (Lux) Fund Solutions – MSCI Emerging Markets Socially Responsible UCITS ETF (USD) A-acc
LU1048314196;A110QF;ETF;Nein;UBS (Lux) Fund Solutions – Bloomberg Euro Area Liquid Corporates 1-5 Year UCITS ETF (EUR) A-dis
LU1048314949;A110QP;ETF;Nein;UBS (Lux) Fund Solutions – Bloomberg US Liquid Corporates 1-5 Year UCITS ETF (USD) A-dis
LU1048315243;A110QS;ETF;Nein;UBS (Lux) Fund Solutions – Bloomberg US Liquid Corporates 1-5 Year UCITS ETF (hedged to EUR) A-acc
LU1048316647;A110Q5;ETF;Nein;UBS (Lux) Fund Solutions – Bloomberg US Liquid Corporates UCITS ETF (USD) A-dis
LU1048317025;A110Q8;ETF;Nein;UBS (Lux) Fund Solutions – Bloomberg US Liquid Corporates UCITS ETF (hedged to EUR) A-acc
LU1048328220;A111C3;AKTIE;Ja;EDREAMS ODIGEO S.A.
LU1048684796;A110XQ;FONDS;Nein;Fidelity Funds - Emerging Markets Fund A-ACC-Euro
LU1048814831;A110XS;FONDS;Nein;Fidelity Active STrategy - Asia Fund A-ACC-Euro
LU1054320897;DWS19N;FONDS;Nein;DWS Invest - DWS Invest ESG Multi Asset Income LC
LU1054320970;DWS1KV;FONDS;Nein;DWS Invest - DWS Invest ESG Multi Asset Income LD
LU1055118761;A115AT;FONDS;Nein;DNCA Invest - DNCA Invest - Evolutif AD/D (EUR)
LU1055786526;A111FG;FONDS;Nein;Allianz Global Investors Fund - Allianz Asian Small Cap Equity AT USD
LU1057460591;A1114U;FONDS;Nein;Goldman Sachs Funds SICAV - Goldman Sachs Global Multi-Asset Conservative Portfolio Base Shares
LU1057461300;A11141;FONDS;Nein;Goldman Sachs Funds SICAV - Goldman Sachs Global Multi-Asset Conservative Portfolio Class R Shares (GBP-Partially Hedged)
LU1057462530;A1115B;FONDS;Nein;Goldman Sachs Funds SICAV - Goldman Sachs ESG-Enhanced Global Multi-Asset Balanced Portfolio Class R Shares (GBP-Partially Hedged)
LU1057463777;A1115M;FONDS;Nein;Goldman Sachs Funds SICAV - Goldman Sachs Global Multi-Asset Growth Portfolio Class R Shares (GBP-Partially Hedged)
LU1062843690;A11214;FONDS;Nein;BlackRock Global Funds - Global Multi-Asset Income Fund Class E2 Hedged EUR
LU1068779807;A1135U;FONDS;Nein;Bergos - US Equities A
LU1074971299;A1170W;FONDS;Nein;The Jupiter Global Fund - Jupiter European Growth - L EUR A Inc Dist
LU1079841273;A116QV;ETF;Nein;Ossiam Shiller Barclays CAPE® US Sector Value TR UCITS ETF 1C/A (EUR)
LU1079842321;A116QX;ETF;Nein;Ossiam Shiller Barclays CAPE® Europe Sector Value TR UCITS ETF 1C/A (EUR)
LU1079987720;A12AD7;FONDS;Nein;Nordea 1 - Nordic Stars Equity Fund - BP - EUR
LU1080015859;A12DXQ;FONDS;Nein;Edmond de Rothschild Fund - Emerging Credit B-EUR (H) distributing
LU1094612022;DBX0PN;ETF;Ja;Xtrackers II Harvest China Government Bond UCITS ETF 1D
LU1095740236;A119PU;FONDS;Nein;FIRST EAGLE AMUNDI - FIRST EAGLE AMUNDI INCOME BUILDER FUND - AHE (C)
LU1095740749;A119PZ;FONDS;Nein;FIRST EAGLE AMUNDI - FIRST EAGLE AMUNDI INCOME BUILDER FUND - FHE-QD (D)
LU1100077442;A12GBS;FONDS;Nein;CLARTAN - PATRIMOINE C EUR
LU1100077525;A12GBT;FONDS;Nein;CLARTAN - PATRIMOINE D EUR
LU1102505689;A12BKL;FONDS;Nein;Fidelity Funds - Emerging Markets Focus Fund A-Euro
LU1102505762;A12BKM;FONDS;Nein;Fidelity Funds - Emerging Markets Focus Fund A-USD
LU1102505929;A12BKP;FONDS;Nein;Fidelity Funds - Emerging Markets Focus Fund A-ACC-USD
LU1103294234;A2ABXD;FONDS;Nein;Edmond de Rothschild Fund - Strategic Emerging B-EUR distributing
LU1103691660;A12AKY;FONDS;Nein;SK Europa A (EUR)
LU1103787690;A12AV9;FONDS;Nein;CPR Invest - CPR Invest - Reactive - A EUR - Acc
LU1109939865;DBX0PP;ETF;Ja;Xtrackers II EUR High Yield Corporate Bond 1-3 Swap UCITS ETF 1D
LU1109942653;DBX0PR;ETF;Ja;Xtrackers II EUR High Yield Corporate Bond UCITS ETF 1D
LU1109943388;DBX0PS;ETF;Ja;Xtrackers II EUR High Yield Corporate Bond UCITS ETF 1C
LU1111122583;A12BH6;FONDS;Nein;Allianz Global Investors Fund - Allianz European Equity Dividend A2 EUR
LU1111702079;A14PAM;FONDS;Nein;JSS Investmentfonds SICAV - JSS Sustainable Multi Asset - Global Opportunities P CHF H2 acc
LU1116430247;A12CVD;FONDS;Nein;Fidelity Funds - Global Multi Asset Income Fund A-ACC-Euro
LU1121646852;A12HTH;FONDS;Nein;AMUNDI FUND SOLUTIONS - AMUNDI FUND SOLUTIONS - BALANCED - C EUR (C)
LU1121647157;A12HQJ;FONDS;Nein;AMUNDI FUND SOLUTIONS - AMUNDI FUND SOLUTIONS - SUSTAINABLE GROWTH - A (C)
LU1127514245;DBX0PU;ETF;Ja;Xtrackers MSCI EMU UCITS ETF - 1C USD ACC H
LU1127516455;DBX0PV;ETF;Ja;Xtrackers MSCI EMU UCITS ETF - 2C GBP ACC H
LU1127969597;A12HDR;FONDS;Ja;T. Rowe Price Funds SICAV - Global Focused Growth Equity Fund - Q (EUR)
LU1128909121;A12FTZ;FONDS;Nein;BAKERSTEEL GLOBAL FUNDS SICAV - Precious Metals Fund A USD
LU1128909394;A12FT0;FONDS;Nein;BAKERSTEEL GLOBAL FUNDS SICAV - Precious Metals Fund A EUR
LU1128910137;A12FT5;FONDS;Nein;BAKERSTEEL GLOBAL FUNDS SICAV - Precious Metals Fund D EUR
LU1129851157;A12EE9;FONDS;Nein;Fidelity Funds - Global Multi Asset Income Fund Fidelity Zins & Dividende A-GDIST-Euro (hedged)
LU1133085917;A14ULQ;FONDS;Nein;BlackRock Global Funds - Global Multi-Asset Income Fund Class A6 Hedged EUR
LU1134225132;A12F18;FONDS;Nein;Morgan Stanley Investment Funds - US Dollar Short Duration High Yield Bond Fund - A accumulating
LU1134226965;A12F15;FONDS;Nein;Morgan Stanley Investment Funds - US Dollar High Yield Bond Fund - A accumulating
LU1135865084;LYX0Q9;ETF;Ja;Amundi S&P 500 II UCITS ETF Acc
LU1143163779;A12FGP;FONDS;Nein;Allianz Global Investors Fund - Allianz Europe Equity Value
LU1146622755;A14NSW;FONDS;Nein;Aberdeen Standard SICAV I - China A Share Equity Fund A Acc USD
LU1147470253;A12G2P;FONDS;Nein;Franklin Templeton Investment Funds - Franklin Diversified Conservative Fund A (Ydis) EUR
LU1150488994;A12F62;FONDS;Nein;FIRST EAGLE AMUNDI - FIRST EAGLE AMUNDI INCOME BUILDER FUND - FU (C)
LU1153584997;A12HFJ;FONDS;Nein;BlackRock Global Funds - Fixed Income Global Opportunities Fund Class A4 USD
LU1157230142;A12GSH;FONDS;Nein;Allianz Global Investors Fund - Allianz Best Styles US Equity A EUR
LU1160365091;A14UQ6;FONDS;Nein;Edmond de Rothschild Fund - China A-EUR accumulating
LU1161526907;A2ATE5;FONDS;Nein;Edmond de Rothschild Fund - Bond Allocation B-EUR distributing
LU1161527038;A2ATE2;FONDS;Nein;Edmond de Rothschild Fund - Bond Allocation A-EUR accumulating
LU1162516477;A12HJ8;FONDS;Nein;BlackRock Global Funds - Global Multi-Asset Income Fund Class A2 EUR
LU1164757400;A12HQR;FONDS;Nein;Arabesque SICAV - Global ESG Momentum Flexible Allocation - R (EUR)
LU1165135879;A14UBP;FONDS;Nein;BNP Paribas Funds - Aqua Privilege CAPITALISATION
LU1165137149;A14TJF;FONDS;Nein;BNP Paribas Funds - SMaRT Food Classic CAPITALISATION
LU1169821292;A14ME3;ETF;Nein;UBS (Lux) Fund Solutions – MSCI United Kingdom UCITS ETF (hedged to EUR) A-acc
LU1169822266;A14MFB;ETF;Nein;UBS (Lux) Fund Solutions – MSCI Japan UCITS ETF (hedged to EUR) A-acc
LU1172943745;A1182C;FONDS;Nein;Flossbach von Storch - Multiple Opportunities II CHF-RT
LU1173936821;A14MUU;FONDS;Nein;Allianz Global Investors Fund - Allianz Oriental Income A2 EUR
LU1184092051;DBX0PW;ETF;Ja;Xtrackers MSCI Europe UCITS ETF 2C - USD Hedged
LU1190417599;LYX0WM;ETF;Ja;Amundi Smart Overnight Return UCITS ETF Acc
LU1191877379;A14WNP;FONDS;Nein;BlackRock Global Funds - European High Yield Bond Fund Class A2 EUR
LU1192665567;A14N4C;FONDS;Nein;Allianz Global Investors Fund - Allianz Euroland Equity Growth R EUR
LU1193126809;A143SW;FONDS;Nein;Robeco Capital Growth Funds - Robeco Global Consumer Trends F USD
LU1194089030;A14PT4;FONDS;Nein;Ninety One Global Strategy Fund - European Equity Fund A Inc EUR
LU1196525536;A14PVV;FONDS;Nein;BlackRock Global Funds - Continental European Flexible Fund Class A2 Hedged USD
LU1203020943;A14QWW;FONDS;Nein;CPR Invest - CPR Invest - Reactive - A EUR - Dist
LU1209235446;A14QR1;FONDS;Nein;Allianz Global Investors Fund - Allianz Advanced Fixed Income Global A EUR
LU1213836080;A14RGB;ETF;Nein;Fidelity Funds - Global Technology Fund - A EUR ACC Fonds
LU1215415214;LYX0TM;ETF;Ja;AMUNDI EURO HIGH YIELD BOND ESG UCITS ETF Dist
LU1215451524;A14XG5;ETF;Nein;UBS (Lux) Fund Solutions – Factor MSCI EMU Quality UCITS ETF (EUR) A-dis
LU1215452928;A14XG8;ETF;Nein;UBS (Lux) Fund Solutions – Factor MSCI EMU Prime Value UCITS ETF (EUR) A-dis
LU1215454460;A14XHB;ETF;Nein;UBS (Lux) Fund Solutions – Factor MSCI EMU Low Volatility UCITS ETF (EUR) A-dis
LU1215461085;A14U71;ETF;Nein;UBS (Lux) Fund Solutions – Bloomberg MSCI US Liquid Corporates Sustainable UCITS ETF (USD) A-dis
LU1215461325;A14YV6;ETF;Nein;UBS (Lux) Fund Solutions – Bloomberg MSCI US Liquid Corporates Sustainable UCITS ETF (hedged to EUR) A-acc
LU1215828218;DBX0Q1;ETF;Ja;Xtrackers MSCI EMU UCITS ETF 3C - CHF Hedged
LU1216661543;A14RP9;FONDS;Nein;BlackRock Global Funds - China Fund Class A2 EUR
LU1217268405;DWS19W;FONDS;Nein;DWS Funds - DWS Garant 80 ETF-Portfolio
LU1217870671;A14T2R;FONDS;Nein;Goldman Sachs Funds SICAV - Goldman Sachs Japan Equity Partners Portfolio Base Shares (Acc.)
LU1220245556;LYX0TS;ETF;Ja;Amundi MSCI Pacific Ex Japan UCITS ETF Dist
LU1221100792;DBX0PY;ETF;Ja;Xtrackers DAX ESG Screened UCITS ETF - 2C USD ACC H
LU1221102491;DBX0P0;ETF;Ja;Xtrackers DAX ESG Screened UCITS ETF - 4C CHF ACC H
LU1224710043;A14S49;FONDS;Nein;Fidelity Funds - Latin America Fund A-ACC-USD
LU1225718409;A14SFS;FONDS;Nein;Partners Group Listed Investments SICAV - Listed Infrastructure EUR (C - Acc.)
LU1226288253;A14SP9;FONDS;Nein;UBS (Lux) Key Selection SICAV - China Allocation Opportunity (USD) P-6%-mdist
LU1227570055;A14SK0;FONDS;Nein;DJE - DJE - Mittelstand & Innovation - PA (EUR)
LU1228143191;A14SPJ;FONDS;Nein;Allianz Global Investors Fund - Allianz Best Styles US Equity CT (H-EUR)
LU1230136894;LYX0UU;ETF;Ja;Amundi Smart Overnight Return GBP Hedged UCITS ETF Acc
LU1230561679;A14UX8;ETF;Nein;UBS (Lux) Fund Solutions – MSCI Japan Socially Responsible UCITS ETF (JPY) A-dis
LU1233164364;A14TSJ;FONDS;Nein;Invesco Funds SICAV - Invesco Macro Allocation Strategy Fund Class A accumulation - EUR
LU1233598447;LYX0T3;ETF;Ja;Amundi USD Fed Funds Rate UCITS ETF Acc
LU1238901323;A14VLS;FONDS;Nein;MainFirst - Global Dividend Stars B
LU1240328812;A140H6;FONDS;Nein;Invesco Funds SICAV - Invesco Euro Equity Fund Class A accumulation - EUR
LU1241524617;A14UAN;FONDS;Nein;BlackRock Strategic Funds - BlackRock Managed Index Portfolios - Defensive Class A2 EUR
LU1241524708;A14UAQ;FONDS;Nein;BlackRock Strategic Funds - BlackRock Managed Index Portfolios - Moderate Class A2 EUR
LU1241524880;A14UAS;FONDS;Nein;BlackRock Strategic Funds - BlackRock Managed Index Portfolios - Growth Class A2 EUR
LU1242369327;DBX0P1;ETF;Ja;Xtrackers MSCI Europe UCITS ETF 1D
LU1242506332;A14UHV;FONDS;Nein;TAMAC Qilin - China Champions A EUR
LU1244893696;A2DMB4;FONDS;Nein;Edmond de Rothschild Fund - Big Data A-EUR accumulating
LU1248511575;LYX0UV;ETF;Ja;Amundi Smart Overnight Return USD Hedged UCITS ETF Acc
LU1250154413;A14U78;AKTIE;Ja;ADLER GROUP S.A. NPV
LU1250164214;A14VJ9;FONDS;Nein;Allianz Global Investors Fund - Allianz Euro Bond AQ EUR
LU1250980452;A14VM5;FONDS;Nein;BlackRock Global Funds - Asian Tiger Bond Fund Class A2 Hedged EUR
LU1253541574;A14VU4;FONDS;Nein;AMUNDI FUNDS - AMUNDI FUNDS MULTI-ASSET REAL RETURN - G EUR (C)
LU1254138628;A14VTM;FONDS;Nein;Allianz Global Investors Fund - Allianz Global Emerging Markets Equity Dividend A EUR
LU1254583351;A14WGP;FONDS;Nein;BlackRock Strategic Funds - BlackRock Systematic ESG World Equity Fund Class A2 USD
LU1255915404;A14V85;FONDS;Nein;Allianz Global Investors Fund - Allianz Euroland Equity Growth RT EUR
LU1255915743;A14V8X;FONDS;Nein;Allianz Global Investors Fund - Allianz Income And Growth RM HKD
LU1255915826;A14V8Y;FONDS;Nein;Allianz Global Investors Fund - Allianz Income And Growth RM USD
LU1271725100;A14XWZ;FONDS;Nein;BlackRock Strategic Funds - BlackRock European Select Strategies Fund Class A2 EUR
LU1273488715;A14X32;ETF;Nein;UBS (Lux) Fund Solutions – MSCI Japan Socially Responsible UCITS ETF (hedged to EUR) A-acc
LU1273675238;A14X2J;FONDS;Nein;BlackRock Strategic Funds - BlackRock Managed Index Portfolios - Defensive Class A4 EUR
LU1273675311;A14X2K;FONDS;Nein;BlackRock Strategic Funds - BlackRock Managed Index Portfolios - Moderate Class A4 EUR
LU1273675402;A14X2L;FONDS;Nein;BlackRock Strategic Funds - BlackRock Managed Index Portfolios - Growth Class A4 EUR
LU1279333758;A141Q6;FONDS;Nein;Pictet - Robotics P dy USD
LU1279333832;A141Q7;FONDS;Nein;Pictet - Robotics R USD
LU1279334210;A141RB;FONDS;Nein;Pictet - Robotics P EUR
LU1279613951;A14YXX;FONDS;Nein;BlackRock Global Funds - Asian Growth Leaders Fund Class A2 Hedged EUR
LU1280303014;A14YUN;ETF;Nein;UBS (Lux) Fund Solutions – MSCI USA Socially Responsible UCITS ETF (hedged to EUR) A-dis
LU1280372688;A14YS1;FONDS;Nein;Flossbach von Storch - Multiple Opportunities II USD-RT
LU1285959703;LYX0T6;ETF;Ja;Amundi USD Corporate Bond Climate Paris Aligned UCITS ETF Dist
LU1285960032;LYX0VD;ETF;Ja;Amundi USD Corporate Bond Climate Paris Aligned UCITS ETF EUR Hedged Dist
LU1287022708;LYX0V7;ETF;Ja;Amundi Pan Africa UCITS ETF Acc
LU1287023003;LYX0VG;ETF;Ja;Amundi Euro Government Bond 5-7Y UCITS ETF Acc
LU1287023185;LYX0VH;ETF;Ja;Amundi Euro Government Bond 7-10Y UCITS ETF Acc
LU1287023268;LYX0VF;ETF;Ja;Amundi Euro Government Bond 15+Y UCITS ETF Acc
LU1287023342;LYX0VE;ETF;Ja;Amundi Euro Highest Rated Macro-Weighted Government Bond UCITS ETF Acc
LU1289970086;A14Z3V;FONDS;Nein;BlackRock Strategic Funds - BlackRock Emerging Markets Equity Strategies Fund Class A2 USD
LU1291097779;A2AL1R;ETF;Nein;BNP PARIBAS EASY - MSCI Emerging ESG Filtered Min TE UCITS ETF EUR CAPITALISATION
LU1291098827;A2AL1W;ETF;Nein;BNP PARIBAS EASY - MSCI EMU ESG Filtered Min TE UCITS ETF CAPITALISATION
LU1291099718;A2AL1V;ETF;Nein;BNP PARIBAS EASY - MSCI Europe ESG Filtered Min TE UCITS ETF CAPITALISATION
LU1291101555;A2AL1T;ETF;Nein;BNP PARIBAS EASY - MSCI Europe Small Caps SRI S-Series PAB 5% Capped UCITS ETF CAPITALISATION
LU1291102447;A2ADB6;ETF;Nein;BNP PARIBAS EASY - MSCI Japan ESG Filtered Min TE UCITS ETF CAPITALISATION
LU1291104575;A2ADB1;ETF;Nein;BNP PARIBAS EASY - MSCI North America ESG Filtered Min TE UCITS ETF CAPITALISATION
LU1291106356;A2ADBW;ETF;Nein;BNP PARIBAS EASY - MSCI Pacific ex Japan ESG Filtered Min TE UCITS ETF CAPITALISATION
LU1291109616;A2AE6P;ETF;Nein;BNP PARIBAS EASY - ENERGY & METALS ENHANCED ROLL UCITS ETF EUR CAPITALISATION
LU1291192091;A14Z8V;FONDS;Nein;Allianz Global Investors Fund - Allianz Income And Growth RT (H2-EUR)
LU1293074719;A140QV;FONDS;Nein;Schroder International Selection Fund - EURO Credit Absolute Return A accumulating
LU1296758029;A141J3;AKTIE;Ja;CORESTATE CAPITAL EO-,075
LU1297482900;A140LY;FONDS;Nein;Assenagon I - Assenagon I Multi Asset Conservative R EUR
LU1298142255;A1401L;FONDS;Nein;BlackRock Strategic Funds - BlackRock Managed Index Portfolios - Defensive Class A2 Hedged USD
LU1298143493;A1401M;FONDS;Nein;BlackRock Strategic Funds - BlackRock Managed Index Portfolios - Moderate Class A2 Hedged USD
LU1298145357;A1401N;FONDS;Nein;BlackRock Strategic Funds - BlackRock Managed Index Portfolios - Growth Class A2 Hedged USD
LU1299305190;A2ABAQ;FONDS;Nein;Carmignac Portfolio - Patrimoine - A EUR Acc
LU1299305513;A2ABAS;FONDS;Nein;Carmignac Portfolio - Patrimoine - A CHF Acc Hdg
LU1299305943;A2ABAU;FONDS;Nein;Carmignac Portfolio - Patrimoine - E EUR Acc
LU1302703878;LYX0VQ;ETF;Ja;Amundi S&P 500 II UCITS ETF CHF Hedged Dist
LU1302929846;A141JT;FONDS;Nein;Allianz Global Investors Fund - Allianz European Equity Dividend Amg (H2-USD)
LU1303785791;A2AJDP;FONDS;Nein;DNB Fund - High Yield Retail A (NOK)
LU1308276598;A142H5;FONDS;Nein;BlackRock Strategic Funds - BlackRock European Select Strategies Fund Class A4 EUR
LU1310477036;DBX0P8;ETF;Ja;Xtrackers Harvest FTSE China A-H 50 UCITS ETF 1D
LU1311290685;A142RN;FONDS;Nein;Allianz Global Investors Fund - Allianz Asian Multi Income Plus AMG (H2-EUR)
LU1317704051;A2ABAG;FONDS;Nein;Carmignac Portfolio - Long-Short European Equities - A EUR Acc
LU1321847805;A143XC;FONDS;Nein;BlackRock Strategic Funds - BlackRock Emerging Markets Equity Strategies Fund Class E2 EUR
LU1324516050;A1439E;ETF;Nein;UBS (Lux) Fund Solutions – Bloomberg USD Emerging Markets Sovereign UCITS ETF (USD) A-dis
LU1324516308;A1439H;ETF;Nein;UBS (Lux) Fund Solutions – Bloomberg USD Emerging Markets Sovereign UCITS ETF (hedged to EUR) A-acc
LU1327051279;LYX0UW;ETF;Ja;Amundi MSCI USA Daily (-1x) Inverse UCITS ETF Acc
LU1330433571;A2AKY9;FONDS;Nein;CS Investment Funds 2 - Credit Suisse (Lux) Robotics Equity Fund B USD
LU1349386927;DBX0QB;ETF;Ja;Xtrackers DAX UCITS ETF - 1D EUR DIS ETF
LU1373035580;A2AFKK;FONDS;Nein;BlackRock Global Index Funds-iShares Emerging Markets Government Bond Index Fund (LU) Hedged A2 EUR
LU1377381717;A2AL3Y;ETF;Nein;BNP PARIBAS EASY - ESG Low Vol Europe UCITS ETF CAPITALISATION
LU1377381980;A2AL3Z;ETF;Nein;BNP PARIBAS EASY - ESG Low Vol US UCITS ETF CAPITALISATION
LU1377382012;A2AL30;ETF;Nein;BNP PARIBAS EASY - ESG Momentum Europe UCITS ETF CAPITALISATION
LU1377382103;A2AL31;ETF;Nein;BNP PARIBAS EASY - ESG Quality Europe UCITS ETF CAPITALISATION
LU1377382285;A2AL32;ETF;Nein;BNP PARIBAS EASY - ESG Value Europe UCITS ETF CAPITALISATION
LU1377382368;A2DPX9;ETF;Nein;BNP PARIBAS EASY - LOW CARBON 100 EUROPE PAB UCITS ETF CAPITALISATION
LU1377969701;A2AFMP;FONDS;Nein;ME Fonds - Special Values B
LU1387591305;A2AGS4;FONDS;Nein;Morgan Stanley Investment Funds - Europe Opportunity Fund - A accumulating
LU1390062245;LYX0U6;ETF;Ja;Amundi Euro Inflation Expectations 2-10Y UCITS ETF Acc
LU1390062831;LYX0U5;ETF;Ja;Amundi US Inflation Expectations 10Y UCITS ETF Acc
LU1390458401;A2AGH5;FONDS;Nein;PrivilEdge - Fidelity Technology, (USD) PD
LU1399300455;DBX0QG;ETF;Ja;Xtrackers II US Treasuries UCITS ETF 2D - EUR Hedged
LU1402171232;A2AKHF;FONDS;Nein;Aberdeen Standard SICAV I - Diversified Growth Fund A Acc EUR
LU1407887915;ETF056;ETF;Ja;Amundi US Treasury Bond 7-10Y UCITS ETF - (DR) USD ACC ETF
LU1407888053;LYX0VA;ETF;Ja;Amundi US Treasury Bond 7-10Y UCITS ETF Dist
LU1407888137;ETF057;ETF;Ja;Amundi US Treasury Bond 7-10Y UCITS ETF EUR Hedged Acc
LU1407890547;LYX9ZS;ETF;Ja;Amundi US Treasury Bond Long Dated UCITS ETF - USD ACC
LU1407890620;LYX0Z9;ETF;Ja;Amundi US Treasury Bond Long Dated UCITS ETF Dist
LU1407891602;LYX0VV;ETF;Nein;Lyxor iBoxx GBP Liquid Corporates Long Dated UCITS ETF - Dist
LU1407892592;LYX0VW;ETF;Ja;Amundi UK Government Bond UCITS ETF Dist
LU1431864153;A2AL89;FONDS;Nein;Fidelity Funds - Global Multi Asset Dynamic Fund A-Euro (Euro/USD hedged)
LU1431864237;A2AL9A;FONDS;Nein;Fidelity Funds - Global Multi Asset Dynamic Fund A-ACC-Euro (Euro/USD hedged)
LU1434527435;A2DL8A;FONDS;Nein;Candriam Sustainable - Equity World C EUR
LU1435356065;LYX9ZP;ETF;Ja;AMUNDI USD HIGH YIELD CORPORATE BOND ESG UCITS ETF Acc
LU1435356149;LYX0V1;ETF;Ja;AMUNDI USD HIGH YIELD CORPORATE BOND ESG UCITS ETF Dist
LU1435356495;LYX0V0;ETF;Ja;AMUNDI USD HIGH YIELD CORPORATE BOND ESG UCITS ETF EUR Hedged Dist
LU1435395634;A2AMAM;FONDS;Nein;BlackRock Strategic Funds - BlackRock ESG Euro Bond Fund Class A2 EUR
LU1435395717;A2AMAN;FONDS;Nein;BlackRock Strategic Funds - BlackRock ESG Euro Bond Fund Class A4 EUR
LU1437015735;A2ATYJ;ETF;Ja;Amundi Index MSCI Europe UCITS ETF DR (C)
LU1437016204;A2ATYP;ETF;Ja;Amundi Index J.P. Morgan GBI Global Govies UCITS ETF DR (C)
LU1437017350;A2ATYY;ETF;Ja;Amundi Index MSCI Emerging Markets UCITS ETF DR (C)
LU1437018168;A2ATY6;ETF;Ja;Amundi EUR Corporate Bond ESG - UCITS ETF DR (C)
LU1437018598;A2AUDE;ETF;Ja;Amundi Euro Government Bond UCITS ETF ACC
LU1437018838;A2ATZC;ETF;Ja;Amundi Index FTSE EPRA NAREIT Global UCITS ETF DR (C)
LU1437024729;A2ANS1;ETF;Ja;Amundi Index Global Agg 500M UCITS ETF DR (C)
LU1437025023;A2ATZS;ETF;Ja;Amundi MSCI UK IMI SRI Climate Paris Aligned - UCITS ETF DR - EUR (C)
LU1437025296;A2ATZT;ETF;Ja;Amundi MSCI UK IMI SRI Climate Paris Aligned - UCITS ETF DR - GBP (C)
LU1442548993;A2ANEA;FONDS;Nein;MFS Meridian Funds - Prudent Capital A1USD
LU1442549025;A2ANEB;FONDS;Nein;MFS Meridian Funds - Prudent Capital A1EUR
LU1445717389;A2ANMG;FONDS;Nein;BlackRock Global Funds - Euro Corporate Bond Fund Class A2 Hedged USD
LU1452600197;LYX0ZQ;ETF;Ja;Amundi US TIPS Government Inflation-Linked Bond UCITS ETF Acc
LU1452600270;LYX0VY;ETF;Ja;Amundi US TIPS Government Inflation-Linked Bond UCITS ETF Dist
LU1459802754;A2APA5;ETF;Nein;UBS (Lux) Fund Solutions – Bloomberg TIPS 10+ UCITS ETF (USD) A-dis
LU1479563717;A2AQF1;FONDS;Ja;Allianz Global Investors Fund - Allianz Thematica A
LU1480526463;A2AQJX;FONDS;Ja;boerse.de-Aktienfonds R
LU1480526547;A2AQJY;FONDS;Ja;boerse.de-Aktienfonds TM
LU1480732103;A2ARDF;FONDS;Nein;Salm - Salm Nachhaltige Aktienstrategie V EUR
LU1481201025;A2DHWB;ETF;Nein;BNP PARIBAS EASY - ESG Low Vol Europe UCITS ETF DISTRIBUTION
LU1481201298;A2DHWC;ETF;Nein;BNP PARIBAS EASY - ESG Low Vol US UCITS ETF DISTRIBUTION
LU1481201538;A2DHWF;ETF;Nein;BNP PARIBAS EASY - ESG Momentum Europe UCITS ETF DISTRIBUTION
LU1481201611;A2DHWH;ETF;Nein;BNP PARIBAS EASY - ESG Quality Europe UCITS ETF DISTRIBUTION
LU1481201702;A2DHWG;ETF;Nein;BNP PARIBAS EASY - ESG Value Europe UCITS ETF DISTRIBUTION
LU1481203070;A2DJG1;ETF;Nein;BNP PARIBAS EASY - MSCI Japan ESG Filtered Min TE UCITS ETF H EUR CAPITALISATION
LU1484799769;A2AQ6D;ETF;Nein;UBS (Lux) Fund Solutions – Bloomberg MSCI Euro Area Liquid Corporates Sustainable UCITS ETF (EUR) A-dis
LU1484799843;A2AQ6E;ETF;Nein;UBS (Lux) Fund Solutions – Bloomberg MSCI Euro Area Liquid Corporates Sustainable UCITS ETF (EUR) A-acc
LU1502282715;A2DR4V;FONDS;Nein;Candriam Equities L - Robotics & Innovative Technology C USD
LU1508359509;DK2J9F;FONDS;Nein;Deka-Industrie 4.0 - CF EUR DIS Fonds
LU1508476725;A2ATZ9;FONDS;Nein;Allianz Global Investors Fund - Allianz Global Equity Insights A EUR
LU1525418643;A2DJET;ETF;Ja;AMUNDI EUR CORPORATE BOND 1-5Y ESG UCITS ETF Acc
LU1535992389;A2DJR6;FONDS;Nein;Lupus alpha Fonds - Lupus alpha Global Convertible Bonds C hedged
LU1547516291;A2DU5K;ETF;Nein;BNP PARIBAS EASY - ENERGY & METALS ENHANCED ROLL UCITS ETF RH EUR CAPITALISATION
LU1548497186;A2DKAR;FONDS;Ja;Allianz Global Investors Fund - Allianz Global Artificial Intelligence A EUR
LU1548497426;A2DKAT;FONDS;Nein;Allianz Global Investors Fund - Allianz Global Artificial Intelligence AT USD
LU1548497699;A2DKAU;FONDS;Nein;Allianz Global Investors Fund - Allianz Global Artificial Intelligence AT EUR
LU1548497772;A2DKAV;FONDS;Nein;Allianz Global Investors Fund - Allianz Global Artificial Intelligence AT (H2-EUR)
LU1563454310;LYX0WA;ETF;Ja;Amundi Global Aggregate Green Bond UCITS ETF Acc
LU1563454823;LYX0WQ;ETF;Ja;Amundi Global Aggregate Green Bond UCITS ETF EUR Hedged Acc
LU1564328067;A2JCTL;FONDS;Nein;BlackRock Global Funds - Asian High Yield Bond Fund Class A2 USD
LU1564329032;A2JDML;FONDS;Nein;BlackRock Global Funds - Dynamic High Income Fund Class A2 USD
LU1564329115;A2JDMP;FONDS;Nein;BlackRock Global Funds - Dynamic High Income Fund Class A6 USD
LU1574142243;LYX0WH;ETF;Ja;Amundi Stoxx Europe 600 UCITS ETF - EUR Hedged Dist
LU1580142542;A2H52K;FONDS;Nein;BlackRock Global Funds - Systematic China A-Share Opportunities Fund Class A2 USD
LU1587985570;A2DPA9;FONDS;Nein;Bellevue Funds (Lux) - Bellevue Asia Pacific Healthcare B EUR
LU1589349734;A2DN3T;ETF;Ja;Amundi MSCI USA Minimum Volatility Factor UCITS ETF (C)
LU1589350310;A2DN3V;ETF;Nein;Amundi Global Infrastructure UCITS ETF (C)
LU1597246039;A2DPXP;FONDS;Nein;Allianz Global Investors Fund - Allianz Global Artificial Intelligence RT (EUR)
LU1598688189;LYX0W2;ETF;Ja;Amundi MSCI Europe Growth UCITS ETF - EUR DIS ETF
LU1598689153;LYX0W3;ETF;Ja;Amundi MSCI EMU Small Cap ESG Broad Transition UCITS ETF DIST
LU1598690169;LYX0W4;ETF;Ja;Amundi MSCI EMU Value Factor – UCITS ETF Dist
LU1598691050;LYX0WV;ETF;Ja;Amundi Italy BTP Government Bond 1-3Y UCITS ETF Dist
LU1598691217;LYX0WU;ETF;Ja;AMUNDI ITALY BTP GOVERNMENT BOND 10Y - UCITS ETF - EUR ACC ETF
LU1598757687;A2DRTZ;AKTIE;Ja;ARCELORMITTAL S.A. NOUV.
LU1600334798;A2DQDG;ETF;Nein;UBS (Lux) Fund Solutions – MSCI Europe UCITS ETF (hedged to EUR) A-acc
LU1602144575;A2DR4R;ETF;Ja;Amundi MSCI EMU ESG Selection - UCITS ETF DR - EUR (C)
LU1602144732;A2DR4P;ETF;Ja;Amundi MSCI Japan ESG Broad Transition UCITS ETF EUR Acc
LU1602144906;A2DR4M;ETF;Ja;Amundi MSCI Pacific Ex Japan SRI Climate Paris Aligned - UCITS ETF DR - EUR (C)
LU1602145036;A2DR4N;ETF;Ja;Amundi MSCI Pacific Ex Japan SRI Climate Paris Aligned - UCITS ETF DR - USD (C)
LU1606606942;DWSK51;FONDS;Nein;DWS Concept - DWS Concept Kaldemorgen SLD
LU1615090864;A2DU5H;ETF;Nein;BNP PARIBAS EASY - ESG Dividend Europe UCITS ETF CAPITALISATION
LU1615092217;A2DVEZ;ETF;Nein;BNP PARIBAS EASY - MSCI World SRI S-Series PAB 5% Capped UCITS ETF EUR CAPITALISATION
LU1616932866;DWS2NX;FONDS;Nein;DWS Invest - DWS Invest ESG Equity Income LC
LU1616932940;DWS2NY;FONDS;Nein;DWS Invest - DWS Invest ESG Equity Income LD
LU1618151879;A2DR54;AKTIE;Ja;LOGWIN AG NAM. O.N.
LU1637618155;A2DVP7;FONDS;Nein;Berenberg European Focus Fund R
LU1637618742;A2DVQA;FONDS;Nein;Berenberg European Micro Cap R
LU1645380368;A2DUGB;ETF;Nein;UBS (Lux) Fund Solutions – Bloomberg Euro Inflation Linked 1-10 UCITS ETF (EUR) A-dis
LU1645381689;A2DUGP;ETF;Nein;UBS (Lux) Fund Solutions – Bloomberg Euro Inflation Linked 10+ UCITS ETF (EUR) A-dis
LU1645385839;A2DUHR;ETF;Nein;UBS (Lux) Fund Solutions – J.P. Morgan USD EM Diversified Bond 1-5 UCITS ETF (USD) A-dis
LU1645386308;A2DUHW;ETF;Nein;UBS (Lux) Fund Solutions – J.P. Morgan USD EM Diversified Bond 1-5 UCITS ETF (hedged to EUR) A-dis
LU1645386480;A2DUHX;ETF;Nein;UBS (Lux) Fund Solutions – J.P. Morgan USD EM Diversified Bond 1-5 UCITS ETF (hedged to EUR) A-acc
LU1646360542;LYX00T;ETF;Ja;Amundi MSCI Japan SRI Climate Paris Aligned - UCITS ETF DR - HEDGED EUR (D)
LU1646360971;LYX0XB;ETF;Ja;Amundi MSCI EMU UCITS ETF Dist
LU1646361276;LYX0ZY;ETF;Ja;Amundi MSCI EMU UCITS ETF Acc
LU1646950771;A2H6YQ;FONDS;Nein;Aberdeen Standard SICAV I - Euro Government Bond Fund A Acc EUR
LU1650487413;LYX0XH;ETF;Ja;Amundi Euro Government Bond 1-3Y UCITS ETF Acc
LU1650487926;LYX04X;ETF;Ja;Amundi Euro Government Bond 1-3Y UCITS ETF Dist
LU1650488494;LYX0XJ;ETF;Ja;Amundi Euro Government Bond 3-5Y UCITS ETF Acc
LU1650488817;LYX04Z;ETF;Ja;Amundi Euro Government Bond 3-5Y UCITS ETF Dist
LU1650489385;LYX0XF;ETF;Ja;Amundi Euro Government Bond 10-15Y UCITS ETF Acc
LU1650489898;LYX04W;ETF;Ja;Amundi Euro Government Bond 10-15Y UCITS ETF Dist
LU1650491282;LYX0XL;ETF;Ja;Amundi Euro Government Inflation-Linked Bond UCITS ETF Acc
LU1650491795;LYX042;ETF;Ja;Amundi Euro Government Inflation-Linked Bond UCITS ETF Dist
LU1650492173;LYX0XR;ETF;Ja;Amundi FTSE 100 UCITS ETF Acc
LU1650492256;LYX03E;ETF;Ja;Amundi FTSE 100 UCITS ETF Dist
LU1650492330;LYX0XP;ETF;Ja;Amundi FTSE 100 UCITS ETF EUR Hedged Acc
LU1650492504;LYX0XQ;ETF;Ja;Amundi FTSE 100 UCITS ETF USD Hedged Acc
LU1659681313;A2H5E6;ETF;Nein;BNP PARIBAS EASY - MSCI Emerging SRI S-Series PAB 5% Capped UCITS ETF EUR DISTRIBUTION
LU1659681669;A2H5E5;ETF;Nein;BNP PARIBAS EASY - MSCI USA SRI S-Series PAB 5% Capped UCITS ETF EUR DISTRIBUTION
LU1663824750;A2DWG2;FONDS;Nein;Swisscanto (LU) Equity Fund - Swisscanto (LU) Equity Fund Sustainable Global Water AA
LU1665237613;A2DXT7;FONDS;Nein;M&G (Lux) Investment Funds 1 - M&G (Lux) Global Listed Infrastructure Fund - EUR A Dis
LU1665237704;A2DXT8;FONDS;Nein;M&G (Lux) Investment Funds 1 - M&G (Lux) Global Listed Infrastructure Fund - EUR A Acc
LU1670618187;A2JQ9B;FONDS;Nein;M&G (Lux) Investment Funds 1 - M&G (Lux) Asian Fund - EUR A Acc
LU1670618344;A2JQ9D;FONDS;Nein;M&G (Lux) Investment Funds 1 - M&G (Lux) Asian Fund - USD A Acc
LU1670618690;A2JQ9N;FONDS;Nein;M&G (Lux) Investment Funds 1 - M&G (Lux) Global Emerging Markets Fund - EUR A Acc
LU1670624664;A2JQ9U;FONDS;Nein;M&G (Lux) Investment Funds 1 - M&G (Lux) Global Emerging Markets Fund - USD A Acc
LU1670626792;A2JQ80;FONDS;Nein;M&G (Lux) Investment Funds 1 - M&G (Lux) North American Value Fund - EUR A Acc
LU1670627923;A2JQ8W;FONDS;Nein;M&G (Lux) Investment Funds 1 - M&G (Lux) North American Dividend Fund - USD A Acc
LU1670628491;A2PER8;FONDS;Nein;M&G (Lux) Investment Funds 1 - M&G (Lux) Global Themes Fund - EUR A Acc
LU1670628574;A2PER9;FONDS;Nein;M&G (Lux) Investment Funds 1 - M&G (Lux) Global Themes Fund - EUR A Dis
LU1670629549;A2JQ7A;FONDS;Nein;M&G (Lux) Investment Funds 1 - M&G (Lux) Euro Corporate Bond Fund - EUR A Acc
LU1670629622;A2JQ7B;FONDS;Nein;M&G (Lux) Investment Funds 1 - M&G (Lux) Euro Corporate Bond Fund - EUR A Dis
LU1670708335;A2JQ7L;FONDS;Nein;M&G (Lux) Investment Funds 1 - M&G (Lux) Global Convertibles Fund - EUR A Acc
LU1670710075;A2JRB4;FONDS;Nein;M&G (Lux) Investment Funds 1 - M&G (Lux) Global Dividend Fund - EUR A Acc
LU1670710158;A2JRB5;FONDS;Nein;M&G (Lux) Investment Funds 1 - M&G (Lux) Global Dividend Fund - EUR A Dis
LU1670711040;A2JRCD;FONDS;Nein;M&G (Lux) Investment Funds 1 - M&G (Lux) Global Dividend Fund - USD A Acc
LU1670715207;A2JQ8K;FONDS;Nein;M&G (Lux) Investment Funds 1 - M&G (Lux) Global Sustain Paris Aligned Fund - EUR A Acc
LU1670716437;A2JQ87;FONDS;Nein;M&G (Lux) Investment Funds 1 - M&G (Lux) Pan European Sustain Paris Aligned Fund - EUR A Acc
LU1670719613;A2JRAA;FONDS;Nein;M&G (Lux) Investment Funds 1 - M&G (Lux) Global Macro Bond Fund - EUR A Acc
LU1670724373;A2JRC8;FONDS;Nein;M&G (Lux) Investment Funds 1 - M&G (Lux) Optimal Income Fund - EUR A Acc
LU1670724456;A2JRC9;FONDS;Nein;M&G (Lux) Investment Funds 1 - M&G (Lux) Optimal Income Fund - EUR A Dis
LU1670725693;A2JRDK;FONDS;Nein;M&G (Lux) Investment Funds 1 - M&G (Lux) Optimal Income Fund - USD A-H M Dis
LU1673108939;A2DW8Z;AKTIE;Ja;AROUNDTOWN EO-,01
LU1677195205;A2DW0C;FONDS;Nein;Allianz Global Investors Fund - Allianz Global Artificial Intelligence R EUR
LU1681037518;A2H561;ETF;Ja;AMUNDI ITALY MIB ESG - UCITS ETF DR - EUR (C)
LU1681037609;A2H58U;ETF;Ja;Amundi Japan Topix UCITS ETF - EUR (C)
LU1681037864;A2H58W;ETF;Ja;Amundi Japan Topix UCITS ETF - DAILY HEDGED EUR (C)
LU1681037948;A2H58X;ETF;Ja;Amundi Japan Topix UCITS ETF - DAILY HEDGED USD (C)
LU1681038243;A2H577;ETF;Ja;Amundi NASDAQ-100 UCITS ETF - EUR (C)
LU1681038326;A2H578;ETF;Ja;Amundi NASDAQ-100 UCITS ETF - USD (C)
LU1681038599;A2H579;ETF;Ja;Amundi NASDAQ-100 UCITS ETF - Daily Hedged EUR
LU1681038672;A2H582;ETF;Ja;Amundi Russell 2000 UCITS ETF - EUR (C)
LU1681038839;A2H583;ETF;Ja;Amundi Russell 2000 UCITS ETF - USD (C)
LU1681038912;A2H586;ETF;Ja;Amundi JPX-Nikkei 400 UCITS ETF - EUR (C)
LU1681039134;A2H588;ETF;Ja;Amundi JPX-Nikkei 400 UCITS ETF - DAILY HEDGED EUR (C)
LU1681039308;A2H59A;ETF;Ja;Amundi JPX-Nikkei 400 UCITS ETF - DAILY HEDGED GBP (C)
LU1681039480;A2H58A;ETF;Ja;Amundi FTSE Epra Europe Real Estate UCITS ETF - EUR (C)
LU1681039647;A2H57V;ETF;Ja;Amundi EUR Corporate Bond ESG - UCITS ETF 2 DR - EUR (C)
LU1681040223;A2H57X;ETF;Ja;Amundi Stoxx Europe 600 ESG UCITS ETF Acc
LU1681040496;A2H580;ETF;Ja;AMUNDI EURO HIGH YIELD BOND ESG UCITS ETF Acc
LU1681040900;A2H59C;ETF;Ja;AMUNDI USD FLOATING RATE CORPORATE BOND ESG UCITS ETF Acc
LU1681041031;A2H59D;ETF;Ja;AMUNDI USD FLOATING RATE CORPORATE BOND ESG UCITS ETF EUR HEDGED Acc
LU1681041114;A2H585;ETF;Ja;AMUNDI EUR FLOATING RATE CORPORATE BOND ESG UCITS ETF Acc
LU1681041460;A2H59H;ETF;Ja;Amundi MSCI Europe Momentum Factor UCITS ETF - EUR (C)
LU1681041544;A2H566;ETF;Ja;Amundi MSCI Europe Small Cap ESG Broad Transition UCITS ETF Acc
LU1681041627;A2H57F;ETF;Ja;Amundi MSCI Europe Minimum Volatility Factor UCITS ETF - EUR (C)
LU1681041890;A2H59G;ETF;Ja;Amundi MSCI Europe Quality Factor UCITS ETF - EUR (C)
LU1681041973;A2H57N;ETF;Ja;Amundi MSCI Europe High Dividend Factor UCITS ETF - EUR (C)
LU1681042435;A2H57Q;ETF;Ja;Amundi MSCI Europe Growth UCITS ETF - EUR (C)
LU1681042518;A2H57R;ETF;Ja;Amundi MSCI Europe Value Factor UCITS ETF - EUR (C)
LU1681042609;A2H567;ETF;Ja;Amundi MSCI Europe ESG Broad Transition - UCITS ETF DR - EUR (C)
LU1681042864;A2H57D;ETF;Ja;Amundi PEA MSCI USA ESG Selection UCITS ETF - EUR
LU1681042948;A2H57E;ETF;Ja;Amundi PEA MSCI USA ESG Selection UCITS ETF - USD
LU1681043086;A2H57G;ETF;Ja;Amundi MSCI India UCITS ETF - EUR (C)
LU1681043169;A2H57H;ETF;Ja;Amundi MSCI India UCITS ETF - USD (C)
LU1681043599;A2H59Q;ETF;Ja;Amundi MSCI World UCITS ETF - EUR (C)
LU1681043672;A2H59R;ETF;Ja;Amundi MSCI World UCITS ETF - USD (C)
LU1681043912;A2H57J;ETF;Ja;Amundi MSCI China Tech UCITS ETF EUR
LU1681044050;A2H57K;ETF;Ja;Amundi MSCI China Tech UCITS ETF USD
LU1681044308;A2H572;ETF;Ja;Amundi MSCI Europe Ex Switzerland ESG Selection - UCITS ETF DR (C)
LU1681044480;A2H58R;ETF;Ja;Amundi MSCI Em Asia UCITS ETF - EUR (C)
LU1681044563;A2H58S;ETF;Ja;Amundi MSCI Em Asia UCITS ETF - USD (C)
LU1681044647;A2H569;ETF;Ja;Amundi MSCI Nordic UCITS ETF - EUR (C)
LU1681044720;A2H57A;ETF;Ja;Amundi MSCI Switzerland UCITS ETF - EUR (C)
LU1681044993;A2H57B;ETF;Ja;Amundi MSCI Switzerland UCITS ETF - CHF (C)
LU1681045024;A2H58P;ETF;Ja;Amundi MSCI EM Latin America UCITS ETF - EUR (C)
LU1681045297;A2H58Q;ETF;Ja;Amundi MSCI Em Latin America UCITS ETF - USD (C)
LU1681045370;A2H58J;ETF;Ja;Amundi MSCI Emerging Markets UCITS ETF - EUR (C)
LU1681045453;A2H58K;ETF;Ja;Amundi MSCI Emerging Markets UCITS ETF - USD (C)
LU1681045537;A2H57S;ETF;Ja;Amundi MSCI World Ex Europe UCITS ETF - EUR (C)
LU1681046006;A2H57Y;ETF;Ja;Amundi Global Bioenergy UCITS ETF EUR Acc
LU1681046188;A2H57Z;ETF;Ja;Amundi Global Bioenergy UCITS ETF USD Acc
LU1681046261;A2H57U;ETF;Ja;Amundi Euro Government Tilted Green Bond UCITS ETF Acc
LU1681046345;A2H584;ETF;Ja;Amundi Govt Bond Lowest Rated Euro Investment Grade 1-3 UCITS ETF DR - EUR (C)
LU1681046691;A2H58G;ETF;Ja;Amundi Govt Bond Highest Rated Euro Investment Grade UCITS ETF DR - EUR (C)
LU1681046774;A2H58E;ETF;Ja;Amundi Govt Bond Lowest Rated Euro Investment Grade UCITS ETF DR - EUR (C)
LU1681046857;A2H58F;ETF;Ja;Amundi Govt Bond Lowest Rated Euro Investment Grade UCITS ETF DR - EUR (D)
LU1681046931;A2H59J;ETF;Ja;AMUNDI CAC 40 ESG UCITS ETF DR - EUR (C)
LU1681047079;A2H59K;ETF;Ja;AMUNDI CAC 40 ESG UCITS ETF DR - EUR (D)
LU1681047236;A2H59L;ETF;Ja;Amundi EURO STOXX 50 UCITS ETF DR - EUR (C)
LU1681047319;A2H59M;ETF;Ja;Amundi EURO STOXX 50 UCITS ETF DR - EUR (D)
LU1681048127;A2H562;ETF;Ja;Amundi S&P 500 Buyback UCITS ETF - EUR (C)
LU1681048556;A2H563;ETF;Ja;Amundi S&P 500 Buyback UCITS ETF - USD (C)
LU1681048630;A2H564;ETF;Ja;Amundi S&P Global Luxury UCITS ETF - EUR (C)
LU1681048713;A2H565;ETF;Ja;Amundi S&P Global Luxury UCITS ETF - USD (C)
LU1681048804;A2H573;ETF;Ja;Amundi S&P 500 UCITS ETF - EUR (C)
LU1681049018;A2H575;ETF;Ja;Amundi S&P 500 UCITS ETF - USD (C)
LU1681049109;A2H576;ETF;Ja;Amundi S&P 500 UCITS ETF - DAILY HEDGED EUR (C)
LU1683285164;A2H661;FONDS;Nein;CS Investment Funds 2 - Credit Suisse (Lux) Digital Health Equity Fund B USD
LU1683490418;HAFX8N;FONDS;Nein;Abaris Technology Opportunities A USD
LU1686830065;LYX0YZ;ETF;Ja;Amundi EUR Corporate Bond 0-1Y ESG - UCITS ETF DR (D)
LU1686830909;LYX0Y5;ETF;Ja;Amundi Global Emerging Bond Markit iBoxx - UCITS ETF Dist
LU1686832194;LYX0ZA;ETF;Ja;Amundi Euro Government Bond 25+Y - UCITS ETF Acc
LU1686832277;LYX048;ETF;Ja;Amundi Euro Government Bond 25+Y - UCITS ETF Dist
LU1691909508;LYX0XS;ETF;Ja;Amundi Global Gender Equality UCITS ETF Acc
LU1701428291;A2H5WA;AKTIE;Ja;NEXA RESOURCES S.A. DL 1
LU1704650164;A2H5Z1;AKTIE;Ja;BEFESA S.A. ORD. O.N.
LU1706106447;A2H6N0;FONDS;Nein;Nordea 1 - European Stars Equity Fund - BP - EUR
LU1706154686;A2JB3V;FONDS;Nein;BlackRock Global Funds - Dynamic High Income Fund Class A6 Hedged EUR
LU1708330235;A2H56U;ETF;Ja;Amundi Index J.P. Morgan GBI Global Govies UCITS ETF DR - EUR HEDGED (C)
LU1714355366;A2H62N;FONDS;Ja;DJE - Multi Asset & Trends - XP EUR DIS Fonds
LU1720938841;A2JBPA;ETF;Nein;UBS (Lux) Fund Solutions – J.P. Morgan EM Multi-Factor Enhanced Local Currency Bond UCITS ETF (USD) A-dis
LU1731099971;A2H8YE;FONDS;Nein;STABILITAS - SILBER+WEISSMETALLE
LU1733247073;A2H9W8;FONDS;Nein;BlackRock Strategic Funds - BlackRock Managed Index Portfolios - Conservative Class A2 EUR
LU1733247156;A2H9W9;FONDS;Nein;BlackRock Strategic Funds - BlackRock Managed Index Portfolios - Conservative Class A4 EUR
LU1733247404;A2H9XC;FONDS;Nein;BlackRock Strategic Funds - BlackRock Managed Index Portfolios - Conservative Class A2 Hedged USD
LU1737652310;A2H9QZ;ETF;Ja;Amundi Index MSCI Europe UCITS ETF DR (D)
LU1737652583;A2H9Q0;ETF;Ja;Amundi Index MSCI Emerging Markets UCITS ETF DR (D)
LU1737652823;A2H9Q1;ETF;Ja;Amundi Index FTSE EPRA NAREIT Global UCITS ETF DR (D)
LU1737653631;A2H9Q3;ETF;Ja;Amundi Index J.P. Morgan GBI Global Govies UCITS ETF DR (D)
LU1737653714;A2H9Q4;ETF;Ja;Amundi Euro Government Bond UCITS ETF DIS
LU1737653987;A2H9Q5;ETF;Ja;Amundi EUR Corporate Bond ESG - UCITS ETF DR (D)
LU1737654019;A2H9Q6;ETF;Ja;Amundi Index Global Agg 500M UCITS ETF DR (D)
LU1740985814;A2JAEH;FONDS;Nein;DWS Strategic - DWS Strategic ESG Allocation Dynamic LD
LU1744628287;A2N692;FONDS;Nein;Carmignac Portfolio - Patrimoine Europe A EUR Acc
LU1750178011;A2JHE8;ETF;Nein;Market Access STOXX® China A Minimum Variance Index UCITS ETF - EUR Share Class
LU1753045415;A2JFSU;ETF;Nein;BNP PARIBAS EASY - MSCI Europe SRI S-Series PAB 5% Capped UCITS ETF DISTRIBUTION
LU1753045928;A2JFSV;ETF;Nein;BNP PARIBAS EASY - MSCI Japan SRI S-Series PAB 5% Capped UCITS ETF DISTRIBUTION
LU1772333404;DBX0QN;ETF;Ja;Xtrackers Stoxx Europe 600 UCITS ETF 2C - EUR Hedged
LU1775965582;A2JLAX;FONDS;Nein;Invesco Funds SICAV - Invesco PRC Equity Fund Class A annual distribution - USD
LU1778762911;A2JEGN;AKTIE;Ja;SPOTIFY TECH. S.A. EUR 1
LU1781541096;LYX0YA;ETF;Ja;Lyxor Core UK Equity All Cap (DR) UCITS ETF - Dist
LU1781541252;LYX0YC;ETF;Ja;Amundi MSCI Japan UCITS ETF Acc
LU1781541849;LYX0YF;ETF;Ja;Amundi MSCI EM Asia ESG Broad Transition UCITS ETF Acc
LU1789205884;A2JE7W;AKTIE;Ja;B+S GROUP SA INH EO-,06
LU1804202403;A2JKF5;ETF;Nein;UBS (Lux) Fund Solutions – MSCI EMU Select Factor Mix UCITS ETF (EUR) A-acc
LU1805389258;A2JLRU;ETF;Nein;UBS (Lux) Fund Solutions – Bloomberg Euro Liquid Aggregate ex-Financials 1-5 HQLA UCITS ETF (EUR) A-dis
LU1806495575;A2JH17;ETF;Ja;Amundi USD Corporate Bond ESG - UCITS ETF DR (C)
LU1807298952;A2JKSP;FONDS;Nein;Thematica - Future Mobility Retail USD
LU1808872888;A2JKY9;FONDS;Nein;Bantleon Select SICAV - Bantleon Changing World PT
LU1808872961;A2JKZA;FONDS;Nein;Bantleon Select SICAV - Bantleon Changing World PA
LU1811048138;A2JJBD;FONDS;Nein;Bellevue Funds (Lux) - Bellevue Digital Health B EUR
LU1812090543;LYX0YX;ETF;Ja;AMUNDI EUR HIGH YIELD CORPORATE BOND ESG UCITS ETF Dist
LU1812091194;LYX0Y0;ETF;Ja;Amundi FTSE Epra Europe Real Estate UCITS ETF - EUR (D)
LU1812092168;LYX0Y9;ETF;Ja;Amundi Stoxx Europe Select Dividend 30 - UCITS ETF Dist
LU1817794545;A2JP6X;FONDS;Nein;BlackRock Global Funds - ESG Emerging Markets Local Currency Bond Fund Class A2 Hedged EUR
LU1817795278;A2JP6M;FONDS;Nein;BlackRock Global Funds - ESG Emerging Markets Bond Fund Class A2 Hedged EUR
LU1817795781;A2JP62;FONDS;Nein;BlackRock Global Funds - ESG Emerging Markets Blended Bond Fund Class A2 Hedged EUR
LU1817796243;A2JP6S;FONDS;Nein;BlackRock Global Funds - ESG Emerging Markets Corporate Bond Fund Class A2 Hedged EUR
LU1819480192;A2PD44;FONDS;Nein;Echiquier Fund - Echiquier Artificial Intelligence B (EUR)
LU1822773716;A2JL5G;FONDS;Nein;BlackRock Global Funds - World Technology Fund Class A2 EUR Hedged
LU1822773807;A2JL5H;FONDS;Nein;BlackRock Global Funds - Sustainable Energy Fund Class A2 EUR Hedged
LU1822774284;A2JMV7;FONDS;Nein;BlackRock Global Funds - World Healthscience Fund Class A2 EUR Hedged
LU1829218749;LYX0Z2;ETF;Ja;Amundi Bloomberg Equal-weight Commodity ex-Agriculture UCITS ETF Acc
LU1829218822;LYX0Z3;ETF;Ja;Amundi EUR Corporate Bond ex-Financials ESG UCITS ETF Acc
LU1829219127;LYX0Z4;ETF;Ja;Amundi EUR Corporate Bond Climate Paris Aligned UCITS ETF Acc
LU1829219390;LYX0Z5;ETF;Ja;Amundi Euro Stoxx Banks UCITS ETF Acc
LU1829219556;LYX0Z6;ETF;Ja;Amundi Euro Highest Rated Macro-Weighted Government Bond 1-3Y UCITS ETF Acc
LU1829219713;LYX0Z7;ETF;Ja;Amundi Euro Highest Rated Macro-Weighted Government Bond 3-5Y UCITS ETF Acc
LU1829220133;LYX00B;ETF;Ja;Amundi MSCI All Country World UCITS ETF USD Acc
LU1829220216;LYX00C;ETF;Ja;Amundi MSCI All Country World UCITS ETF EUR Acc
LU1829221024;LYX00F;ETF;Ja;Amundi Nasdaq-100 II UCITS ETF Acc
LU1829329819;A2JN7N;FONDS;Nein;Threadneedle (Lux) - Pan European Smaller Companies - 1E - EUR
LU1829330403;A2JN7U;FONDS;Nein;Threadneedle (Lux) - Pan European Smaller Companies - 8E - EUR
LU1829331633;A2JN7D;FONDS;Nein;Threadneedle (Lux) - Credit Opportunities - 1E - EUR
LU1829331807;A2JN7F;FONDS;Nein;Threadneedle (Lux) - Credit Opportunities - 1UH - USD
LU1829334579;A2JN8N;FONDS;Nein;Threadneedle (Lux) - European High Yield Bond - 1E - EUR
LU1829334819;A2JN8W;FONDS;Nein;Threadneedle (Lux) - Pan European Equity Dividend - 1E - EUR
LU1829337085;A2JN8U;FONDS;Nein;Threadneedle (Lux) - European Corporate Bond - 1E - EUR
LU1832003567;A2JPZJ;FONDS;Nein;Threadneedle (Lux) - Pan European ESG Equities - 1E - EUR
LU1832418773;LYX0Y2;ETF;Ja;Amundi FTSE EPRA/NAREIT Global Developed - UCITS ETF Dist
LU1834983477;LYX01W;ETF;Ja;Amundi STOXX Europe 600 Banks UCITS ETF Acc
LU1834983550;LYX01X;ETF;Ja;Amundi STOXX Europe 600 Basic Resources UCITS ETF Acc
LU1834983634;LYX01Y;ETF;Ja;Amundi STOXX Europe 600 Basic Materials UCITS ETF Acc
LU1834985845;LYX02J;ETF;Ja;Amundi STOXX Europe 600 Consumer Staples UCITS ETF Acc
LU1834986900;LYX02K;ETF;Ja;Amundi STOXX Europe 600 Healthcare UCITS ETF Acc
LU1834987890;LYX02L;ETF;Ja;Amundi STOXX Europe 600 Industrials UCITS ETF Acc
LU1834987973;LYX02M;ETF;Ja;Amundi STOXX Europe 600 Insurance UCITS ETF Acc
LU1834988278;LYX02P;ETF;Ja;Amundi STOXX Europe 600 Energy ESG Screened UCITS ETF Acc
LU1834988518;LYX02S;ETF;Ja;Amundi STOXX Europe 600 Technology UCITS ETF Acc
LU1834988609;LYX02T;ETF;Ja;Amundi STOXX Europe 600 Telecommunications UCITS ETF Acc
LU1834988781;LYX02U;ETF;Ja;Amundi STOXX Europe 600 Consumer Discretionary UCITS ETF Acc
LU1834988864;LYX02V;ETF;Ja;Amundi STOXX Europe 600 Utilities UCITS ETF Acc
LU1839896005;A2JNZK;FONDS;Ja;boerse.de-Weltfonds TM
LU1841731745;LYX0YW;ETF;Ja;Amundi MSCI China UCITS ETF Acc
LU1842103399;A2JQE5;FONDS;Nein;BlackRock Global Funds - Global Bond Income Fund Class A2 USD
LU1845136925;A2JRZM;FONDS;Nein;BlackRock Global Funds - ESG Global Conservative Income Fund Class A2 EUR
LU1845137063;A2JRZN;FONDS;Nein;BlackRock Global Funds - ESG Global Conservative Income Fund Class A4 EUR
LU1849504722;A2JRRR;FONDS;Nein;Variopartner SICAV - Sectoral Healthcare Opportunities Fund P
LU1849505026;A2JR2Q;FONDS;Nein;Variopartner SICAV - Sectoral Healthcare Opportunities Fund PH
LU1852211215;A2JQW7;ETF;Nein;UBS (Lux) Fund Solutions – Sustainable Development Bank Bonds UCITS ETF (USD) A-acc
LU1852211991;A2JQXC;ETF;Nein;UBS (Lux) Fund Solutions – Sustainable Development Bank Bonds UCITS ETF (hedged to EUR) A-acc
LU1852212965;A2JQW6;ETF;Nein;UBS (Lux) Fund Solutions – Sustainable Development Bank Bonds UCITS ETF (USD) A-dis
LU1856130205;A2N6SA;FONDS;Nein;MainFirst - Global Equities Unconstrained Fund A
LU1859444769;A2N8AD;ETF;Nein;BNP PARIBAS EASY - € Corp Bond SRI Fossil Free UCITS ETF CAPITALISATION
LU1860487765;A2JRVH;FONDS;Nein;BlackRock Global Funds - ESG Emerging Markets Local Currency Bond Fund Class A2 USD
LU1860487849;A2JRVJ;FONDS;Nein;BlackRock Global Funds - ESG Emerging Markets Bond Fund Class A2 USD
LU1860487922;A2JRVK;FONDS;Nein;BlackRock Global Funds - ESG Emerging Markets Corporate Bond Fund Class A2 USD
LU1860488060;A2JRVL;FONDS;Nein;BlackRock Global Funds - ESG Emerging Markets Blended Bond Fund Class A2 USD
LU1861132840;A2JSC9;ETF;Ja;Amundi MSCI Robotics & AI UCITS ETF Acc
LU1861137484;A2JSDC;ETF;Ja;Amundi MSCI Europe SRI Climate Paris Aligned - UCITS ETF DR (C)
LU1861138961;A2JSDD;ETF;Ja;Amundi MSCI Emerging Markets SRI Climate Paris Aligned - UCITS ETF DR (C)
LU1861214812;A2N4K2;FONDS;Nein;BlackRock Global Funds - Future Of Transport Fund Class A2 USD
LU1861215389;A2N4K7;FONDS;Nein;BlackRock Global Funds - Future Of Transport Fund Class A2 EUR Hedged
LU1861215975;A2N4LD;FONDS;Ja;BlackRock Global Funds - Next Generation Technology Fund Class A2 USD
LU1861216510;A2N4LJ;FONDS;Nein;BlackRock Global Funds - Next Generation Technology Fund Class A2 EUR Hedged
LU1861217088;A2N4KR;FONDS;Nein;BlackRock Global Funds - FinTech Fund Class A2 USD
LU1861217674;A2N4KW;FONDS;Nein;BlackRock Global Funds - FinTech Fund Class A2 EUR Hedged
LU1863261647;DWS2XF;FONDS;Nein;DWS Invest - DWS Invest ESG Climate Tech LD
LU1863263346;DWS2W9;FONDS;Nein;DWS Invest - DWS Invest Artificial Intelligence LC
LU1863263429;DWS2XA;FONDS;Nein;DWS Invest - DWS Invest Artificial Intelligence LD
LU1863264153;DWS2XE;FONDS;Nein;DWS Invest - DWS Invest ESG Climate Tech LC
LU1864481467;A2PAE9;FONDS;Nein;Candriam Equities L - Oncology Impact C USD
LU1864666240;A2N31C;FONDS;Nein;BlackRock Global Funds - Natural Resources Growth & Income Fund Class A2 EUR Hedged
LU1864948812;A2JR7S;FONDS;Nein;Threadneedle (Lux) - American Extended Alpha - 1E - EUR
LU1864950719;A2JR8M;FONDS;Nein;Threadneedle (Lux) - American Smaller Companies - 1U - USD
LU1864951790;A2JR8X;FONDS;Nein;Threadneedle (Lux) - Asia Equities - 1U - USD
LU1864952335;A2JR84;FONDS;Ja;Threadneedle (Lux) - European Smaller Companies - 1E - EUR
LU1864952418;A2JR85;FONDS;Nein;Threadneedle (Lux) - European Smaller Companies - 1EP - EUR
LU1864952764;A2JR87;FONDS;Nein;Threadneedle (Lux) - European Smaller Companies - 8E - EUR
LU1864953499;A2JR9U;FONDS;Nein;Threadneedle (Lux) - Global Equity Income - 1EP - EUR
LU1864956328;A2JR9K;FONDS;Nein;Threadneedle (Lux) - Global Extended Alpha - 1E - EUR
LU1865032954;DWSK62;FONDS;Ja;DWS Concept - DWS Concept Platow LC
LU1868537090;DWS2XT;FONDS;Nein;DWS Invest - DWS Invest ESG Dynamic Opportunities LC
LU1868836591;A2N4XA;FONDS;Ja;Threadneedle (Lux) American Fund - 1U USD ACC
LU1868839181;A2N4WU;FONDS;Nein;Threadneedle (Lux) - European Select - 1E - EUR
LU1868841674;A2N4V5;FONDS;Nein;Threadneedle (Lux) - American Select - 1U - USD
LU1875395870;DBX0Q9;ETF;Ja;Xtrackers Nikkei 225 UCITS ETF 2D - EUR Hedged
LU1876154029;A2N6PM;FONDS;Nein;Deka-UnternehmerStrategie Europa - CF EUR DIS Fonds
LU1877633989;A2N5ZE;FONDS;Nein;CS Investment Funds 2 - Credit Suisse (Lux) Digital Health Equity Fund A EUR
LU1878855581;A2N6AL;FONDS;Nein;Berenberg Sustainable World Equities R
LU1879532940;LYX007;ETF;Nein;Amundi US Inverse Inflation Expectations 10Y UCITS ETF Acc
LU1882445569;A2PCEB;FONDS;Nein;AMUNDI FUNDS - AMUNDI FUNDS CHINA EQUITY - A EUR (C)
LU1882445643;A2PCEC;FONDS;Nein;AMUNDI FUNDS - AMUNDI FUNDS CHINA EQUITY - A USD (C)
LU1882447425;A2PCEU;FONDS;Nein;AMUNDI FUNDS - AMUNDI FUNDS EMERGING EUROPE AND MEDITERRANEAN EQUITY - A EUR (C)
LU1883306497;A2PCNQ;FONDS;Nein;AMUNDI FUNDS - AMUNDI FUNDS EUROPEAN EQUITY SMALL CAP - A EUR (C)
LU1883314244;A2PCQA;FONDS;Nein;AMUNDI FUNDS - AMUNDI FUNDS EUROPEAN EQUITY VALUE - A EUR (C)
LU1883318740;A2PCQV;FONDS;Nein;AMUNDI FUNDS - AMUNDI FUNDS GLOBAL ECOLOGY ESG - A EUR (C)
LU1883318823;A2PCQW;FONDS;Nein;AMUNDI FUNDS - AMUNDI FUNDS GLOBAL ECOLOGY ESG - A EUR AD (D)
LU1883321298;A2PCRF;FONDS;Nein;AMUNDI FUNDS - AMUNDI FUNDS GLOBAL EQUITY SUSTAINABLE INCOME - A2 EUR QTI (D)
LU1883330281;A2PCS1;FONDS;Nein;AMUNDI FUNDS - AMUNDI FUNDS GLOBAL MULTI-ASSET CONSERVATIVE - R2 EUR (C)
LU1883854199;A2PC4N;FONDS;Nein;AMUNDI FUNDS - AMUNDI FUNDS PIONEER US EQUITY FUNDAMENTAL GROWTH - A EUR (C)
LU1883854355;A2PC4Q;FONDS;Nein;AMUNDI FUNDS - AMUNDI FUNDS PIONEER US EQUITY FUNDAMENTAL GROWTH - A USD (C)
LU1883872332;A2PDAE;FONDS;Nein;AMUNDI FUNDS - AMUNDI FUNDS US PIONEER FUND - A EUR (C)
LU1891311356;DWS2Y7;FONDS;Nein;DWS Invest - DWS Invest SDG Global Equities LC
LU1891311430;DWS2Y8;FONDS;Nein;DWS Invest - DWS Invest SDG Global Equities LD
LU1891775774;A2JB8X;FONDS;Nein;Lupus alpha Fonds - Lupus alpha Micro Champions A
LU1892829828;A2N7YS;FONDS;Nein;Fidelity Funds - Sustainable Water & Waste Fund A-ACC-Euro
LU1900065811;LYX019;ETF;Ja;Amundi MSCI Indonesia UCITS ETF Acc
LU1900066033;LYX018;ETF;Ja;Amundi MSCI Semiconductors UCITS ETF Acc
LU1900066207;LYX02B;ETF;Ja;Amundi MSCI Brazil UCITS ETF Acc
LU1900066462;LYX02C;ETF;Ja;Amundi MSCI Eastern Europe Ex Russia UCITS ETF Acc
LU1900066975;LYX016;ETF;Ja;Amundi MSCI Korea UCITS ETF Acc
LU1900067601;LYX02F;ETF;Ja;Amundi MSCI Turkey UCITS ETF Acc
LU1900067940;LYX013;ETF;Ja;Amundi MSCI China ESG Selection Extra UCITS ETF Dist
LU1900068161;LYX014;ETF;Ja;Amundi MSCI AC Asia Ex Japan UCITS ETF Acc
LU1900068328;LYX015;ETF;Ja;Amundi MSCI AC Asia Pacific Ex Japan UCITS ETF Acc
LU1900068914;LYX011;ETF;Ja;Amundi MSCI China ESG Selection Extra UCITS ETF Acc
LU1900069219;LYX0XU;ETF;Ja;Amundi Bloomberg Equal-weight Commodity ex-Agriculture UCITS ETF EUR Hedged Acc
LU1910776522;A2N9FV;FONDS;Nein;Vermögensmanagement Rentenstars Vermögensmanagement Rentenstars - A2 EUR
LU1910939849;LYX99B;ETF;Ja;Amundi Global Government Inflation-Linked Bond 1-10Y UCITS ETF Dist
LU1910940268;LYX99D;ETF;Ja;Amundi Global Government Inflation-Linked Bond 1-10Y UCITS ETF EUR Hedged Dist
LU1915690595;A2PBWH;FONDS;Nein;Nordea 1 - European Covered Bond Opportunities Fund - BP - EUR
LU1920015440;DBX0RD;ETF;Ja;Xtrackers II USD Emerging Markets Bond UCITS ETF 2C
LU1923361478;A2PB5H;FONDS;Nein;BAKERSTEEL GLOBAL FUNDS SICAV - Electrum Fund A EUR
LU1931535857;A2PBHA;FONDS;Nein;Allianz Global Investors Fund - Allianz Pet and Animal Wellbeing A EUR
LU1931974262;A2PBLF;ETF;Ja;Amundi Prime Europe UCITS ETF DR (D)
LU1931974429;A2PBLH;ETF;Ja;Amundi Prime Eurozone UCITS ETF DR (D)
LU1931974775;A2PBLK;ETF;Ja;Amundi Prime Japan UCITS ETF DR (D)
LU1931975079;A2PBLN;ETF;Ja;Amundi EUR Corporate Bond UCITS ETF DR – EUR (D)
LU1931975152;A2PBLP;ETF;Ja;Amundi Prime Euro Govies UCITS ETF DR (D)
LU1931975236;A2PBLQ;ETF;Ja;Amundi Prime Global Govies UCITS ETF DR (D)
LU1931975319;A2PBLR;ETF;Ja;Amundi Prime US Treasury UCITS ETF DR (D)
LU1932476879;A2PB1W;FONDS;Nein;Carmignac Portfolio - Patrimoine Europe AW EUR Acc
LU1932633644;A2PLBG;FONDS;Nein;Candriam Sustainable - Equity Climate Action C USD
LU1940199711;LYX99A;ETF;Ja;Amundi MSCI Europe ESG Selection UCITS ETF Acc
LU1940199984;LYX1LS;ETF;Ja;Amundi MSCI Europe ESG Selection UCITS ETF EUR Hedged Acc
LU1941681014;A2PF7Q;FONDS;Nein;AMUNDI FUNDS - AMUNDI FUNDS NEW SILK ROAD - A EUR (C)
LU1946895353;A2PDVQ;FONDS;Nein;Allianz Global Investors Fund - Allianz All China Equity A
LU1953136527;A2PHCA;ETF;Nein;BNP PARIBAS EASY - BNP Paribas Easy ECPI Circular Economy Leaders UCITS ETF CAPITALISATION
LU1953137681;A2PP8D;ETF;Nein;BNP PARIBAS EASY - MSCI EMU SRI S-Series PAB 5% Capped UCITS ETF CAPITALISATION
LU1953188833;A2PESQ;ETF;Nein;UBS (Lux) Fund Solutions – MSCI China ESG Universal UCITS ETF (USD) A-dis
LU1960394903;HAFX9M;FONDS;Nein;FU Fonds - Bonds Monthly Income - P EUR DIS Fonds
LU1971906802;A2PGD1;ETF;Nein;UBS (Lux) Fund Solutions – EURO STOXX 50 ESG UCITS ETF (EUR) A-dis
LU1974693662;A2PGQR;ETF;Nein;UBS (Lux) Fund Solutions – J.P. Morgan Global Government ESG Liquid Bond UCITS ETF (USD) A-acc
LU1974695790;A2PGQ8;ETF;Nein;UBS (Lux) Fund Solutions – J.P. Morgan USD EM IG ESG Diversified Bond UCITS ETF (USD) A-acc
LU1974696418;A2PGRF;ETF;Nein;UBS (Lux) Fund Solutions – J.P. Morgan USD EM IG ESG Diversified Bond UCITS ETF (hedged to EUR) A-acc
LU1981859819;LYX0X6;ETF;Ja;Amundi Global Aggregate Proceeds Bond 1-10Y UCITS ETF Acc
LU1989515793;A2PH94;FONDS;Nein;Bantleon Select SICAV - Bantleon Select Infrastructure PA
LU1992127883;A2PJ31;FONDS;Nein;Allianz Global Investors Fund - Allianz Emerging Europe Equity
LU2008760592;A2PP8B;ETF;Nein;BNP PARIBAS EASY - € Corp Bond SRI Fossil Free 1-3Y UCITS ETF DISTRIBUTION
LU2008761053;A2PP8C;ETF;Nein;BNP PARIBAS EASY - € Corp Bond SRI Fossil Free 3-5Y UCITS ETF DISTRIBUTION
LU2008763935;A2PP8E;ETF;Nein;BNP PARIBAS EASY - FTSE EPRA Nareit Developed Europe ex UK Green CTB UCITS ETF CAPITALISATION
LU2009147591;DBX00R;ETF;Ja;Xtrackers II Eurozone Government Bond UCITS ETF 2C - USD Hedged
LU2009147757;DBX00S;ETF;Ja;Xtrackers S&P 500 SWAP UCITS ETF
LU2009202107;LYX99G;ETF;Ja;Amundi MSCI Emerging Ex China UCITS ETF Acc
LU2010095458;A2PLUG;AKTIE;Ja;GLOBAL FASHION GRP EO-,01
LU2018762653;LYX00G;ETF;Ja;Amundi US Curve steepening 2-10Y UCITS ETF Acc
LU2023678282;LYX0ZG;ETF;Ja;Amundi MSCI Disruptive Technology UCITS ETF Acc
LU2023678449;LYX0ZL;ETF;Ja;Amundi MSCI Millennials UCITS ETF Acc
LU2023678878;LYX0ZH;ETF;Ja;Amundi MSCI Digital Economy UCITS ETF Acc
LU2023679090;LYX0ZJ;ETF;Ja;Amundi MSCI Future Mobility ESG Screened UCITS ETF Acc
LU2037748345;A2PN77;ETF;Ja;Amundi MSCI Smart Cities UCITS ETF ACC
LU2037748774;A2PQEM;ETF;Ja;Amundi EUR Corporate Bond 0-3Y ESG - UCITS ETF DR (C)
LU2037749152;A2PP4C;ETF;Ja;Amundi US Corporate Bond UCITS ETF Dist
LU2038755174;A2PPXE;FONDS;Nein;Bantleon Select SICAV - Bantleon Select Corporate Hybrids PA
LU2041044095;A2PSK2;FONDS;Nein;BlackRock Global Funds - Circular Economy Fund Class A2 USD
LU2041044178;A2PSK3;FONDS;Nein;BlackRock Global Funds - Circular Economy Fund Class A2 EUR
LU2050966394;A2PRUG;ETF;Nein;UBS (Lux) Fund Solutions - MSCI Emerging Markets ex China UCITS ETF - A USD ACC ETF
LU2059756325;A2PTYW;ETF;Ja;Amundi MSCI EMU ESG Selection - UCITS ETF DR - EUR (D)
LU2059756598;A2PTYY;ETF;Ja;Amundi MSCI Europe SRI Climate Paris Aligned - UCITS ETF DR (D)
LU2059756754;A2PTYZ;ETF;Ja;Amundi MSCI Emerging Markets SRI Climate Paris Aligned - UCITS ETF DR (D)
LU2066734430;A2PUSG;FONDS;Nein;LOYS FCP - LOYS Premium Dividende P
LU2067181615;A2PT2Q;FONDS;Nein;CS Investment Funds 2 - Credit Suisse (Lux) Robotics Equity Fund A EUR
LU2069380306;A2PU65;ETF;Nein;Ossiam Euro Government Bonds 3-5Y Carbon Reduction UCITS ETF 1C/A (EUR)
LU2075955273;A2PUTK;FONDS;Nein;Franklin Templeton Investment Funds - Franklin Innovation Fund A (Ydis) EUR
LU2078716052;A2PU29;FONDS;Ja;GS&P Fonds - UmweltSpektrum Mix A
LU2082996112;LYX04C;ETF;Ja;Amundi STOXX Europe 600 Banks UCITS ETF Dist
LU2082996385;LYX04D;ETF;Ja;Amundi STOXX Europe 600 Basic Resources UCITS ETF Dist
LU2082996542;LYX04E;ETF;Ja;Amundi STOXX Europe 600 Basic Materials UCITS ETF Dist
LU2082997359;LYX04H;ETF;Ja;Amundi STOXX Europe 600 Consumer Staples UCITS ETF Dist
LU2082997516;LYX04J;ETF;Ja;Amundi STOXX Europe 600 Healthcare UCITS ETF Dist
LU2082997789;LYX04K;ETF;Ja;Amundi STOXX Europe 600 Industrials UCITS ETF Dist
LU2082997946;LYX04L;ETF;Ja;Amundi STOXX Europe 600 Insurance UCITS ETF Dist
LU2082998167;LYX04M;ETF;Ja;Amundi STOXX Europe 600 Energy ESG Screened UCITS ETF Dist
LU2082998837;LYX04Q;ETF;Ja;Amundi STOXX Europe 600 Technology UCITS ETF Dist
LU2082999058;LYX04R;ETF;Ja;Amundi STOXX Europe 600 Telecommunications UCITS ETF Dist
LU2082999132;LYX04S;ETF;Ja;Amundi STOXX Europe 600 Consumer Discretionary UCITS ETF Dist
LU2082999215;LYX04T;ETF;Ja;Amundi STOXX Europe 600 Utilities UCITS ETF Dist
LU2082999306;LYX047;ETF;Ja;Amundi Smart Overnight Return UCITS ETF Dist
LU2084871321;A2PVZ8;FONDS;Nein;CONREN - Generations Family Business Equity R A
LU2089238039;A2PWMH;ETF;Ja;Amundi Prime Europe UCITS ETF DR (C)
LU2089238112;A2PWMJ;ETF;Ja;Amundi Prime Eurozone UCITS ETF DR (C)
LU2089238385;A2PWML;ETF;Ja;Amundi Prime Japan UCITS ETF DR (C)
LU2089238625;A2PWMN;ETF;Ja;Amundi EUR Corporate Bond UCITS ETF DR – EUR (C)
LU2089238898;A2PWMP;ETF;Ja;Amundi Prime Euro Govies UCITS ETF DR (C)
LU2089238971;A2PWMQ;ETF;Ja;Amundi Prime Global Govies UCITS ETF DR (C)
LU2089239193;A2PWMR;ETF;Ja;Amundi Prime US Treasury UCITS ETF DR (C)
LU2089239276;A2PWMS;ETF;Ja;Amundi US Corporate Bond UCITS ETF Acc
LU2090062352;LYX038;ETF;Ja;Amundi USD Fed Funds Rate UCITS ETF Dist
LU2090062436;LYX04A;ETF;Ja;Amundi DAX III UCITS ETF Dist
LU2090062600;LYX04V;ETF;Ja;Amundi LevDax Daily (2x) leveraged UCITS ETF Dist
LU2090062782;LYX04Y;ETF;Ja;Amundi Euro Government Bond 15+Y UCITS ETF Dist
LU2090062865;LYX040;ETF;Ja;Amundi Euro Government Bond 5-7Y UCITS ETF Dist
LU2090062949;LYX041;ETF;Ja;Amundi Euro Government Bond 7-10Y UCITS ETF Dist
LU2090063160;LYX043;ETF;Ja;Amundi MSCI Eastern Europe Ex Russia UCITS ETF Dist
LU2090063327;LYX045;ETF;Ja;Amundi MSCI Semiconductors UCITS ETF Dist
LU2090063673;LYX05A;ETF;Ja;Amundi MSCI Japan UCITS ETF Dist
LU2095995895;A2PYAK;ETF;Nein;UBS (Lux) Fund Solutions – J.P. Morgan CNY China Government 1-10 Year Bond UCITS ETF (USD) A-acc
LU2099295466;LYX0ZV;ETF;Ja;AMUNDI GLOBAL HIGH YIELD CORPORATE BOND ESG - UCITS ETF DR - USD (C)
LU2099991536;A2PYA0;ETF;Nein;UBS (Lux) Fund Solutions – Bloomberg MSCI Global Liquid Corporates Sustainable UCITS ETF (USD) A-acc
LU2099992260;A2PYA5;ETF;Nein;UBS (Lux) Fund Solutions – Bloomberg MSCI Global Liquid Corporates Sustainable UCITS ETF (hedged to EUR) A-acc
LU2109787049;A2PZC5;ETF;Ja;Amundi MSCI Emerging Markets ESG Broad Transition - UCITS ETF DR (C)
LU2109787551;A2PZDB;ETF;Ja;Amundi MSCI Emerging Markets ESG Selection - UCITS ETF DR (C)
LU2109787635;A2PZDC;ETF;Ja;Amundi MSCI EMU SRI Climate Paris Aligned - UCITS ETF DR (C)
LU2112291526;A2PZAS;FONDS;Nein;BlackRock Global Funds - World Healthscience Fund Class A4 USD
LU2112291799;A2PY7Y;FONDS;Nein;BlackRock Global Funds - World Healthscience Fund Class A4 EUR
LU2115464500;A2PZMR;FONDS;Ja;boerse.de-Aktienfonds V
LU2115466117;A2PZMU;FONDS;Ja;boerse.de-Weltfonds A
LU2125116090;A2P0V9;FONDS;Nein;BlackRock Global Funds - Asian High Yield Bond Fund Class A2 EUR Hedged
LU2130768844;A2P6NH;ETF;Ja;Amundi MSCI Europe Climate Paris Aligned UCITS ETF Acc
LU2133056387;LYX03F;ETF;Ja;Amundi MSCI Japan UCITS ETF EUR Hedged Dist
LU2145459264;A2QD2F;FONDS;Nein;Robeco Capital Growth Funds - RobecoSAM Global Gender Equality Impact Equities F EUR
LU2145463613;A2QBUL;FONDS;Nein;Robeco Capital Growth Funds - RobecoSAM Smart Materials Equities D EUR
LU2146567289;A2P4PX;FONDS;Nein;AMUNDI FUNDS - AMUNDI FUNDS PIONEER US EQUITY ESG IMPROVERS - A USD (C)
LU2158769930;A2P263;ETF;Ja;Xtrackers II J.P. Morgan EM Local Government Bond UCITS ETF
LU2178481649;A2P4XG;ETF;Ja;Xtrackers II ESG EUR Corporate Bond Short Duration UCITS ETF 1C
LU2182388236;A2P6TL;ETF;Ja;Amundi Euro Aggregate Bond ESG - UCITS ETF DR (C)
LU2182388582;A2P6TR;ETF;Ja;Amundi MSCI EMU Climate Paris Aligned UCITS ETF Acc
LU2182388665;A2P6TS;ETF;Ja;Amundi US Treasury Bond 0-1Y UCITS ETF Acc
LU2182388749;A2P6TT;ETF;Ja;Amundi US Treasury Bond 0-1Y UCITS ETF EUR Hedged Acc
LU2194447293;A2QCJJ;ETF;Nein;BNP PARIBAS EASY - BNP Paribas Easy ECPI Global ESG Blue Economy UCITS ETF CAPITALISATION
LU2194449075;A3CPT0;ETF;Nein;BNP PARIBAS EASY - Low Carbon 300 World PAB UCITS ETF CAPITALISATION
LU2195226068;LYX05H;ETF;Ja;Amundi S&P Eurozone Climate Paris Aligned UCITS ETF Acc
LU2196470426;A2P7NT;ETF;Ja;Xtrackers Nikkei 225 UCITS ETF 1C
LU2196472984;A2P7NV;ETF;Ja;Xtrackers S&P 500 Swap UCITS ETF 5C - EUR Hedged
LU2197908721;LYX05V;ETF;Ja;Amundi Nasdaq-100 II UCITS ETF Dist
LU2206597804;A2P93H;ETF;Nein;UBS (Lux) Fund Solutions – MSCI Europe Socially Responsible UCITS ETF (EUR) A-acc
LU2206598109;A2P93L;ETF;Nein;UBS (Lux) Fund Solutions – MSCI Europe Socially Responsible UCITS ETF (hedged to EUR) A-acc
LU2209331995;A2QBRY;FONDS;Nein;Multiflex SICAV - The Singularity Fund D3 acc
LU2211814178;A2QAFY;FONDS;Nein;Allianz Global Investors Fund - Allianz Clean Planet
LU2211817197;A2QAGM;FONDS;Nein;Allianz Global Investors Fund - Allianz Food Security
LU2233156582;A2QEUJ;ETF;Ja;Amundi Prime Euro Gov Bonds 0-1y UCITS ETF DR (C)
LU2233156749;A2QEUK;ETF;Ja;Amundi MSCI Japan SRI Climate Paris Aligned - UCITS ETF DR (C)
LU2237380790;A2QEGF;AKTIE;Ja;ALLEGRO.EU ZY -,01
LU2240851688;A2QGW0;ETF;Ja;AMUNDI DAX 50 ESG UCITS ETF DR - EUR (C)
LU2244386053;A2QMK5;ETF;Nein;BNP PARIBAS EASY - € High Yield SRI Fossil Free UCITS ETF CAPITALISATION
LU2244386137;A2QMK3;ETF;Nein;BNP PARIBAS EASY - € High Yield SRI Fossil Free UCITS ETF DISTRIBUTION
LU2244387457;A2QMK2;ETF;Nein;BNP PARIBAS EASY - JPM ESG EMU Government Bond IG 3-5 Y UCITS ETF CAPITALISATION
LU2250132763;A2QJ83;ETF;Nein;UBS (Lux) Fund Solutions – MSCI Switzerland IMI Socially Responsible UCITS ETF (CHF) A-acc
LU2255688470;A2QHYL;FONDS;Nein;LOYS FCP - LOYS Premium Deutschland P
LU2257592431;A2QHUQ;FONDS;Nein;Nordea 1 - Global Social Empowerment Fund - BP - EUR
LU2257592514;A2QHUS;FONDS;Nein;Nordea 1 - Global Social Empowerment Fund - BP - USD
LU2263803533;DBX0RG;ETF;Ja;Xtrackers MSCI World Swap UCITS ETF 1D
LU2265794276;A2QJ9G;ETF;Nein;UBS (Lux) Fund Solutions – Solactive China Technology UCITS ETF (USD) A-acc
LU2265794946;A2QJ9P;ETF;Nein;UBS (Lux) Fund Solutions – Solactive China Technology UCITS ETF (hedged to EUR) A-acc
LU2269164310;A2QKHV;ETF;Ja;Amundi MSCI Japan SRI Climate Paris Aligned - UCITS ETF DR - HEDGED EUR (C)
LU2278080713;DBX0AA;ETF;Ja;Xtrackers Bloomberg Commodity Swap UCITS ETF
LU2290522684;A2QNEL;AKTIE;Ja;INPOST S.A. EO -,01
LU2290523658;A2QM3K;AKTIE;Ja;HOMETOGO SE EO 1
LU2296661775;A2QNNH;ETF;Ja;Xtrackers MSCI EM Asia Swap UCITS ETF 1D
LU2297533809;A2QN4F;ETF;Ja;Amundi USD Corporate Bond ESG - UCITS ETF DR - HEDGED EUR  (D)
LU2300294316;A2QP8C;ETF;Ja;Amundi EUR Corporate Bond 0-1Y ESG - UCITS ETF DR (C)
LU2300294589;A3CNFJ;ETF;Ja;Amundi MSCI EM Asia SRI Climate Paris Aligned - UCITS ETF DR (D)
LU2300294746;A2QQC6;ETF;Ja;Amundi MSCI Japan ESG Broad Transition UCITS ETF DIST
LU2300295123;A3CM5D;ETF;Ja;Amundi Prime Emerging Markets UCITS ETF DR (C)
LU2314312849;A3CT5A;ETF;Nein;BNP PARIBAS EASY - MSCI China Select SRI S-Series 10% Capped UCITS ETF EUR CAPITALISATION
LU2333563281;A3CM2W;AKTIE;Ja;TONIES SE EO 1
LU2345046655;A3CR0S;ETF;Ja;Amundi MSCI Emerging Ex China ESG Selection - UCITS ETF DR (C)
LU2353012292;DWS3CY;FONDS;Nein;DWS Concept ESG Blue Economy - LD EUR DIS Fonds
LU2356220926;LYX9ZR;ETF;Ja;Amundi Euro Government Green Bond UCITS ETF Acc
LU2356314745;A3CSWZ;AKTIE;Ja;NOVEM GROUP S.A. EO 1
LU2358378979;A3CS4Z;AKTIE;Ja;LEARND SE EO1
LU2361257269;DBX0QY;ETF;Ja;Xtrackers II USD Emerging Markets Bond UCITS ETF 1D - EUR Hedged
LU2368674631;A3CV84;ETF;Ja;Amundi MSCI UK IMI SRI Climate Paris Aligned - UCITS ETF DR - EUR (D)
LU2369833749;A3CV86;AKTIE;Ja;ARDAGH METAL PAC.DL-,0001
LU2370241684;LYX9ZT;ETF;Ja;Amundi Corporate Proceeds Bond UCITS ETF Acc
LU2376679564;DBX0RQ;ETF;Ja;Xtrackers Harvest MSCI China Tech 100 UCITS ETF - 1C USD ACC ETF
LU2380748603;A3C81B;AKTIE;Ja;MARLEY SPOON GROUP EO 1
LU2380749676;A3C8RX;AKTIE;Ja;SMG HOSPITALITY SE EO 1
LU2385068163;DBX0RH;ETF;Ja;Xtrackers II ESG Global Government Bond UCITS ETF - 1D EUR DIS
LU2385068593;DBX0RT;ETF;Ja;Xtrackers II ESG Global Government Bond UCITS ETF - 4D EUR DIS H
LU2402389261;A3C6EU;ETF;Ja;Amundi MSCI Pacific Ex Japan SRI Climate Paris Aligned - UCITS ETF DR - EUR (D)
LU2439113387;A3DEGS;ETF;Ja;Amundi Euro Aggregate Bond ESG - UCITS ETF DR - EUR (D)
LU2439119236;A3DEGP;ETF;Ja;Amundi MSCI AC Far East Ex Japan ESG Selection - UCITS ETF DR - USD (C)
LU2439733507;A3DESC;ETF;Ja;Amundi Global Aggregate Bond ESG - UCITS ETF DR - HEDGED EUR (C)
LU2439734141;A3DESB;ETF;Ja;Amundi Global Aggregate Bond ESG - UCITS ETF DR (C)
LU2439735890;A3DKVC;ETF;Ja;Amundi China CNY Bonds UCITS ETF DR (C)
LU2439874319;FRA3TF;ETF;Nein;Frankfurter UCITS-ETF - Modern Value - EUR DIS ETF
LU2456436083;DBX0SC;ETF;Ja;Xtrackers MSCI China UCITS ETF
LU2458332611;A3DK8U;AKTIE;Ja;ALVOTECH S.A.S
LU2462217071;DBX0SH;ETF;Ja;Xtrackers II ESG Global Government Bond UCITS ETF - 1C EUR ACC
LU2468423459;DBX0SK;ETF;Ja;Xtrackers II ESG Eurozone Government Bond UCITS ETF
LU2469465822;DBX0SJ;ETF;Ja;Xtrackers MSCI China A Screened Swap UCITS ETF - 1C USD ACC ETF
LU2470620761;A3DLDK;ETF;Ja;Amundi Global Aggregate Bond 1-5Y ESG - UCITS ETF DR - USD (C)
LU2470620845;A3DLDL;ETF;Ja;Amundi Global Aggregate Bond 1-5Y ESG - UCITS ETF DR - HEDGED EUR (C)
LU2479335734;TMG4TT;FONDS;Ja;boerse.de-Technologiefonds - T
LU2479335817;TMG4TA;FONDS;Ja;boerse.de-Technologiefonds - A
LU2490201840;A3DNJF;ETF;Ja;Amundi MSCI Japan ESG Broad Transition UCITS ETF - HEDGED EUR (C)
LU2504532131;DBX0S0;ETF;Ja;Xtrackers II TIPS US Inflation-Linked Bond UCITS ETF
LU2504532487;DBX0SZ;ETF;Ja;Xtrackers II Eurozone Government Green Bond UCITS ETF
LU2504537445;DBX0SX;ETF;Ja;Xtrackers II Eurozone Government Bond ESG Tilted UCITS ETF
LU2552296563;DBX0TM;ETF;Ja;Xtrackers II iBoxx Eurozone Government Bond Yield Plus 1-3 UCITS ETF
LU2572256662;ETF009;ETF;Ja;Amundi PEA Dow Jones Industrial Average UCITS ETF Dist
LU2572256746;ETF015;ETF;Ja;Amundi MSCI China A II UCITS ETF Dist
LU2572256829;ETF016;ETF;Nein;Amundi German Bund Daily (-1x) Inverse UCITS ETF Dist
LU2572257041;ETF017;ETF;Nein;Amundi ShortDAX Daily (-1x) Inverse UCITS ETF - Dist
LU2572257124;ETF018;ETF;Ja;Amundi MSCI World III UCITS ETF Dist
LU2572257397;ETF013;ETF;Ja;Amundi MSCI Pacific ESG Broad Transition UCITS ETF Dist
LU2572257470;ETF045;ETF;Ja;Amundi MSCI Europe Small Cap ESG Broad Transition UCITS ETF Dist
LU2573966905;ETF019;ETF;Ja;Amundi MSCI Emerging Markets II UCITS ETF Dist
LU2573967036;ETF028;ETF;Ja;AMUNDI MSCI EMERGING MARKETS II - USD ACC ETF
LU2581375073;DBX0TQ;ETF;Ja;Xtrackers MSCI USA Swap UCITS ETF
LU2581375156;DBX0TR;ETF;Ja;Xtrackers Stoxx Europe 600 UCITS ETF - 1D EUR DIS ETF
LU2581375230;DBX0TS;ETF;Ja;Xtrackers MSCI Japan UCITS ETF
LU2592315662;A3EM26;AKTIE;Ja;D AMICO INTL SHIP.SA
LU2598331598;A3EWCS;AKTIE;Ja;TENARIS S.A. DL 1
LU2607735771;TMG4DT;FONDS;Nein;boerse.de-Dividendenfonds - T EUR ACC Fonds
LU2608817958;ETF087;ETF;Ja;Amundi MSCI Europe Action UCITS ETF Dist
LU2611731667;ETF197;ETF;Ja;AMUNDI MDAX ESG UCITS ETF Dist
LU2611731741;ETF193;ETF;Ja;Amundi DIVDAX UCITS ETF Dist
LU2611731824;ETF191;ETF;Ja;Amundi NYSE Arca Gold Bugs UCITS ETF Dist
LU2611732046;ETF200;ETF;Ja;Amundi DAX UCITS ETF Dist
LU2611732129;ETF196;ETF;Ja;Amundi F.A.Z. 100 UCITS ETF Dist
LU2611732475;ETF195;ETF;Ja;Amundi SDAX UCITS ETF Dist
LU2611732558;ETF096;ETF;Ja;AMUNDI EURO STOXX SELECT DIVIDEND30 UCITS ETF DIST
LU2611732632;ETF198;ETF;Ja;Amundi DJ Switzerland Titans 30 UCITS ETF Dist
LU2611732806;ETF105;ETF;Ja;Amundi US Aggregate Bond ESG UCITS ETF DIST
LU2641053827;DBX0T5;ETF;Ja;Xtrackers II iBoxx Eurozone Government Bond Yield Plus 0-1 UCITS ETF
LU2641054122;DBX0T2;ETF;Ja;Xtrackers II Eurozone Government Bond 0-1 UCITS ETF
LU2641054551;DBX0T8;ETF;Ja;Xtrackers II Germany Government Bond 0-1 UCITS ETF
LU2662649412;DBX0UW;ETF;Ja;Xtrackers II US Treasuries 10+ UCITS ETF 1D
LU2662649503;DBX0UU;ETF;Ja;Xtrackers II US Treasuries 3-7 UCITS ETF 1D
LU2662649685;DBX0UV;ETF;Ja;Xtrackers II US Treasuries 7-10 UCITS ETF 1D
LU2673522830;DBX0U6;ETF;Ja;Xtrackers II Target Maturity Sept 2027 EUR Corporate Bond UCITS ETF - 1C ACC ETF
LU2673522913;DBX0U7;ETF;Ja;Xtrackers II Target Maturity Sept 2029 EUR Corporate Bond UCITS ETF - 1C ACC ETF
LU2673523051;DBX0U9;ETF;Ja;Xtrackers II Target Maturity Sept 2033 EUR Corporate Bond UCITS ETF - 1C ACC ETF
LU2673523135;DBX0U8;ETF;Ja;Xtrackers II Target Maturity Sept 2031 EUR Corporate Bond UCITS ETF - 1C ACC ETF
LU2673523218;DBX0VA;ETF;Ja;Xtrackers II Target Maturity Sept 2027 EUR Corporate Bond UCITS ETF
LU2673523309;DBX0VB;ETF;Ja;Xtrackers II Target Maturity Sept 2029 EUR Corporate Bond UCITS ETF
LU2673523481;DBX0VC;ETF;Ja;Xtrackers II Target Maturity Sept 2031 EUR Corporate Bond UCITS ETF
LU2673523564;DBX0VD;ETF;Ja;Xtrackers II Target Maturity Sept 2033 EUR Corporate Bond UCITS ETF
LU2675291913;DBX0VE;ETF;Ja;Xtrackers MSCI Emerging Markets Swap UCITS ETF
LU2678230652;ETF095;ETF;Ja;Amundi MSCI Europe ESG Broad Transition UCITS ETF DR - EUR (D)
LU2755521270;DBX0VR;ETF;Ja;Xtrackers MSCI Pacific ex Japan ESG Screened UCITS ETF - USD DIS ETF
LU2780870932;A408V6;ETF;Ja;Amundi Global Corporate Bond 1-5Y Highest Rated ESG UCITS ETF USD Hedged Acc
LU2780871401;ETF165;ETF;Ja;AMUNDI FIXED MATURITY 2028 EURO GOVERNMENT BOND BROAD - DIS ETF
LU2780871666;ETF167;ETF;Ja;AMUNDI FIXED MATURITY 2028 EURO GOVERNMENT BOND YIELD + - DIS ETF
LU2780871823;ETF169;ETF;Ja;AMUNDI FIXED MATURITY 2027 GERMAN BUND GOVERNMENT BOND - EUR DIS ETF
LU2780872128;ETF171;ETF;Ja;AMUNDI FIXED MATURITY 2027 ITALY BTP GOVERNMENT BOND - EUR DIS ETF
LU2788421340;DBX0VS;ETF;Ja;Xtr.Xtr.CSI500 Swap ETF Act.Port. 1C USD Acc. oN ETF
LU2791994721;A408ST;AKTIE;Ja;AUNA S.A. A DL 0,01
LU2809864296;DBX0VZ;ETF;Ja;Xtrackers II Target Maturity Sept 2030 EUR Corporate Bond UCITS ETF - 1C ACC ETF
LU2809864452;DBX0V1;ETF;Ja;Xtrackers II Target Maturity Sept 2032 EUR Corporate Bond UCITS ETF - 1C ACC ETF
LU2809864619;DBX0V3;ETF;Ja;Xtrackers II Target Maturity Sept 2034 EUR Corporate Bond UCITS ETF - 1C ACC ETF
LU2810185665;DBX0V6;ETF;Ja;Xtrackers II Target Maturity Sept 2028 EUR Corporate Bond UCITS ETF - 1C ACC ETF
LU2818110020;A40Q8F;AKTIE;Ja;ELEVING GRP DEM. EO -,01
LU2859297330;DBX0V9;ETF;Ja;Xtrackers World Small Cap Green Transition Innovators UCITS ETF 1C ACC ETF
LU2859392081;DBX0V8;ETF;Ja;Xtrackers World Green Transition Innovators UCITS ETF 1C USD ACC ETF
LU2859870326;A40H84;AKTIE;Ja;BIGREP SE EO 1
LU2872291948;ETF206;ETF;Ja;AMUNDI LIFECYCLE 2030 UCITS ETF Acc
LU2872292086;ETF207;ETF;Ja;AMUNDI LIFECYCLE 2033 UCITS ETF Acc
LU2872292169;ETF205;ETF;Ja;AMUNDI LIFECYCLE 2036 UCITS ETF Acc
LU2872292243;ETF204;ETF;Ja;AMUNDI LIFECYCLE 2039 UCITS ETF Acc
LU2873560481;ETF175;ETF;Ja;Amundi MSCI Europe ESG Broad Transition UCITS ETF EUR Hedged Acc (C)
LU2910446546;A40S0F;AKTIE;Nein;ZABKA GROUP O.N.
LU2914558916;A40YL9;ETF;Nein;BNP PARIBAS EASY FTSE EPRA Nareit Developed Europe Green CTB - UCITS ETF QD EUR DIS
LU2924150282;ETF236;ETF;Ja;Amundi Euro Government Low Duration Tilted Green Bond UCITS ETF Acc
LU2928641757;DBX0WD;ETF;Ja;Xtrackers MSCI Taiwan Act.Port. UCITS ETF 1D USD DIS
LU2932780914;ETF188;ETF;Ja;Amundi S&P Eurozone Climate Paris Aligned UCITS ETF Dist
LU2977997381;ETF244;ETF;Ja;Amundi USD Corporate Bond UCITS ETF EUR Hedged Acc
LU3003218016;DBX0WU;ETF;Ja;Xtrackers II Australia Government Bond UCITS ETF 2C – EUR Hedged
LU3003218446;DBX0WX;ETF;Ja;Xtrackers II Japan Government Bond UCITS ETF 2C – EUR Hedged
LU3038520774;ETF264;ETF;Ja;Amundi Stoxx Europe Defense UCITS ETF Acc
MA0000011488;A0J3AH;AKTIE;Ja;ITISSALAT AL-MA. INH.DH 6
MC0000031187;852401;AKTIE;Ja;BAINS MER MONACO EO 1
MHY004081078;A40N0L;AKTIE;Ja;CAPITAL CLEAN EN. DL-,01
MHY0207T1001;A1W4G1;AKTIE;Ja;ARDMORE SHIPPING C.DL-,01
MHY1146L2082;A403W8;AKTIE;Ja;CASTOR MARITIME INC.
MHY1771G1026;A1C8A6;AKTIE;Ja;COSTAMARE INC. DL-,0001
MHY1968P1218;A2PH59;AKTIE;Ja;DANAOS CORP. DL -,01
MHY2065G1219;A1J059;AKTIE;Ja;DHT HLDGS INC.NEW DL -,01
MHY2066G1044;A0D9BX;AKTIE;Ja;DIANA SHIPPING INC.DL-,01
MHY2106R1100;A1135G;AKTIE;Ja;DORIAN LPG LTD DL-,01
MHY2188B1083;A1W8VH;AKTIE;Ja;DYNAGAS LNG PTN.UTS DL-01
MHY235081079;A2JMZB;AKTIE;Ja;EURODRY LTD. DL -,01
MHY235921357;A2PXCQ;AKTIE;Ja;EUROSEAS LTD DL -,01
MHY2685T1313;A2ANH9;AKTIE;Ja;GENCO SHIP.+TRDG DL-,01
MHY271836006;A2PEWC;AKTIE;Ja;GLOBAL SHIP LEA. A DL-,01
MHY272651263;A2QEX8;AKTIE;Ja;GLOBUS MARITIME DL -,004
MHY410531021;A2DGML;AKTIE;Ja;INTERNATIONAL SEAWAYS INC
MHY460021535;A40YYD;AKTIE;Nein;JX LUX.GRP NEW DL -,0001
MHY481251012;A1T9FV;AKTIE;Ja;KNOT OFFSHORE PTN.UTS
MHY621321089;A1JY36;AKTIE;Ja;NAVIGATOR HLDGS LTD
MHY622674098;A2PJPH;AKTIE;Ja;NAVIOS MARITIME PARTNERS
MHY641771016;A2N9R8;AKTIE;Ja;OKEANIS ECO TANK. DL-,001
MHY673051543;A3DZ0X;AKTIE;Ja;PERFORMANCE SHIPP.
MHY737604006;A3D7NL;AKTIE;Ja;SEANERGY MARIT.HLD.-,0001
MHY7388L1039;A0Q2R4;AKTIE;Ja;SAFE BULKERS INC. DL-,001
MHY7542C1306;A2PB2X;AKTIE;Ja;SCORPIO TANKERS DL -,10
MHY8162K2046;A2AM06;AKTIE;Ja;STAR BULK CARR.NEW DL-,01
MHY816691064;A0HFYU;AKTIE;Ja;STEALTHGAS INC.
MHY8897Y2307;A3EUNR;AKTIE;Ja;TOP SHIPS DL-,01
MT0001770107;A2JDEW;AKTIE;Ja;SAMARA ASSET GRP. EO 0,05
MU0117U00026;A0NC6L;AKTIE;Ja;GOLDEN AGRI-RES DL-,025
MU0295S00016;A1C3UJ;AKTIE;Ja;MAKEMYTRIP LTD DL -,0005
MU0456S00006;A12GSG;AKTIE;Ja;ALPHAMIN RES CORP.
MX00BW020002;A2QAZF;AKTIE;Ja;BETTERWARE DE MEXICO SAPI
MX01AC100006;A1JBMK;AKTIE;Nein;ARCA CONTINENT.SAB DE CV
MX01AM050019;A3D9N4;AKTIE;Nein;AMERICA MOVIL B
MX01AX040009;A0HM5G;AKTIE;Nein;AXTEL S.A.B. DE C.V.
MX01BM1B0000;A0Q4ME;AKTIE;Nein;B.MEXICANA DE VAL.CL.A ON
MX01CU010003;A2DLRY;AKTIE;Ja;BECLE S.A.B. DE C.V. 0,01
MX01EL000003;724594;AKTIE;Nein;GRUPO ELEKTRA SAB DE CV
MX01GA000004;A0JDXN;AKTIE;Nein;GRUPO AEROP.DEL PAC.SAB B
MX01KO000002;A2PHAR;AKTIE;Nein;COCA-COLA FEMSA UTS
MX01OM000018;A0LFES;AKTIE;Nein;GR.AERO.D.CENT.NORT. B.
MX01OR010004;A2PRMA;AKTIE;Nein;ORBIA ADVANCE CORP.
MX01TR0H0006;A2DYN3;AKTIE;Ja;GRUPO TRAXION SE.A MN-,01
MX41BB000000;A2DTBC;AKTIE;Ja;BANCO DEL BAJIO SER.O
MXP001391012;A0JL36;AKTIE;Nein;ALSEA S.A.B DE C.V.
MXP001661018;165378;AKTIE;Nein;GRUPO AEROPORTU. SUR. B
MXP225611567;912286;AKTIE;Ja;CEMEX.CPO(2SHS A+1SHS B)
MXP370841019;580892;AKTIE;Ja;GRUPO MEXICO B
MXP461181085;885075;AKTIE;Nein;GRUPO CARSO NOM. A-1
MXP4948K1056;915731;AKTIE;Nein;GRUMA SAB DE CV B
MXP495211262;904121;AKTIE;Nein;GRUPO BIMBO S.A.B. DE C.V
MXP554091415;897910;AKTIE;Ja;INDS PENOLES S.A.B.DE C.V
MXP8728U1671;907398;AKTIE;Nein;ORGANIZ.SORIANA S.A.B. B
NGSEPLAT0008;A11059;AKTIE;Ja;SEPLAT ENERGY (DI) NA-,50
NL0000008977;A0ETXG;AKTIE;Ja;HEINEKEN HLDG EO 1,60
NL0000009082;890963;AKTIE;Ja;KON. KPN NV EO-04
NL0000009165;A0CA0G;AKTIE;Ja;HEINEKEN EO 1,60
NL0000009538;940602;AKTIE;Ja;KONINKL. PHILIPS EO -,20
NL0000018034;A0H0RS;AKTIE;Ja;AFC AJAX N.V. EO -,45
NL0000226223;893438;AKTIE;Ja;STMICROELECTRONICS
NL0000235190;938914;AKTIE;Ja;AIRBUS SE
NL0000238145;940883;AKTIE;Ja;AD PEPPER MEDIA EO 0,05
NL0000289213;853289;AKTIE;Ja;WERELDHAVE EO 1
NL0000289783;970259;FONDS;Nein;Robeco Sustainable Global Stars Equities Fund
NL0000302636;923948;AKTIE;Ja;VAN LANSCHOT KEMP. EO1
NL0000313286;852176;AKTIE;Ja;ACOMO NV EO-,45
NL0000334118;868730;AKTIE;Ja;ASM INTL N.V. EO-,04
NL0000337319;A0JMJ1;AKTIE;Ja;KONINK.BAM GP TOON.EO-,10
NL0000345577;912784;AKTIE;Ja;CTAC N.V. EO-,24
NL0000360618;A0JLZV;AKTIE;Ja;SBM OFFSHORE N.V. EO-,25
NL0000371243;851851;AKTIE;Ja;NEDAP EO-10
NL0000379121;879309;AKTIE;Ja;RANDSTAD NV EO -,10
NL0000395903;A0J2R1;AKTIE;Ja;WOLTERS KLUWER NAM. EO-12
NL0000440311;A0ETVC;AKTIE;Ja;HOLLAND COLOURS NA.EO2,27
NL0000686509;A0LB0L;AKTIE;Nein;ASTARTA HOLDING EO -,01
NL0000687663;A0LFB3;AKTIE;Ja;AERCAP HOLDINGS EO -,01
NL0000817179;A0MP74;AKTIE;Ja;SLIGRO FOOD GROUP EO -,06
NL0000852523;A0MQWT;AKTIE;Ja;TKH GROUP NV CVA EO -,25
NL0000852531;A0MN1X;AKTIE;Ja;KENDRION N.V. EO 2
NL0000852564;A0MQ1F;AKTIE;Ja;AALBERTS NV EO -,25
NL0000888691;A0MWED;AKTIE;Ja;AMG CRITICAL MATER. EO-02
NL0006237562;A0Q163;AKTIE;Ja;ARCADIS NV EO-,02
NL0006294274;A115MJ;AKTIE;Ja;EURONEXT N.V. WI EO 1,60
NL0009269109;A0YBCH;AKTIE;Ja;KONINKLIJKE HEIJMA.EO-,30
NL0009272749;A1JN2C;ETF;Ja;VanEck AEX UCITS ETF
NL0009272756;A1JPFU;ETF;Ja;VanEck AMX UCITS ETF
NL0009272764;A1JPFV;ETF;Ja;VanEck Multi-Asset Conservative Allocation UCITS ETF
NL0009272772;A1JPFW;ETF;Ja;VanEck Multi-Asset Balanced Allocation UCITS ETF
NL0009272780;A1JPFX;ETF;Ja;VanEck Multi-Asset Growth Allocation UCITS ETF
NL0009432491;A1CYGK;AKTIE;Ja;KON. VOPAK NV EO -,50
NL0009434992;A1CWRM;AKTIE;Ja;LYONDELLBAS.IND.A EO -,04
NL0009538784;A1C5WJ;AKTIE;Ja;NXP SEMICONDUCTORS EO-,20
NL0009690239;A1T6SY;ETF;Ja;VanEck Global Real Estate UCITS ETF
NL0009690247;A1T84M;ETF;Ja;VanEck iBoxx EUR Corporates UCITS ETF
NL0009690254;A1J7LH;ETF;Ja;VanEck iBoxx EUR Sovereign Diversified 1-10 UCITS ETF
NL0009739416;A1JJQC;AKTIE;Ja;POSTNL N.V. EO -,08
NL0009805522;A1JGSL;AKTIE;Ja;NEBIUS GROUP CL.A DL-,01
NL0010273215;A1J4U4;AKTIE;Ja;ASML HOLDING EO -,09
NL0010273801;A1T84N;ETF;Ja;VanEck iBoxx EUR Sovereign Capped AAA-AA 1-5 UCITS ETF
NL0010389508;A1KCMJ;AKTIE;Ja;TITAN N.V. EO 0,01
NL0010391025;A1H65A;AKTIE;Ja;PHARMING GRP EO-,01
NL0010391108;A1T9KW;AKTIE;Ja;PHOTON ENERGY NV EO-,01
NL0010408704;A12HWR;ETF;Ja;VanEck Sustainable World Equal Weight UCITS ETF
NL0010545661;A1W599;AKTIE;Ja;CNH INDUSTRIAL EO -,01
NL0010556684;A1W3ZG;AKTIE;Ja;EXPRO GRP.HOLD.NV EO -,01
NL0010558797;A1W4QF;AKTIE;Ja;OCI N.V. EO 0,02
NL0010583399;A1W60Y;AKTIE;Ja;CORBION N.V. NAM. EO-,25
NL0010696654;A1XDTV;AKTIE;Ja;UNIQURE N.V. EO -,05
NL0010731816;A14PPP;ETF;Ja;VanEck Sustainable European Equal Weight UCITS ETF
NL0010773842;A115DY;AKTIE;Ja;NN GROUP NV EO -,12
NL0010776944;A115DT;AKTIE;Ja;BRUNEL INTL NV EO -,03
NL0010801007;A116P8;AKTIE;Ja;IMCD N.V. EO -,16
NL0010832176;A11602;AKTIE;Ja;ARGENX SE EO -,10
NL0010872495;A12B97;AKTIE;Ja;PROQR THERAPEUTICS EO-,04
NL0011540547;A143G0;AKTIE;Ja;ABN AMRO BANK DR/EO1
NL0011585146;A2ACKK;AKTIE;Ja;FERRARI N.V.
NL0011606264;A2AKFX;AKTIE;Ja;MERUS N.V. EO -,09
NL0011660485;A2ADY0;AKTIE;Ja;SIF HOLDING N.V. EO-,20
NL0011683594;A2JAHJ;ETF;Ja;VanEck Morningstar Developed Markets Dividend Leaders UCITS ETF
NL0011794037;A2ANT0;AKTIE;Ja;AHOLD DELHAIZE,KON.EO-,01
NL0011821202;A2ANV3;AKTIE;Ja;ING GROEP NV EO -,01
NL0011821392;A2AJ7T;AKTIE;Ja;SIGNIFY N.V. EO -,01
NL0011832811;A2AJSS;AKTIE;Ja;FOR FARMERS BV EO 1
NL0011832936;A2AJ68;AKTIE;Ja;COSMO PHARMACEUT. EO-,26
NL0011872643;A2AKBT;AKTIE;Ja;ASR NEDERLAND N.V.EO-,16
NL0011872650;A2AJXD;AKTIE;Ja;BASIC-FIT N.V. EO -,06
NL0012015705;A2ASAC;AKTIE;Ja;JUST EAT TAKEAWAY. EO-,04
NL0012044747;A2AR94;AKTIE;Ja;REDCARE PHARMACY INH.
NL0012059018;A2DHZ4;AKTIE;Ja;EXOR N.V.
NL0012170237;A2DMX3;AKTIE;Ja;PLAYA HOTELS+RES. EO -,10
NL0012365084;A2DY1J;AKTIE;Ja;NSI N.V. NEW EO 3,68
NL0012650360;A2H5W8;AKTIE;Ja;RHI MAGNESITA N.V.
NL0012661870;A2H7A5;AKTIE;Ja;INFLARX N.V. EO 0,12
NL0012747059;A2JEX2;AKTIE;Ja;CM.COM N.V. EO,-06
NL0012817175;A2JGMQ;AKTIE;Ja;ALFEN N.V. EO -,10
NL0012866412;A2JLD1;AKTIE;Ja;BE SEMICON.INDSINH.EO-,01
NL0012969182;A2JNF4;AKTIE;Ja;ADYEN N.V. EO-,01
NL0013056914;A2N5RS;AKTIE;Ja;ELASTIC N.V.
NL0013267909;A2PB32;AKTIE;Ja;AKZO NOBEL EO 0,5
NL0013332471;A2PK2B;AKTIE;Ja;TOMTOM NV NAM. EO-,20
NL0013654783;A2PRDK;AKTIE;Ja;PROSUS NV EO -,05
NL0013654809;A2PMA5;AKTIE;Ja;FASTNED B.V. CVA EO -,01
NL0013995087;A2PS9R;AKTIE;Ja;CEMENTIR HOLDING N.V. EO1
NL0014040206;A2PUCU;AKTIE;Ja;CENTOGENE N.V. EO -,12
NL0014332678;A2P0E9;AKTIE;Ja;JDE PEETS NV EO-,01
NL0014559478;A2QNZT;AKTIE;Ja;TECHNIP ENERGIES EO -,01
NL00150000S7;A2QJL0;AKTIE;Ja;CABKA N.V. SHS EO-01
NL00150001Q9;A2QL01;AKTIE;Ja;STELLANTIS NV EO -,01
NL00150002Q7;A2QJV6;AKTIE;Ja;VIVORYON THERAP. EO-,01
NL00150003E1;A3CRBN;AKTIE;Ja;FUGRO NV NAM. EO 0,05
NL00150005Y4;A2QNWS;AKTIE;Ja;PHARVARIS N.V. EO -,12
NL00150006R6;A2QRMW;AKTIE;Ja;CTP N.V. EO 1
NL00150006Z9;A2QSAE;AKTIE;Ja;AZERION GROUP EO-01
NL0015000AG6;A2QSJY;AKTIE;Ja;LAVA THERAP. B.V. EO-,12
NL0015000AU7;A3CQ3M;AKTIE;Ja;PEPCO GROUP N.V. EO-,01
NL0015000D50;A3CR3E;AKTIE;Ja;NX FILTRATION EO 1
NL0015000DX5;A3CSB4;AKTIE;Ja;ATAI LIFE SCIENCES BV EO1
NL0015000F41;A3CYXP;AKTIE;Ja;LILIUM N.V. CL.A EO0,01
NL0015000GX8;A3CSM9;AKTIE;Ja;ENVIPCO HLDG CVA B
NL0015000HT4;A3C5RE;AKTIE;Ja;ONWARD MEDICAL BV EO -,12
NL0015000IY2;A3C291;AKTIE;Ja;UNIVERSAL MUSIC GROUP EO1
NL0015000K93;A3CZHN;AKTIE;Ja;EUROCOMM.PR. CERT.10EO 10
NL0015000LC2;A3C6XX;AKTIE;Nein;MAINZ BIOMED N.V. EO 1
NL0015000LU4;A3DBBA;AKTIE;Ja;IVECO GROUP N.V. EO 1
NL0015000M91;A3C4US;AKTIE;Ja;WALLBOX N.V. CL.A EO-,12
NL0015000N33;A3C7YC;AKTIE;Ja;ARISTON HOLD.N.V. EO-,01
NL0015000PB5;A3C9KP;AKTIE;Ja;ERMENEGILDO ZEG.DL -,0001
NL0015000TA9;A3DHMQ;AKTIE;Ja;ALLEGO N.V. DL 1
NL0015000X07;A3DNL2;AKTIE;Ja;BANIJAY GROUP N.V. EO1
NL0015000YE1;A3DMC3;AKTIE;Ja;TME PHARM.CONF.IPO EO-,01
NL00150012L7;A3DUAC;AKTIE;Ja;NEWAMSTERDAM PHA. EO-,12
NL0015001FS8;A3EG0H;AKTIE;Ja;FERROVIAL SE EO-,01
NL0015001KT6;A3ER8L;AKTIE;Ja;BREMBO N.V. EO 0,01
NL0015001OI1;A3EXMP;AKTIE;Ja;MFE-MEDIAFOREU. A EO -,06
NL0015001OJ9;A3EXL9;AKTIE;Ja;MFE-MEDIAFOREU. B EO -,60
NL0015001W49;A4017D;AKTIE;Ja;PLUXEE
NL0015001ZQ0;A407ZR;AKTIE;Ja;AFFIMED N.V. EO-,10
NL0015002AG2;A40P4A;AKTIE;Ja;EBUSCO HOLD. N.V. EO -,01
NL0015002AH0;A40UCX;AKTIE;Ja;HAVAS N.V. EO -,20
NL0015002CX3;A40ZZU;AKTIE;Ja;QIAGEN NV EO -,01
NL0015002E73;A411LZ;AKTIE;Ja;PRYME N.V EO -,50
NL0015002IE0;A419G6;AKTIE;Nein;AVANTIUM N.V. EO - 1
NL0015268814;A2QMBK;AKTIE;Ja;MPC ENERGY SOLUTIONS N.V.
NL0015285941;A2P72S;AKTIE;Ja;IMMATICS N.V.
NL0015435975;A2P8B7;AKTIE;Ja;DAVIDE CAMPARI-MIL.EO-,01
NL0015436031;A2P71U;AKTIE;Ja;CUREVAC N.V. O.N.
NO0003021909;882240;AKTIE;Ja;ABG SUND.COL.HLD.A NK-,23
NO0003028904;884432;AKTIE;Ja;VEND MARKETPLAC. A NK-,50
NO0003033102;895919;AKTIE;Ja;KONGSBERG AUTOMOTIV.NK 1
NO0003049405;899464;AKTIE;Ja;NEKKAR ASA NK -,11
NO0003053605;867218;AKTIE;Ja;STOREBRAND ASA NK 5
NO0003054108;924848;AKTIE;Ja;MOWI ASA NK 7,5
NO0003055501;932405;AKTIE;Ja;NORDIC SEMICONDUCT. NK-01
NO0003058109;A2QR4S;AKTIE;Ja;NORDIC HALIBUT AS NK 5
NO0003067902;904953;AKTIE;Ja;HEXAGON COMP NK-,10
NO0003078107;569904;AKTIE;Ja;AF GRUPPEN ASA A NK 0,05
NO0003078800;919493;AKTIE;Ja;TGS ASA NK 0,25
NO0003079709;911463;AKTIE;Ja;KITRON ASA NK 0,1
NO0003080608;909875;AKTIE;Ja;SOLSTAD OFFSHORE NK 1
NO0003096208;570796;AKTIE;Ja;LEROY SEAFOOD GRP NK 0,10
NO0003110603;870485;AKTIE;Ja;BONHEUR NK 1,25
NO0003117202;902989;AKTIE;Ja;REACH SUBSEA NK 1
NO0003399909;873204;AKTIE;Ja;ODFJELL SE A NK 2,5
NO0003733800;864042;AKTIE;Ja;ORKLA NK 1,25
NO0003921009;865623;AKTIE;Ja;DNO ASA A NK -,25
NO0004822503;884578;AKTIE;Ja;ATEA ASA NK 1
NO0005052605;851908;AKTIE;Ja;NORSK HYDRO ASA NK 1,098
NO0005806802;874286;AKTIE;Ja;VEIDEKKE ASA NK 0,50
NO0006000801;A0DK56;AKTIE;Ja;SPAREBK 1 NORD-NORGE NK18
NO0006390301;634727;AKTIE;Ja;SPAREBANK 1 SMN NK 25
NO0010000045;931150;AKTIE;Ja;PHOTOCURE ASA NK-,50
NO0010001118;918708;AKTIE;Ja;ITERA ASA NK 0,30
NO0010014632;A0HGR5;AKTIE;Ja;ARCTICZYMES TECH ASA NK 1
NO0010015175;A2QLBL;AKTIE;Ja;CYVIZ AS NK 1,10
NO0010040611;A0BMED;AKTIE;Ja;OTELLO CORP. ASA NK-,02
NO0010063308;591260;AKTIE;Ja;TELENOR ASA NK 6
NO0010073489;A0J2P8;AKTIE;Ja;AUSTEVOLL SEAFOOD NK 0,5
NO0010078850;A2QNZ9;AKTIE;Ja;CAMBI ASA NK -,02
NO0010081235;A0B733;AKTIE;Ja;NEL ASA NK-,20
NO0010096985;675213;AKTIE;Ja;EQUINOR ASA NK 2,50
NO0010098247;570011;AKTIE;Ja;STRONGPOINT ASA NK 0,62
NO0010112675;A0BKK5;AKTIE;Ja;REC SILICON NK 1
NO0010159684;A0D9B1;AKTIE;Ja;MEDISTIM ASA NK -,25
NO0010161896;A2QG6Z;AKTIE;Ja;DNB BANK ASA NK 100
NO0010187032;A0D9BZ;AKTIE;Ja;MAGNORA ASA NK 0,50
NO0010196140;A0BLAH;AKTIE;Ja;NORWEGIAN AIR SHUT.NK-,10
NO0010208051;A0BL7F;AKTIE;Ja;YARA INTERNATIONAL NK1,70
NO0010209331;A0MSGT;AKTIE;Ja;PROTECTOR FORSIKRING NK 1
NO0010215684;A0B97B;AKTIE;Ja;AKASTOR ASA
NO0010234552;A0B8L8;AKTIE;Ja;AKER ASA A NK 28
NO0010257728;A0ERQX;AKTIE;Ja;HAVILA SHIPPING NK 1
NO0010272065;A0ETG1;AKTIE;Ja;AMSC ASA NK 1
NO0010310956;A0MR2G;AKTIE;Ja;SALMAR ASA NK -,25
NO0010345853;A0LHC1;AKTIE;Ja;AKER BP NK 1
NO0010358484;A0MM87;AKTIE;Ja;ELECTROMAG.GEOSVCS NK 1
NO0010360019;A3DXEM;AKTIE;Ja;NORAM DRILLING CO. NK 2
NO0010360266;A0MSSM;AKTIE;Ja;BOUVET ASA NK 0,1
NO0010365521;A0MUHR;AKTIE;Ja;GRIEG SEAFOOD ASA NK 4
NO0010379266;A0MYHV;AKTIE;Ja;BLUENORD ASA
NO0010397581;A2AKVR;AKTIE;Ja;PARETO BANK ASA NK 12
NO0010466022;A0RK0Z;AKTIE;Ja;POLARIS MEDIA ASA NK 20
NO0010550056;A0N9X7;AKTIE;Ja;NORTH ENERGY ASA NK 1
NO0010564701;A1C0Q3;AKTIE;Ja;PANORO ENERGY ASA NK 0,05
NO0010571680;A1C0ZS;AKTIE;Ja;WALLENIUS WILHEL. NK 0,52
NO0010571698;A1C04X;AKTIE;Ja;WILH.WILHELM.HLDG A NK 20
NO0010572589;A1C3YB;AKTIE;Ja;SAGA PURE ASA NK 1
NO0010576010;A1C04Y;AKTIE;Ja;WILH.WILHELM.HLDG B NK 20
NO0010582521;A1C47M;AKTIE;Ja;GJENSIDIGE FORSIKRNG NK 2
NO0010597883;A1H64K;AKTIE;Ja;THOR MEDICAL ASA NK 0,20
NO0010598683;A1JWL4;AKTIE;Ja;HOFSETH BIOCARE NK 0,01
NO0010607971;A1JEMJ;AKTIE;Ja;AWILCO LNG NK -,10
NO0010609662;A2H5N4;AKTIE;Ja;WEBSTEP ASA NK 1
NO0010612450;A1JKF4;AKTIE;Ja;SELVAAG BOLIG AS NK 2
NO0010657505;A1J5TM;AKTIE;Ja;BORREGAARD ASA
NO0010694029;A2AQKM;AKTIE;Ja;MORROW BANK ASA NK 1
NO0010708068;A111AY;AKTIE;Ja;VOW ASA NK 0,0935
NO0010708605;A112K1;AKTIE;Ja;EQVA ASA
NO0010708910;A116WU;AKTIE;Ja;ZALARIS ASA A NK -,10
NO0010713571;A40QF0;AKTIE;Ja;SOILTECH ASA NK -,13
NO0010713936;A2QEA9;AKTIE;Ja;ZAPTEC ASA NK -,015
NO0010714785;A2PZ5J;AKTIE;Ja;NYKODE THERAPEUT. NK -,05
NO0010715139;A12C5D;AKTIE;Ja;SCATEC ASA NK -,02
NO0010715394;A119TZ;AKTIE;Ja;ABL GROUP ASA NA NK-,10
NO0010716418;A12DBZ;AKTIE;Ja;ENTRA ASA NK 1
NO0010716582;A12A18;AKTIE;Ja;AKER SOLUTIONS ASA NK1,08
NO0010722283;A2QFQQ;AKTIE;Ja;ELLIPTIC LABORATOR.NK0,01
NO0010724701;A2QFTF;AKTIE;Ja;ICELANDIC SALMON AS NK 10
NO0010735343;A14U1Q;AKTIE;Ja;EUROPRIS ASA NK 1
NO0010743545;A143BJ;AKTIE;Ja;KID ASA O.N.
NO0010751910;A2DTEV;AKTIE;Ja;SPAREBK 1 OESTLANDET NK50
NO0010762792;A2QBRA;AKTIE;Ja;INSTABANK ASA NK 1
NO0010768096;A2AQT0;AKTIE;Ja;WESTERN BULK CHARTERING
NO0010791353;A2DS30;AKTIE;Ja;MPC CONTAINER SHIPS NK 1
NO0010808892;A2H7BK;AKTIE;Ja;CRAYON GROUP HOLDING NK 1
NO0010809783;A2QPYT;AKTIE;Ja;OTOVO ASA NK 0,01
NO0010815103;A2QKYG;AKTIE;Ja;KRAFT BANK ASA NK 1
NO0010815673;A2JGNR;AKTIE;Ja;ELMERA GROUP ASA
NO0010816093;A2JGEL;AKTIE;Ja;ELKEM ASA NK 5
NO0010816895;A2PLN0;AKTIE;Ja;OKEA A.S. NK-,1
NO0010829765;A2P7K9;AKTIE;Ja;ANDFJORD SALMON GRP NK 1
NO0010833262;A2PK8E;AKTIE;Ja;KLAVENESS COMB.CARR. NK1
NO0010840507;A2P39H;AKTIE;Ja;PEXIP HOLDING ASA NK-,015
NO0010856511;A2PMG8;AKTIE;Ja;NORBIT ASA NK-,1
NO0010859648;A2QJ0U;AKTIE;Ja;HUDDLESTOCK FINTECH-,0019
NO0010861115;A2PTK2;AKTIE;Ja;NORSKE SKOG AS NK 4
NO0010861990;A2PRFU;AKTIE;Ja;PROSAFE SE EO 1,25
NO0010863285;A2PTV3;AKTIE;Ja;SATS ASA NK 2,125
NO0010864036;A2P86S;AKTIE;Ja;ININ GROUP AS NK -,50
NO0010872468;A2QD56;AKTIE;Ja;AGILYX ASA NK -,02
NO0010876642;A2P85S;AKTIE;Ja;CLOUDBERRY CL.EN. NK -,25
NO0010886625;A2P701;AKTIE;Ja;AKER BIOMARINE ASA NK 6
NO0010887565;A2QFVR;AKTIE;Ja;OCEAN SUN AS NK -,01
NO0010890304;A2QBSN;AKTIE;Ja;AKER CARB.CAPT.AS NK -,02
NO0010890965;A2QBBR;AKTIE;Ja;BEWI ASA NK 1
NO0010892094;A2QDK9;AKTIE;Ja;SALMON EVOLUTION NK -,05
NO0010892359;A2QD5A;AKTIE;Ja;HYDROGEN PRO ASA NK -,02
NO0010892912;A2QFMZ;AKTIE;Ja;NORCOD AS NK -,50
NO0010894231;A2QFJZ;AKTIE;Ja;LINK MOB.GRP.HLDG.NK-,005
NO0010894512;A2QD8B;AKTIE;Ja;OMDA AS NK 10
NO0010895568;A2QHM2;AKTIE;Ja;AIRTHINGS AS NK -,01
NO0010895782;A2QHVY;AKTIE;Ja;XPLORA TECHNO.AS NK 0,004
NO0010904923;A2QKGG;AKTIE;Ja;HEXAGON PURUS ASA NK-,10
NO0010907389;A2QPU1;AKTIE;Ja;RANA GRUBER ASA NK -,25
NO0010907744;A2QRF0;AKTIE;Ja;GREEN MINERALS NK -,003
NO0010917339;A2QNES;AKTIE;Ja;HORISONT ENERGI NK -,01
NO0010917719;A2QPA7;AKTIE;Ja;ARCTIC FISH HOLDINGS NK10
NO0010920945;A3CM9J;AKTIE;Ja;HYNION AS NK -,005
NO0010921232;A2QNH0;AKTIE;Ja;AKER HORIZONS ASA NK 1
NO0010921299;A3CQSR;AKTIE;Ja;LOKOTECH GROUP AS NK -,05
NO0010923121;A3C90T;AKTIE;Ja;CAPSOL TECHN. NK 1
NO0010927288;A2QPCH;AKTIE;Ja;LUMI GRUPPEN AS NK -,01
NO0010931918;A2QP3K;AKTIE;Ja;HAV GROUP ASA
NO0010950249;A3CNLM;AKTIE;Ja;BERGEN C.S. NK -,0003
NO0010951577;A2QR3C;AKTIE;Ja;TEKNA HOLDING ASA NK 2
NO0010955198;A3CWK6;AKTIE;Ja;BIOFISH HOLDING AS NK 1
NO0010955917;A3CMW6;AKTIE;Ja;DEEP VAL.DRILL.AS NK -,10
NO0010963275;A2QR3K;AKTIE;Ja;DESERT CONTROL NK 3
NO0010969108;A3CPSZ;AKTIE;Ja;NORSK TITANIUM NK-,08
NO0010974983;A3CSWR;AKTIE;Ja;MASOVAL AS NK -,25
NO0010976343;A3CRUH;AKTIE;Ja;M VEST WATER NK-,00227652
NO0010984966;A3CRLZ;AKTIE;Ja;NORWEGIAN BLOCK EXC.NK,08
NO0010998529;A3C8JH;AKTIE;Ja;EDDA WIND ASA NK -,10
NO0011002586;A3CRSE;AKTIE;Ja;ELOPAK AS NK -69,75584
NO0011002651;A3CRTG;AKTIE;Ja;NORDHEALTH AS NK 1
NO0011008971;A3CSFU;AKTIE;Ja;SMARTCRAFT CL.A NK-,01
NO0011012502;A3CRYH;AKTIE;Ja;SMARTOPTICS GRP AS NK-,02
NO0011032310;A3C886;AKTIE;Ja;AURORA EIENDOM NK 75
NO0011037483;A3CTPX;AKTIE;Ja;VOW GREEN METALS NK-,0065
NO0011045429;A3CWHM;AKTIE;Ja;HAVILA KYSTRUTEN AS NK 1
NO0011082075;A3C8LV;AKTIE;Ja;HOEGH AUTOLINERS NK 1
NO0011202772;A3DEH5;AKTIE;Ja;VAR ENERGI ASA
NO0012470089;A3DHA0;AKTIE;Ja;TOMRA SYSTEMS ASA NK-,50
NO0012595950;A3DXSR;AKTIE;Ja;DOLPHIN DRILL. A.S. NK 1
NO0012851874;A3EC4Y;AKTIE;Ja;DOF GROUP ASA NK 2,50
NO0012885252;A3EEQK;AKTIE;Ja;NORSE ATLANTIC NK 5
NO0012928805;A3ETUJ;AKTIE;Ja;NORDIC AQUA PARTERS NK 1
NO0012942525;A3EJCY;AKTIE;Ja;PETRONOR E+P ASA NK 10
NO0012953720;A3EJET;AKTIE;Ja;HUNTER GROUP NK 0,0382367
NO0013033795;A3EUN9;AKTIE;Ja;CIRCIO HOLDING NK 0,60
NO0013052209;A3EXM4;AKTIE;Ja;NORCONSULT ASA NK -,02
NO0013107490;A3E2FN;AKTIE;Ja;IDEX BIOMETRICS NK 0,01
NO0013135368;A40F8T;AKTIE;Nein;SOLSTAD MARITIME NK-,20
NO0013162693;A403MH;AKTIE;Ja;NORDIC MINING ASA NK 12
NO0013186460;A403WR;AKTIE;Ja;ENSURGE MICROPOW. NK 0,50
NO0013219535;A40EDQ;AKTIE;Ja;CAVENDISH HYDROGEN NK-,20
NO0013251173;A40CZ2;AKTIE;Ja;BERGENBIO ASA
NO0013257410;A40D1D;AKTIE;Ja;ARGEO NK -,50
NO0013325506;A40YLR;AKTIE;Ja;MORELD AS NK -,10
NO0013355859;A40P11;AKTIE;Ja;LIFECARE ASA NK 5,20
NO0013464750;A40ZYD;AKTIE;Ja;ATLANTIC SAPPHIRE NK 10
NO0013483503;A411M9;AKTIE;Ja;CODELAB CAPIT. NK 6,86803
NO0013524942;A415VC;AKTIE;Ja;ZELLUNA ASA NK 1
NO0013536151;A41BLY;AKTIE;Nein;KONGSBERG GRUPPEN NK 0,25
NZAIAE0002S6;A111EQ;AKTIE;Ja;AUCKLD INTL AIRPORT O.N.
NZAIRE0001S2;881317;AKTIE;Ja;AIR NEW ZEALAND O.N.
NZARRE0004S7;A2P8A0;AKTIE;Ja;AMERICAN RARE EARTHS
NZATME0002S8;A1JB6S;AKTIE;Ja;A2 MILK CO. LTD.
NZCENE0001S6;922214;AKTIE;Ja;CONTACT ENERGY LTD
NZCNUE0001S2;A1JMPL;AKTIE;Ja;CHORUS LTD
NZEBOE0001S6;724635;AKTIE;Ja;EBOS GROUP LTD
NZFAPE0001S2;881319;AKTIE;Ja;FISHER + PAYKEL HEALTH.
NZFBUE0001S0;632335;AKTIE;Ja;FLETCHER BUILDING
NZMELE0002S7;A14SF0;AKTIE;Nein;MERIDIAN ENERGY
NZMFTE0001S9;A0CATD;AKTIE;Ja;MAINFREIGHT LTD
NZMRPE0001S2;A1T9LV;AKTIE;Ja;MERCURY NZ LTD.
NZRYME0001S4;749279;AKTIE;Ja;RYMAN HEALTHCARE GRP LTD
NZSCLE0002S8;A119EF;AKTIE;Ja;SCALES CORP. LTD
NZSUME0001S0;A1JYQH;AKTIE;Ja;SUMMERSET GROUP HLDGS LTD
NZTELE0001S4;882336;AKTIE;Ja;SPARK NEW ZEALAND LTD. ON
NZXROE0001S2;A1H4J8;AKTIE;Ja;XERO LTD
PA1436583006;120100;AKTIE;Ja;CARNIVAL PAIRED CTF
PAL2400671A3;A2PN48;AKTIE;Ja;INTERCORP FIN.SERV. O.N.
PAP169941328;884869;AKTIE;Ja;BCO LATINOAMER.D.COM.EX.E
PAP310761054;A0H1Q1;AKTIE;Ja;COPA HOLDINGS CL.A O.N.
PG0008526520;852652;AKTIE;Ja;BOUGAINVILLE KI 1
PL11BTS00015;A1J1ZZ;AKTIE;Ja;11 BIT STUDIOS SA ZY -,10
PLA295700027;A3CRY8;AKTIE;Ja;INCUVO S.A. ZY -,50
PLAB00000019;A0LA5E;AKTIE;Ja;AB S.A. ZY 1
PLABS0000018;A0M733;AKTIE;Ja;ASSECO BUSINESS SOL. ZY 5
PLAIRMK00017;A1J10C;AKTIE;Ja;MOLIERA2 S.A. ZY-,10
PLALIOR00045;A1J9PZ;AKTIE;Ja;ALIOR BANK SA ZY 10
PLAMBRA00013;A0ER66;AKTIE;Ja;AMBRA S.A. A ZY 1
PLANSWR00019;A2QL7L;AKTIE;Ja;ANSWEAR.COM SA ZY-,05
PLARHCM00016;A2AMHT;AKTIE;Ja;ARCHICOM SA ZY10
PLARTPR00012;A0YCRT;AKTIE;Ja;ARCTIC PAPER SA ZY 1
PLASSEE00014;A0YDWB;AKTIE;Ja;ASSECO STH EAST.EUR.ZY 10
PLATAL000046;A14YD5;AKTIE;Ja;ATAL SA ZY 5
PLATPRT00018;A2AMJD;AKTIE;Ja;AUTO PART.SA S.A-G ZY-,10
PLBH00000012;907562;AKTIE;Ja;BK HANDLOWY W WARS. ZY 4
PLBIG0000016;894956;AKTIE;Ja;BANK MILLENNIUM ZY 1
PLBLOBR00014;A1J10V;AKTIE;Ja;BLOOBER TEAM ZY-,01
PLBLOCM00013;A12CKM;AKTIE;Ja;CANNABIS POLAND A,B ZY-10
PLBMBIT00010;A2PL08;AKTIE;Ja;BOOMBIT ZY -,50
PLBMDLB00018;A1J10U;AKTIE;Ja;SYNTHAVERSE S.A. ZY-,10
PLBRE0000012;884537;AKTIE;Ja;MBANK S.A. ZY 4
PLBRSZW00011;902089;AKTIE;Ja;BORYSZEW S.A. ZY 1
PLBSK0000017;889137;AKTIE;Ja;ING BK SLASK NAM. ZY 1
PLBUDMX00013;896676;AKTIE;Ja;BUDIMEX A ZY 5
PLBZ00000044;677298;AKTIE;Ja;SANTANDER POLSKA M ZY 10
PLCCC0000016;A0DNL1;AKTIE;Ja;CCC S.A. ZY 0,1
PLCDA0000018;A2PKL2;AKTIE;Ja;CDA S.A. ZY -,10
PLCFRPT00013;A0Q0G9;AKTIE;Ja;CYFROWY POLSAT SA ZY -,04
PLCLNPH00015;A2DJW6;AKTIE;Ja;CELON PHARMA S.A. ZY-,10
PLCMP0000017;A0F6P1;AKTIE;Nein;COMP S.A. ZY 2,50
PLCMPLD00016;896270;AKTIE;Ja;SYGNITY S.A. ZY 1
PLCNTSL00014;911886;AKTIE;Ja;COGNOR HOLDING ZY 1,5
PLCPTRT00014;A3CNAX;AKTIE;Ja;CAPTOR THHERAP. ZY-,10
PLCRBON00018;A0RDBU;AKTIE;Ja;ARENA.PL S.A. ZY -,50
PLCRPJR00019;A2JR4R;AKTIE;Ja;CREEPY JAR S.A. ZY 1
PLCTINT00018;A0NJDD;AKTIE;Ja;CI GAMES SE ZY -,01
PLDGNST00012;A411E5;AKTIE;Ja;DIAGNOSTYKA SA ZY 10
PLDINPL00011;A2DPXC;AKTIE;Ja;DINO POLSKA S.A. ZY -,10
PLDMDVL00012;A0LC5S;AKTIE;Ja;DOM DEVELOPMENT SE.A.ZY 1
PLECHPS00019;902092;AKTIE;Ja;ECHO INVESTMENT ZY 0,05
PLENEA000013;A0RLNN;AKTIE;Ja;ENEA S.A. ZY 1
PLENERG00022;A1W95U;AKTIE;Ja;ENERGA SA AA ZY 10,92
PLEURCH00011;A0DQA0;AKTIE;Ja;EUROCASH S.A. CL.A ZY 1
PLFAMUR00012;A0LG8C;AKTIE;Ja;GRENEVIA S.A. ZY 0,01
PLFERRO00016;A1CWJX;AKTIE;Ja;FERRO SA ZY 1
PLGPW0000017;A1C7YU;AKTIE;Ja;WARSAW STOCK EXCH. ZY1
PLGRODN00015;A1J12R;AKTIE;Ja;GRODNO S.A. ZY-,10
PLGRPRC00015;A3C8LG;AKTIE;Ja;GRUPA PRACUJ S.A. ZY 5
PLGTC0000037;A0CA6H;AKTIE;Ja;GLOBE TRADE CENTRE ZY 0,1
PLHOTB000011;A0RNWQ;AKTIE;Ja;CARLSON INV. ZY 13
PLINTCS00010;A0DQFU;AKTIE;Ja;INTER CARS SA ZY 2
PLJSW0000015;A1JCB2;AKTIE;Ja;JASTRZEBSKA SPOL.WEGL.ZY5
PLKETY000011;898447;AKTIE;Ja;GRUPA KETY A ZY 2,50
PLKGHM000017;908063;AKTIE;Ja;KGHM POLSKA MIEDZ ZY 10
PLKGNRC00015;553559;AKTIE;Ja;KOGENERACJA S.A. ZY 5
PLKRK0000010;A1JFY4;AKTIE;Ja;KRUK SA ZY 1
PLLPP0000011;121065;AKTIE;Nein;LPP S.A. ZY 2
PLLUBAW00013;911093;AKTIE;Ja;LUBAWA SA ZY 0,2
PLLVTSF00010;A111R3;AKTIE;Ja;TEXT S.A. ZY-,02
PLLWBGD00016;A0RP05;AKTIE;Ja;LUBELSKI WEGIEL BOGD.ZY 5
PLMBION00016;A1J13Q;AKTIE;Ja;MABION SA ZY -,10
PLMLSTM00015;A2JP5U;AKTIE;Ja;ML SYSTEM SA ZY1
PLMOBRK00013;A1C3YC;AKTIE;Ja;MO-BRUK S.A. ZY 10
PLMRBUD00015;A0REM5;AKTIE;Ja;MIRBUD S.A. ZY-,10
PLMRCTR00015;A1XCKG;AKTIE;Ja;MERCATOR MEDICAL ZY 1
PLMSTSD00019;912056;AKTIE;Ja;POLIMEX-MOSTOSTAL ZY 2
PLMVGMS00011;A2PA3X;AKTIE;Ja;MOVIE GAMES S.A. ZY1
PLONCTH00011;A2JJ69;AKTIE;Ja;ONCOARENDI THERAP ZY-,01
PLOPNPL00013;A0NJDH;AKTIE;Ja;OPONEO.PL SA ZY 1
PLOPTTC00011;534356;AKTIE;Ja;CD PROJEKT S.A. C ZY 1
PLPCCRK00076;A1165C;AKTIE;Ja;PCC ROKITA S.A. B ZY 1
PLPCFGR00010;A2QLG3;AKTIE;Ja;PCF GROUP SA ZY -,02
PLPEKAO00016;914910;AKTIE;Ja;BANK POLSKA KASA OP. ZY 1
PLPGER000010;A0YC19;AKTIE;Ja;PGE PL.GR.ENERG. ZY 8,55
PLPHN0000014;A1KCVX;AKTIE;Ja;POLSKI HLDG NIER. B-1-ZY1
PLPKN0000018;929424;AKTIE;Ja;ORLEN S.A. ZY 1,25
PLPKO0000016;A0DLEV;AKTIE;Ja;PKO BANK POLSKI S.A. ZY 1
PLPKPCR00011;A1W7D1;AKTIE;Ja;PKP CARGO S.A. A,B ZY 50
PLPLAYW00015;A2AT5Y;AKTIE;Ja;PLAYWAY S.A. ZY-,10
PLPLSEP00013;A0F6PM;AKTIE;Ja;POLENERGIA S.A. ZY 2
PLPRBLG00010;A2N9NP;AKTIE;Ja;PURE BIOLOGICS ZY -,10
PLPZU0000011;A0YCYA;AKTIE;Ja;POWSZECHNY ZAKLAD UBEZP.
PLSHPR000021;A3CTP4;AKTIE;Ja;SHOPER SPOL.A.A-C ZY 0,10
PLSLVCR00029;A2PTJJ;AKTIE;Ja;SELVITA S.A. SER.B ZY-,80
PLSNTFG00017;A12CMH;AKTIE;Ja;SETANTA A-E ZY -,10
PLSOFTB00016;914744;AKTIE;Ja;ASSECO POLAND S.A. ZY 1
PLSPRSF00011;A2QGAZ;AKTIE;Ja;SPYROSOFT S.A. ZY -,10
PLSTLEX00019;892867;AKTIE;Ja;STALEXPORT AUTOSTRAD.
PLSTLPD00017;911884;AKTIE;Ja;STALPRODUKT ZY 2
PLSTRWI00019;A2QBT9;AKTIE;Ja;STARWARD INDUSTRIES -,13
PLSUNEX00013;A1J15Q;AKTIE;Ja;SUNEX SA ZY -,8
PLTAURN00011;A1C0ZK;AKTIE;Ja;TAURON POLSKA ENERGIA ZY5
PLTLKPL00017;917448;AKTIE;Ja;ORANGE POLSKA SA A ZY 3
PLTORPL00016;A117N1;AKTIE;Ja;TORPOL SA A ZY -,20
PLTOYA000011;A1JKWG;AKTIE;Ja;TOYA S.A. ZY -,10
PLTRFRM00018;A0F6PF;AKTIE;Ja;NEUCA S.A. ZY 1
PLTSQGM00016;A2JL3T;AKTIE;Ja;TEN SQUARE GAMES ZY-,10
PLUNMOT00013;A12CMS;AKTIE;Ja;UNIMOT GAZA C,D ZY 1
PLVRCM000016;A3CPEB;AKTIE;Ja;VERCOM S.A. ZY -,02
PLWAWEL00013;916552;AKTIE;Ja;WAWEL ZY 5
PLWELTN00012;A0NDN4;AKTIE;Ja;WIELTON S.A. ZY-,20
PLWRTPL00027;A14SKM;AKTIE;Ja;WIRTUALNA POL.B,C ZY -,05
PLXTPL000018;A2DYT9;AKTIE;Ja;XTPL S.A. INH. ZY -,10
PLXTRDM00011;A2AJ7Q;AKTIE;Ja;XTB S.A. ZY-,05
PLZATRM00012;A0Q4ZP;AKTIE;Ja;GRUPA AZOTY S.A.
PTALT0AE0002;A0D8NY;AKTIE;Ja;ALTRI SGPS NAM. EO-,125
PTBCP0AM0015;A2ATK9;AKTIE;Ja;BCO COM. PORT.NOM. O.N.
PTCOR0AE0006;875180;AKTIE;Ja;CORT.AMORIM SGPS NAM.EO 1
PTCTT0AM0001;A1W9RB;AKTIE;Ja;CTT-CORREIOS DE PO.EO 0,5
PTEDP0AM0009;906980;AKTIE;Ja;EDP S.A. EO 1
PTGAL0AM0009;A0LB24;AKTIE;Ja;GALP ENERGIA SGPS NOM.EO1
PTJMT0AE0001;878605;AKTIE;Ja;JERONIM.MART.SGPS NAM.EO1
PTMEN0AE0005;896770;AKTIE;Ja;MOTA-ENGIL NAM. EO 1
PTNBA0AM0006;501816;AKTIE;Ja;NOVABASE SGPS INH. EO0,03
PTPTC0AM0009;895464;AKTIE;Ja;PHAROL SGPS SA EO 0,03
PTPTI0AM0006;895885;AKTIE;Ja;NAVIGATOR COMPANY SA O.N.
PTREL0AM0008;A0MVJA;AKTIE;Ja;REN-REDES ENERGET. A EO 1
PTSEM0AM0004;485513;AKTIE;Ja;SEMAPA SGPS NAM. O.N.
PTSNC0AM0006;A0Q0AF;AKTIE;Ja;SONAECOM SGPS NOM EO 0,74
PTSON0AM0001;A0QZ4X;AKTIE;Ja;SONAE-SGPS, S.A. NA. EO 1
PTTD10AM0000;A1C3ME;AKTIE;Ja;TEIXEIRA DUARTE EO 0,50
PTZON0AM0006;A0NEHN;AKTIE;Ja;NOS SGPS S.A. EO 1,66
SE0000106205;887234;AKTIE;Ja;PEAB AB B SK 5
SE0000106270;872318;AKTIE;Ja;HENNES + MAURITZ B SK-125
SE0000108201;884316;AKTIE;Ja;SKF AB A SK 0,625
SE0000108227;852608;AKTIE;Ja;SKF AB B SK 0,625
SE0000108649;857463;AKTIE;Ja;ERICSSON A (FRIA)
SE0000108656;850001;AKTIE;Ja;ERICSSON B (FRIA)
SE0000108847;884780;AKTIE;Ja;L E LUNDBERGF.B FRIA SK10
SE0000112252;886734;AKTIE;Ja;ROTTNEROS AB FR. SK 1
SE0000112724;856193;AKTIE;Ja;SVENSKA CELL.B FRIA SK10
SE0000113250;863784;AKTIE;Ja;SKANSKA AB B FRIA SK 3
SE0000114837;873098;AKTIE;Ja;TRELLEBORG B (FRIA) SK 25
SE0000115107;908606;AKTIE;Ja;VBG GROUP AB SK 2,5
SE0000115420;871229;AKTIE;Ja;VOLVO A FRIA
SE0000115446;855689;AKTIE;Ja;VOLVO B (FRIA)
SE0000119299;912028;AKTIE;Ja;ELANDERS B SK 10
SE0000120669;881832;AKTIE;Ja;SSAB AB -B- FRIA
SE0000120784;880202;AKTIE;Ja;SKAND.ENSK. BKN C FR.SK10
SE0000135485;905265;AKTIE;Ja;RAYSEARCH LABS B SK 0,40
SE0000148884;859768;AKTIE;Ja;SKAND.ENSK. BKN A FR.SK10
SE0000163594;883870;AKTIE;Ja;SECURITAS AB B SK 1
SE0000163628;896279;AKTIE;Ja;ELEKTA AB B SK 2
SE0000170375;884336;AKTIE;Ja;HUFVUDSTADEN A SK 5
SE0000171100;887029;AKTIE;Ja;SSAB AB -A- FRIA
SE0000171886;895273;AKTIE;Ja;SVENSKA CELL.A FR.SK 3,33
SE0000188518;885227;AKTIE;Ja;CATELLA AB B SK 2
SE0000190126;886939;AKTIE;Ja;INDUSTRIV. A FR.
SE0000195810;887375;AKTIE;Ja;BURE EQUITY NPV
SE0000202624;889714;AKTIE;Ja;GETINGE AB B FR. SK-,50
SE0000215493;A0JM5W;AKTIE;Ja;DORO INH. SK 1
SE0000233934;899450;AKTIE;Ja;PRICER AB B SK-10
SE0000242455;895705;AKTIE;Ja;SWEDBANK A
SE0000379190;906997;AKTIE;Ja;CASTELLUM AB
SE0000407991;909952;AKTIE;Ja;SVEDBERGS GROUP B SK 1,25
SE0000454746;A0MNB5;AKTIE;Ja;BIOTAGE AB SK 1
SE0000526626;931444;AKTIE;Ja;MICRO SYSTEMAT. B SK-,20
SE0000565228;923064;AKTIE;Ja;MIDSONA AB B 2 SK 5
SE0000567752;924242;AKTIE;Ja;NOVOTEK AB B SK-,25
SE0000584948;929335;AKTIE;Ja;CLAS OHLSON B SK1,25
SE0000616716;A0M7F9;AKTIE;Ja;DUNI AB
SE0000667891;865956;AKTIE;Ja;SANDVIK AB
SE0000667925;938475;AKTIE;Ja;TELIA COMPANY AB SK 3,20
SE0000671745;570294;AKTIE;Ja;AVENSIA AB SK -,15
SE0000683484;A0NEVD;AKTIE;Ja;CELLAVISION AB SK -,15
SE0000695876;577335;AKTIE;Ja;ALFA LAVAL AB SK 2,5
SE0000806994;890459;AKTIE;Ja;JM AB
SE0000825820;729364;AKTIE;Ja;ORRON ENERGY AB SK-,01
SE0000862997;807435;AKTIE;Ja;BILLERUD SK 12,50
SE0000872095;A0LA5K;AKTIE;Ja;SWEDISH ORPHAN BIOVIT.SK1
SE0000936478;633824;AKTIE;Ja;INTRUM AB SK-,02
SE0000949331;662739;AKTIE;Ja;NOBIA AB SK 0,333
SE0001057910;A0MMF4;AKTIE;Ja;SOTKAMO SILVER AB NAM.
SE0001161654;A0B6G4;AKTIE;Ja;NOTE AB SK-,50
SE0001200015;A0B7BR;AKTIE;Ja;INVISIO AB SK 1
SE0001279142;A0DK8Q;AKTIE;Ja;IMPACT COAT. AB SK-,125
SE0001515552;A0HFVY;AKTIE;Ja;INDUTRADE AB SK 1
SE0001552357;A0HHJU;AKTIE;Ja;TRADEDOUBLER AB SK -,40
SE0001662222;A0J2R2;AKTIE;Ja;HUSQVARNA NAM. A SK 100
SE0001662230;A0J2R3;AKTIE;Ja;HUSQVARNA NAM. B SK 100
SE0001824004;A0X93F;AKTIE;Ja;G5 ENTERTAINMENT AK
SE0001852419;A0LFEB;AKTIE;Ja;LINDAB INTERNATIONAL AB
SE0001863291;A12CM6;AKTIE;Ja;ACROUD AB
SE0002095604;A1CVKF;AKTIE;Ja;ARISE
SE0002110064;A0MYGM;AKTIE;Ja;MEKO AB
SE0002148817;A0M65T;AKTIE;Ja;HANSA BIOPHARMA AB SK 1
SE0002190926;A0M84G;AKTIE;Ja;KAROLINSKA DEVELOP.AB
SE0002480442;A12CNG;AKTIE;Ja;ZINZINO AB B
SE0002485979;A0Q4ER;AKTIE;Ja;GENOVIS AB SE-,40
SE0002591420;A111E5;AKTIE;Ja;TOBII AB
SE0002626861;A0RDJD;AKTIE;Ja;CLOETTA B
SE0003756758;A2DRL9;AKTIE;Ja;SDIPTECH AB B O.N.
SE0003849223;A1JGQU;AKTIE;Ja;BULTEN AB
SE0003909282;A1JABJ;AKTIE;Ja;DEDICARE AB B
SE0003917798;A1W9Z9;AKTIE;Ja;SIVERS SEMICONDUCTORS AB
SE0003943620;A1WZEV;AKTIE;Ja;ENZYMATICA AB
SE0003950864;A1JBXB;AKTIE;Ja;CONCENTRIC AB
SE0004576346;A12CN2;AKTIE;Ja;GULLBERG+JANSSON AB
SE0004840718;A1J5GZ;AKTIE;Ja;XVIVO PERFUSION AB
SE0004898799;A3CSAR;AKTIE;Ja;HEXICON AB
SE0004977692;A1W9VK;AKTIE;Ja;PLATZER FAST.HLDG B SK-10
SE0005034550;A1J8U3;AKTIE;Ja;NEOBO FASTIGHETER AB SK4
SE0005127818;A1T7SE;AKTIE;Ja;AB SAGAX B
SE0005162880;A1T90L;AKTIE;Ja;DIAMYD MEDICAL B
SE0005190238;A1WYU5;AKTIE;Ja;TELE2 AB B SK -,625
SE0005308541;A1W27C;AKTIE;Ja;SALTX TECHNOLOGY HLDG B
SE0005468717;A2H6L7;AKTIE;Ja;FERRONORDIC AB
SE0005497732;A12AZY;AKTIE;Ja;EQL PHARMA AB
SE0005731833;A1XFGC;AKTIE;Ja;BRAINCOOL AB
SE0005877560;A2H8Z1;AKTIE;Ja;SCANDIN.ENVIRO SYSTEMS AB
SE0005878741;A115EQ;AKTIE;Ja;BACTIGUARD HLDG B
SE0005992831;A114UR;AKTIE;Ja;STARBREEZE AB B SK-,20
SE0005999836;A115QU;AKTIE;Ja;AFRY AB B FRIA
SE0006091997;A2AG0F;AKTIE;Ja;IMMUNOVIA AB
SE0006220018;A12CCH;AKTIE;Ja;INWIDO AB (PUBL) SK 4
SE0006261046;A2JAZV;AKTIE;Ja;HUMBLE GROUP AB
SE0006342333;A14MJ9;AKTIE;Ja;NP3 FASTIGHETER AB (PUBL)
SE0006343745;A14NY2;AKTIE;Ja;SPRINT BIOSCIENCE AB
SE0006371126;A2JAZX;AKTIE;Ja;CANTARGIA AB
SE0006422390;A12FTD;AKTIE;Ja;THULE GROUP AB (PUBL)
SE0006425815;A14TK6;AKTIE;Ja;POWERCELL SWEDEN SK-,022
SE0006510335;A2DYER;AKTIE;Ja;ORGANOCLICK AB
SE0006625471;A14NPY;AKTIE;Ja;DUSTIN GROUP (PUBL) SK 5
SE0006887063;A14P5E;AKTIE;Ja;HOIST FINANCE AB
SE0006993770;A14RAV;AKTIE;Ja;AXFOOD AB
SE0007045414;A14UAW;AKTIE;Ja;SCIBASE HOLDING AB
SE0007074281;A14SVU;AKTIE;Ja;HEXPOL AB B
SE0007075056;A14UH1;AKTIE;Ja;EOLUS VIND AB B SK-,50
SE0007100359;A14U1R;AKTIE;Ja;PANDOX AB B
SE0007100581;A14TVM;AKTIE;Ja;ASSA-ABLOY AB B SK-,33
SE0007100599;A14S60;AKTIE;Ja;SVENSKA HDLSBKN A SK1,433
SE0007100607;A14S61;AKTIE;Ja;SVENSKA HDLSBKN B SK1,433
SE0007126024;A18KCN;ETC;Nein;XBT PROVIDER Bitcoin Tracker One ETP/ETC
SE0007158829;A14U1Y;AKTIE;Ja;COOR SVC MGMT HLDG SK 4
SE0007280326;A14V7P;AKTIE;Ja;KLARIA PHARMA HOLDING AB
SE0007331608;A14XKR;AKTIE;Ja;TF BANK AB
SE0007439443;A14ZN9;AKTIE;Ja;STORYTEL AB B SK 5
SE0007491303;A140RV;AKTIE;Ja;BRAVIDA HOLDING AB
SE0007525332;A2CBL5;ETC;Nein;XBT Bitcoin Tracker Euro - EUR ETP/ETC
SE0007577895;A14W4W;AKTIE;Ja;VICORE PHARMA HOLDING AB
SE0007578141;A143TN;AKTIE;Ja;MINESTO AB
SE0007614722;A1415N;AKTIE;Ja;K33 AB
SE0007640156;A2ABGP;AKTIE;Ja;SCANDIC HOTELS GP EO-,25
SE0007666110;A2AA6V;AKTIE;Ja;ATTENDO AB
SE0007691613;A1437L;AKTIE;Ja;DOMETIC GROUP AB
SE0007692850;A2ABG7;AKTIE;Ja;CAMURUS AB
SE0007789409;A2ADY1;AKTIE;Ja;XBRANE BIOPHARMA AB
SE0007871363;A2ACFE;AKTIE;Ja;VITEC SOFTWARE GROUP AB B
SE0007897079;A2ALUM;AKTIE;Ja;ACADEMEDIA AB
SE0008014476;A2JG28;AKTIE;Ja;PLEJD AB
SE0008091581;A2AKB8;AKTIE;Ja;BONAVA AB B FRIA SK 8
SE0008091664;A2DW24;AKTIE;Ja;SIMRIS GROUP AB B
SE0008294953;A2AKVC;AKTIE;Ja;PARADOX INTERAC.SK 0,005
SE0008321921;A2AJWX;AKTIE;Ja;BE GROUP AB
SE0008347652;A2ASUR;AKTIE;Ja;BRINOVA FASTIGHETER B
SE0008348304;A2AL9Z;AKTIE;Ja;GOMSPACE GROUP AB
SE0008374250;A2AKRA;AKTIE;Ja;FINGERPRINT CARDS SK-,04
SE0008374383;A2AMJE;AKTIE;Ja;MAHA ENERGY AB
SE0008588354;A2DTYS;AKTIE;Ja;AGTIRA AB B
SE0008613731;A2DPS4;AKTIE;Ja;BIOVICA INTL. SK-,07
SE0009155518;A2DGZU;AKTIE;Ja;GAPWAVES AB CLASS B O.N.
SE0009160872;A2ASQ7;AKTIE;Ja;MEDCAP AB SK-,40
SE0009190192;A2ATW1;AKTIE;Ja;CRUNCHFISH AB O.N.
SE0009216278;A2DNT6;AKTIE;Ja;MIPS AB O.N.
SE0009268279;A2DGQ5;AKTIE;Ja;SMART EYE AB
SE0009414576;A2DLU2;AKTIE;Ja;ONCOPEPTIDES AB O.N.
SE0009554454;A2E40N;AKTIE;Ja;SAMHALLSBYGGNADSBOL.I.N.B
SE0009581051;A2DPV6;AKTIE;Ja;ISOFOL MEDICAL AB
SE0009663826;A2DN2N;AKTIE;Ja;AMBEA AB O.N.
SE0009663834;A2DREX;AKTIE;Ja;BAMBUSER AB
SE0009664188;A2DQ8F;AKTIE;Ja;XM REALITY AB
SE0009697220;A2DRX6;AKTIE;Ja;ENEA AB O.N.
SE0009778848;A2DRQV;AKTIE;Ja;MEDICOVER AB
SE0009806607;A2DRVZ;AKTIE;Ja;MUNTERS GROUP AB B
SE0009858152;A2DTSD;AKTIE;Ja;BONESUPPORT HOLDING AB
SE0009888613;A2DUPJ;AKTIE;Ja;OXE MARINE AB
SE0009888738;A2DR6B;AKTIE;Ja;BOOZT AB
SE0009889405;A2DQ19;AKTIE;Ja;HITECH + DEVELOPMENT WIR.
SE0009921588;A2DS4F;AKTIE;Ja;BILIA AB A FRIA SK 2,50
SE0009922156;A2DS2Z;AKTIE;Ja;ESSITY AB A
SE0009922164;A2DS20;AKTIE;Ja;ESSITY AB B
SE0009922305;A2DSQA;AKTIE;Ja;ALLIGO AB B
SE0009997018;A2DYY7;AKTIE;Ja;HMS NETWORKS AB
SE0010048884;A2DTHW;AKTIE;Ja;FAGERHULT GROUP AB SK-,57
SE0010100958;A2DY0M;AKTIE;Ja;LATOUR INV. B SK-,208325
SE0010296574;A2HD38;ETC;Nein;XBT PROVIDER Ether Tracker One ETP/ETC
SE0010323311;A2H5GS;AKTIE;Ja;BIOARCTIC AB B
SE0010414573;A2JB66;AKTIE;Ja;INFRACOM GROUP AB (PUBL)
SE0010442418;A2H5Q9;AKTIE;Ja;BAHNHOF AB AK B
SE0010468116;A2H7JW;AKTIE;Ja;ARJO AB B
SE0010468124;A2H725;AKTIE;Ja;2CUREX AB SEK-,10
SE0010494708;A2JSSN;AKTIE;Ja;BOTNIA EXPLORAT. SK-,75
SE0010520106;A2H9ZR;AKTIE;Ja;ENAD GLOBAL 7 AB
SE0010520155;A2H6XF;AKTIE;Ja;ROLLING OPTICS HOLDING AB
SE0010520254;A2PL6Z;AKTIE;Ja;K2A KNAUST+ANDERSSON B
SE0010520908;A2H9ML;AKTIE;Ja;MAG INTERACTIVE AB (PUBL)
SE0010546242;A2H9T4;AKTIE;Ja;ACCONEER AB
SE0010546911;A2H8S5;AKTIE;Ja;DONE.AI GROUP AB
SE0010662585;A2PQ08;AKTIE;Ja;VALUNO GROUP AB O.N.
SE0010663161;A2JCEK;AKTIE;Ja;VETERANPOOLEN AB B
SE0010832204;A2JE9Q;AKTIE;Ja;CIBUS NORDIC REAL
SE0010869552;A2JGN2;AKTIE;Ja;GABATHER AB (PUBL) SK-,44
SE0010948588;A2JG92;AKTIE;Ja;BHG GROUP AB
SE0010948711;A2JM5P;AKTIE;Ja;OVZON AB
SE0010985028;A2JGTK;AKTIE;Ja;GREEN LANDSCAPING GROUP
SE0011090018;A2JH43;AKTIE;Ja;HOLMEN AB B SK 25
SE0011166974;A2JJ96;AKTIE;Ja;FABEGE AB SK 15,41
SE0011167535;A2N9M7;AKTIE;Ja;GOMERO GROUP AB
SE0011205202;A2JLT3;AKTIE;Ja;VITROLIFE AB SK 0,2
SE0011281757;A2JP7Q;AKTIE;Ja;MIDSUMMER AB
SE0011337708;A2JNX7;AKTIE;Ja;AAK AB NAM. SK 1,67
SE0011527845;A2PASN;AKTIE;Ja;Q-LINEA AB
SE0011528017;A2NB03;AKTIE;Ja;NORDIC IRON ORE
SE0011614965;A2P5WJ;AKTIE;Ja;BEYOND FRAMES ENTMT AB
SE0011844091;A2PA1D;AKTIE;Ja;SAMHALLSBYGG. SER.D
SE0011870195;A2PAP3;AKTIE;Ja;LIME TECHNOLOGIES
SE0012065589;A3DGQ1;AKTIE;Ja;COMBINEDX AB
SE0012116390;A2PFRW;AKTIE;Ja;VIAPLAY GROUP AB B
SE0012141687;A2PBSB;AKTIE;Ja;SKISTAR AB O.N.
SE0012229920;A2PE4M;AKTIE;Ja;FERROAMP AB
SE0012308088;A2PHEY;AKTIE;Ja;TEQNION AB
SE0012454072;A2PG8N;AKTIE;Ja;AVANZA BK HLDG AB SK 0,50
SE0012481133;A2PJ52;AKTIE;Ja;VERTISEIT CLASS B
SE0012481570;A2PG12;AKTIE;Ja;EUROBATTERY MINERALS AB
SE0012558617;A2PHEZ;AKTIE;Ja;LIPIDOR AB
SE0012570448;A2PKX1;AKTIE;Ja;OSSDSIGN AB
SE0012673267;A2PK19;AKTIE;Ja;EVOLUTION AB (PU) SK-,003
SE0012729366;A2PL4H;AKTIE;Ja;TROAX GROUP AB A
SE0012729937;A2PL17;AKTIE;Ja;ECOCLIME GRP AB B
SE0012853455;A2PQ7G;AKTIE;Ja;EQT AB
SE0012955276;A2PV9J;AKTIE;Ja;ADVENTURE BOX TECHNOLOGY
SE0013281979;A2PZXX;AKTIE;Ja;DUG FOODTECH
SE0013647385;A2PX00;AKTIE;Ja;BICO GROUP AK B O.N.
SE0013747870;A2P1MJ;AKTIE;Ja;ELECTROLUX PROF. B
SE0014035762;A2QCWQ;AKTIE;Ja;EXSITEC HOLDING AB
SE0014401014;A2P71A;AKTIE;Ja;MAGLE CHEMOSWED HOLDING
SE0014401329;A2QDXY;AKTIE;Ja;KLIMATOR AB
SE0014401378;A2P4TH;AKTIE;Ja;ADDLIFE AB B
SE0014428512;A2P46G;AKTIE;Ja;SURGICAL SCIENCE SWEDEN
SE0014428835;A2P7XX;AKTIE;Ja;VNV GLOBAL AB
SE0014504817;A2P6WP;AKTIE;Ja;LOOMIS AB SERIES
SE0014781795;A2QEPD;AKTIE;Ja;ADDTECH AB B SK 0,1875
SE0014808838;A2QFQP;AKTIE;Ja;NORDIC PAPER HOLDING AB
SE0014855029;A2QCUH;AKTIE;Ja;IMPLANTICA AG SDR./1
SE0014855292;A2QEQU;AKTIE;Ja;READLY INTERNATIONAL AB
SE0014960373;A2QJA4;AKTIE;Ja;SWECO AB B SK 1,-
SE0014990966;A2QEJ6;AKTIE;Ja;LAGERCRANTZ GROUP SER.B
SE0015192067;A2QHT3;AKTIE;Ja;NORDNET AB (PUBL)
SE0015195771;A2QKNY;AKTIE;Ja;FASADGRUPPEN GROUP AB
SE0015195888;A2QJ4Z;AKTIE;Ja;THUNDERFUL GROUP SK
SE0015244520;A2QJRW;AKTIE;Ja;BIOINVENT INTERN. SK 2
SE0015346135;A2QLG7;AKTIE;Ja;STILLFRONT GRP AB SK-,07
SE0015346895;A3CPCR;AKTIE;Ja;SAFELLO GROUP AB
SE0015382072;A2QP0Q;AKTIE;Ja;LIPIGON PHARMA. AB
SE0015382080;A3CSAN;AKTIE;Ja;ELICERA THERAPEUTICS AB
SE0015483276;A2QPAW;AKTIE;Ja;CINT GROUP AB
SE0015556873;A2QRYM;AKTIE;Nein;CHEFFELO AB
SE0015657788;A2QRSP;AKTIE;Ja;YUBICO AB
SE0015658109;A3CPHU;AKTIE;Ja;EPIROC AB A
SE0015658117;A3CPHW;AKTIE;Ja;EPIROC AB B
SE0015658570;A2QQQ4;AKTIE;Ja;KANCERA AB
SE0015659834;A2QRH8;AKTIE;Ja;RUGVISTA GROUP AB
SE0015671995;A2PPYL;AKTIE;Ja;HEMNET GROUP AB
SE0015810502;A3CQUU;AKTIE;Ja;CHECKIN.COM GROUP AB
SE0015811377;A3C29J;AKTIE;Ja;EDYOUTEC AB
SE0015811955;A3CMTF;AKTIE;Ja;INVESTOR A (FRIA) O.N.
SE0015811963;A3CMTG;AKTIE;Ja;INVESTOR B (FRIA) O.N.
SE0015812417;A3CPMN;AKTIE;Ja;GARO AB
SE0015812516;A3CTLR;AKTIE;Ja;WYLD NETWORKS AB
SE0015949037;A3CMPQ;AKTIE;Ja;HEIMSTADEN AB PR.SHS O.N.
SE0015949201;A3CN22;AKTIE;Ja;LIFCO AB B
SE0015949748;A3CMPX;AKTIE;Ja;BEIJER REF AB B
SE0015960935;A3CR3V;AKTIE;Ja;ACAST AB (PUBL)
SE0015961180;A3CR6W;AKTIE;Ja;MAVEN WIRELESS SWEDEN AB
SE0015961222;A3CPLX;AKTIE;Ja;PROACT IT GROUP AB O.N.
SE0015961826;A3CR6X;AKTIE;Ja;DIAGONAL BIO AB
SE0015961909;A3CMTD;AKTIE;Ja;HEXAGON AB B FRIA O.N.
SE0015962477;A3CPKB;AKTIE;Ja;NOLATO AB SER.B
SE0015962485;A3CR3B;AKTIE;Ja;RVRC HOLDING AB
SE0015987946;A3CMUC;AKTIE;Ja;SYNTHETICMR AB AK
SE0015988019;A3CRAH;AKTIE;Ja;NIBE INDUSTRIER B
SE0015988100;A3CSCC;AKTIE;Ja;MOVEBYBIKE EUROPE AB
SE0015988167;A3CPSQ;AKTIE;Ja;SWEDENCARE AB O.N.
SE0015988373;A3CRAU;AKTIE;Ja;SEDANA MEDICAL AB
SE0016101844;A3CRFP;AKTIE;Ja;SINCH AB
SE0016128151;A3CTEX;AKTIE;Ja;VEF AB
SE0016276539;A3CZKM;AKTIE;Ja;SOEDER SPORTFISKE AB
SE0016276752;A3CVE1;AKTIE;Ja;BIOEXTRAX AB
SE0016588867;A3C811;AKTIE;Ja;DEVYSER DIAGNOSTICS AB
SE0016589063;A3C4P6;AKTIE;Ja;SOUND DIMENSION AB
SE0016589188;A3C35N;AKTIE;Ja;ELECTROLUX B
SE0016609499;A3C9RE;AKTIE;Ja;SYSTEMAIR AB
SE0016785786;A3DNXP;AKTIE;Nein;FASTIGHETSBOL.EMILSHUS B
SE0016787071;A3C4XN;AKTIE;Ja;TRUECALLER AB SER.B
SE0016787279;A3C587;AKTIE;Ja;XP CHEMISTRIES AB
SE0016797732;A3C4JU;AKTIE;Ja;STORSKOGEN GROUP AB SER.B
SE0016798763;A3C283;AKTIE;Ja;CTEK AB
SE0016829469;A3C9TC;AKTIE;Ja;HAYPP GROUP AB
SE0016829709;A3C58S;AKTIE;Ja;SYNSAM AB
SE0016829824;A3C6TD;AKTIE;Ja;QLUCORE AB
SE0017083835;A3C815;AKTIE;Ja;CHARGEPANEL AB
SE0017084361;A3C82B;AKTIE;Ja;VIVA WINE GROUP AB
SE0017084759;A3C955;AKTIE;Ja;NORVA24 GROUP AB (PUBL.)
SE0017105620;A3C802;AKTIE;Ja;DYNAVOX GROUP AB
SE0017131824;A3C8W1;AKTIE;Ja;CAREIUM AB
SE0017160575;A3DEWT;AKTIE;Ja;LYCKEGARD GROUP AB
SE0017160773;A3DBA2;AKTIE;Ja;NCAB GROUP AB
SE0017161243;A3DWAB;AKTIE;Ja;FORTNOX AB
SE0017483506;A3DDPQ;AKTIE;Ja;INSTALCO AB A
SE0017486889;A3DLE9;AKTIE;Ja;ATLAS COPCO A
SE0017486897;A3DLJK;AKTIE;Ja;ATLAS COPCO B FRIA. O.N.
SE0017487242;A3DK5R;AKTIE;Ja;PROMIMIC AB
SE0017487424;A3DH5W;AKTIE;Ja;BAWAT WATER TECHNOLOGIES
SE0017562523;A3DH17;AKTIE;Ja;MOMENTUM GROUP AB SER.B
SE0017564461;A3DJVC;AKTIE;Ja;ONEFLOW AB
SE0017615644;A3DSME;AKTIE;Ja;ALLEIMA AB
SE0017615784;A3DMQB;AKTIE;Ja;SKOLON AB
SE0017769847;A3DPFP;AKTIE;Ja;ENGCON AB B
SE0017769995;A3DL7T;AKTIE;Ja;BIOGAIA AB B O.N.
SE0017780133;A3DMZH;AKTIE;Ja;WALLENSTAM AB SER.B
SE0017832488;A3DM8U;AKTIE;Ja;FASTIG.AB BALD. B SK 0,16
SE0017885379;A3DL44;AKTIE;Ja;CELL IMPACT AB
SE0017885767;A3DM3Z;AKTIE;Ja;ADDNODE GROUP AB SK 3
SE0017936891;A3DM8R;AKTIE;Ja;4C GROUP AB
SE0018012494;A3DPAQ;AKTIE;Ja;MOD. TIMES GRP M B
SE0018012635;A3DM8V;AKTIE;Ja;WIHLBORGS FASTIGHE. O.N.
SE0018014151;A3DMB9;AKTIE;Ja;XANO INDUSTRI AB B
SE0018040677;A3DNLJ;AKTIE;Ja;HEXATRONIC GROUP AB AK
SE0018040784;A3DXG3;AKTIE;Ja;CINIS FERTILIZER AB
SE0018397184;A3DMG3;AKTIE;Ja;TENEO AI AB
SE0018538068;A3D3A1;AKTIE;Ja;VERVE GROUP SE A
SE0019072158;A3D3AS;AKTIE;Ja;LUMENRADIO AB
SE0019175274;A3D32A;AKTIE;Ja;SCANDINAVIAN ASTOR GROUP
SE0020050417;A3D69V;AKTIE;Ja;BOLIDEN AB
SE0020181014;A3EFZT;AKTIE;Ja;MEDIVIR AB
SE0020353928;A3EGXK;AKTIE;Ja;MOBERG PHARMA AB
SE0020356244;A3EJDB;AKTIE;Ja;SENSYS GATSO GR.AB SK-,10
SE0020356970;A3EHNY;AKTIE;Ja;NEW WAVE GROUP AB B O.N.
SE0020388577;A3EN5G;AKTIE;Ja;CINCLUS PHARMA HLDG SK ON
SE0020699296;A3ETB3;AKTIE;Ja;OODASH GROUP AB AK
SE0021020716;A3E19M;AKTIE;Nein;AAC CLYDE SPACE AB O.N.
SE0021148160;A3E4UV;AKTIE;Ja;GRUVAKTIEB.VISCARIA O.N.
SE0021181559;A3E2EN;AKTIE;Ja;GUARD THERAPEUTICS INT.AB
SE0021309614;A401UM;AKTIE;Ja;AUTOLIV SDR/1 DL-,01
SE0021309937;A4014R;AKTIE;Ja;VIDHANCE AB O.N.
SE0021628898;A40AE9;AKTIE;Ja;VOLVO CAR AB B
SE0021921269;A403UW;AKTIE;Ja;SAAB AB B O.N.
SE0021921327;A40CXM;AKTIE;Ja;BJOERN BORG AB
SE0022050183;A40D5F;AKTIE;Ja;EASTNINE AB
SE0022060521;A40D0L;AKTIE;Ja;KINNEVIK B O.N.
SE0022062196;A40CXH;AKTIE;Ja;AQ GROUP AB SK 0,40
SE0022088282;A40EEX;AKTIE;Ja;RAYTELLIGENCE
SE0022239950;A40CZ4;AKTIE;Ja;MENDUS AB
SE0022419784;A40P16;AKTIE;Ja;SECTRA AB
SE0022447348;A40H89;AKTIE;Ja;FLERIE AB
SE0022726311;A40QVP;AKTIE;Ja;PHARMACOLOG I UPPSALA B
SE0022726485;A40HBD;AKTIE;Ja;BETSSON AB SER.B
SE0023261292;A40P4H;AKTIE;Ja;EXPRES2ION BIOTECH HLDG
SE0023261599;A40X1Q;AKTIE;Ja;CARASENT AB AK O.N.
SE0023313762;A40WTZ;AKTIE;Ja;APOTEA AB O.N.
SE0023439500;A40P6R;AKTIE;Ja;SAXLUND GROUP AB
SE0023440557;A40WE5;AKTIE;Ja;SVENSKA AEROGEL HOLDING
SE0023468194;A40WG6;AKTIE;Ja;TANGIAMO TOUCH TECHN. AB
SE0023595459;A411NM;AKTIE;Ja;FLUICELL AB
SE0023615638;A411F9;AKTIE;Ja;ASMODEE GROUP AB B O.N.
SE0023615885;A40WJC;AKTIE;Ja;EMBRACER GROUP AB B O.N.
SE0023837091;A412T6;AKTIE;Ja;QUALISYS HLDGS AB O.N.
SE0023837182;A40WKL;AKTIE;Ja;CLIMEON AB B
SE0024171458;A4149T;AKTIE;Nein;ASKER HEALTHCARE O.N.
SE0024320832;A411NX;AKTIE;Nein;ATRIUM LJUNGBERG SK 0,50
SE0025010671;A41BGQ;AKTIE;Ja;BUFAB AB O.N.
SE0025158629;A41BLJ;AKTIE;Nein;MYCRONIC AB SK 0,5
SG0531000230;890753;AKTIE;Ja;VENTURE SD-,25
SG1A98006814;884482;AKTIE;Ja;CREATIVE TECH. SD-,25
SG1AB9000005;A119Y7;AKTIE;Ja;JAPFA LTD
SG1B51001017;862665;AKTIE;Ja;JARDINE CYCLE+CARR. SD 1
SG1DD2000002;A2DG57;AKTIE;Ja;OCEAN SKY INTL
SG1F60858221;910981;AKTIE;Ja;SINGA.TECH.ENG. SD-,10
SG1I52882764;938036;AKTIE;Ja;SATS LTD.
SG1I53882771;938153;AKTIE;Ja;SIA ENGINEERING CO.
SG1J17886040;877528;AKTIE;Ja;PAC.CENT.REG.D.-LOC.SD-10
SG1J26887955;590379;AKTIE;Ja;SINGAPORE EXCHANGE SD-,01
SG1L01001701;880105;AKTIE;Ja;DBS GRP HLDGS SD 1
SG1M31001969;878618;AKTIE;Ja;UTD OV. BK SD 1
SG1M51904654;691418;AKTIE;Ja;CAPITALAND INT.COMM.TRUST
SG1M77906915;157700;AKTIE;Ja;CAP.L.ASCEND UTS
SG1N31909426;260931;AKTIE;Ja;COMFORTDELGRO
SG1N89910219;481972;AKTIE;Ja;SINGAPORE POST SD-,05
SG1R50925390;A0ET60;AKTIE;Ja;SEMBCORP INDS NEW SD-,25
SG1R89002252;865825;AKTIE;Ja;CITY DEV. SD-,50
SG1R95002270;884766;AKTIE;Ja;GUOCOLAND LTD. SD 1
SG1S04926220;A0F452;AKTIE;Ja;OVERS.-CHINESE SD-,50
SG1S48927937;A0HNHM;AKTIE;Ja;ISDN HLDGS LTD SD -,05
SG1S83002349;866310;AKTIE;Nein;UOL GROUP LTD. SD 1
SG1T22929874;A0JKYS;AKTIE;Ja;KEPPEL REIT UTS
SG1T36930298;A0JMEY;AKTIE;Ja;NATURAL COOL HLDGS LTD
SG1T56930848;A0KEWL;AKTIE;Ja;WILMAR INTL LTD. SD -,50
SG1T58930911;A0J3Q3;AKTIE;Ja;FRASER + NEAVE SD-,20
SG1T75931496;A0KFC2;AKTIE;Ja;SINGAPORE TELE. SD-,15
SG1T88932077;A0LCBK;AKTIE;Ja;BUKIT SEMBA. SUBDI.SD-,50
SG1U47933908;A0MKZK;AKTIE;Ja;INDOFOOD AGRI RES SD-,50
SG1U68934629;A0ML07;AKTIE;Ja;KEPPEL LTD. SUB. SD-,25
SG1U76934819;A0MN4D;AKTIE;Ja;YANGZIJIANG SHIP.HLDGS
SG1U97935860;A0MSK6;AKTIE;Ja;SOUP HOLDINGS LTD.
SG1V08936188;A0MU2J;AKTIE;Ja;COSMOSTEEL HLDGS LTD
SG1V12936232;A0MVC1;AKTIE;Ja;STARHUB LTD
SG1V52937132;A0MYZH;AKTIE;Ja;PARKWAY LIFE REAL ESTATE
SG1V61937297;A0MZ57;AKTIE;Ja;SINGAPORE AIRLINES O.N.
SG1W35938974;A0M82Y;AKTIE;Ja;FIRST RESOURCES LTD O.N.
SG1W44939146;A0NAG5;AKTIE;Ja;KSH HOLDINGS LTD
SG1Y45946619;A0N9JU;AKTIE;Ja;PEC LTD.
SG2C32962814;A1C7NP;AKTIE;Nein;MAPLETREE INDUSTR. TR.
SG2D00968206;A1JFYB;AKTIE;Ja;HUTCHISON PORT HLDGS UTS
SG2G52000004;A1XBMN;AKTIE;Nein;FRASERS PROPERTY
SG2P56002559;891622;AKTIE;Ja;FAR EAST ORCHA.-LOC-SD-50
SG9999000020;890331;AKTIE;Ja;FLEX LTD.
SG9999011118;A1XEZF;AKTIE;Ja;SIMEC ATLANTIS ENERGY(DI)
SG9999012629;A14L8C;AKTIE;Ja;KENON HLDGS LTD
SG9999014716;A1436W;AKTIE;Ja;WAVE LIFE SCIENCES LTD.
SG9999014831;A2ACCC;AKTIE;Ja;GIGAMEDIA LTD TA 10
SGXE13155820;A3DNCJ;AKTIE;Ja;MEMIONTEC HOLDINGS LTD
SGXE21576413;A2JNV9;AKTIE;Ja;GENTING SG LTD. DL -,10
SGXE34184239;A40CE1;AKTIE;Ja;SEATRIUM LTD. SD-
SGXZ53070850;A40S1F;AKTIE;Ja;HAFNIA LTD DL -,01
SGXZ55111462;A3ESV6;AKTIE;Ja;VINFAST AUTO PTE.LTD
SGXZ57724486;A40P1Y;AKTIE;Ja;MAXEON SOLAR TECHS
SGXZ69436764;A40HQM;AKTIE;Ja;BW LPG LTD DL -,01
TH0001010014;883565;AKTIE;Ja;BANGKOK BK -FGN- BA 10
TH0003010Z12;136003;AKTIE;Ja;SIAM CEMENT PCL-FGN- BA 1
TH0016010017;878347;AKTIE;Ja;KASIKORNBANK -FGN- BA 10
TH0041010Y13;A0X8PJ;AKTIE;Ja;CIMB THAI BANK-FGN-BA-,50
TH0068010Z15;A1C08A;AKTIE;Ja;TMBTHANACHART-FGN- BA-,95
TH0083010R14;676049;AKTIE;Ja;THANACHART CAP.-NVDR-BA10
TH0088010R13;A0B91S;AKTIE;Ja;BOUND+BEYOND -NVDR- BA 10
TH0101010R14;675456;AKTIE;Ja;CHAROEN POKP. -NVDR- BA10
TH0101A10Z19;A1JUZ7;AKTIE;Ja;CHAROEN POKPH.-FGN- BA 1
TH0121010019;957072;AKTIE;Ja;KIATNAKIN PH-FOREIGN-BA10
TH0122010R10;675521;AKTIE;Ja;KCE EL. PCL -NVDR- BA 0,5
TH0128B10Z17;A0RNQL;AKTIE;Ja;MINOR INTL PCL -FGN- BA 1
TH0137A10Y18;A14WER;AKTIE;Ja;ASIA PLUS GR.H.S.-FGN-BA1
TH0143010Z16;200423;AKTIE;Ja;LD + HOUSES PCL FGN BA 1
TH0150010Z11;165129;AKTIE;Ja;KRUNG THAI -FGN- BA 5,15
TH0168A10Z19;A0B5KY;AKTIE;Ja;BUMRUNGRAD H. -FGN- BA 1
TH0254A10Z14;A1C079;AKTIE;Ja;SRI TRANG AGR.-FOR- BA 1
TH0268010Z11;889577;AKTIE;Ja;ADVANCED INFO S.-FGN-BA 1
TH0324010R12;675458;AKTIE;Ja;HANA MICROEL. -NVDR- BA 5
TH0324B10Z19;A1JU9W;AKTIE;Ja;HANA MICROEL. -FGN- BA 1
TH0355010R16;676051;AKTIE;Ja;PTT EXPL.+PROD.-NVDR-BA 1
TH0355A10Z12;A0JKZV;AKTIE;Ja;PTT EXPL.+PROD.-FGN.- BA1
TH0380010Y15;A0MXNE;AKTIE;Ja;THAICOM PCL-FOREIGN- BA 5
TH0438010Z10;A0CANQ;AKTIE;Ja;ITALIAN-THAI DEV.FGN BA1
TH0450010Y16;A140S1;AKTIE;Ja;THAI UN. GRP PR. -FGN-
TH0465010013;893183;AKTIE;Ja;ELECTR.GENER. -FGN- BA 10
TH0471010R11;675526;AKTIE;Ja;IRPC PCL -NVDR- BA 1
TH0471010Y12;A0LELK;AKTIE;Ja;IRPC PCL -FOREIGN- BA 1
TH0528010R18;675457;AKTIE;Ja;DELTA EL.TH.-NVDR-BA 0,1
TH0528A10Z14;A3EEYF;AKTIE;Ja;DELTA EL.TH.PCL-FGN-BA ,1
TH0535010Z13;778909;AKTIE;Ja;THOR.THAI AGEN.-FGN- BA 1
TH0639010Z13;A0D96T;AKTIE;Ja;CAL-COMP ELECTR.-FGN-BA 1
TH0646010Z18;A2JKFZ;AKTIE;Ja;PTT PUBLIC CO FOREIGN BA1
TH0662010014;120882;AKTIE;Ja;INTERNET THAIL.-FGN- BA 1
TH0671010Z16;548184;AKTIE;Ja;MAJOR CINEPLEX -FGN- BA 1
TH0689010Z18;A2NB5M;AKTIE;Ja;KRUNGTHAI CARD FGN BA 1
TH0692010R12;A0DQQE;AKTIE;Ja;TATA STEEL(TH)-NVDR- BA 1
TH0737010Y16;A0M6Q2;AKTIE;Ja;CP ALL PCL -FOREIGN- BA 1
TH0765010R16;A0B5VL;AKTIE;Ja;AIRPORTS THAIL.-NVDR-BA 1
TH0765010Z16;A2DLST;AKTIE;Ja;AIRPORTS O.THAI-FOR- BA 1
TH0796010013;A0DJ1F;AKTIE;Ja;THAI OIL PCL -FGN- BA 10
TH0815010010;A0DP2R;AKTIE;Ja;POLYPLEX (TH) -FGN- BA1
TH0823010010;A0EQUW;AKTIE;Ja;SOMBOON ADV.TEC.-FGN- BA1
TH0831010010;A0D9V8;AKTIE;Ja;SOLARTRON -FGN- BA 1
TH0902010014;A0J2LZ;AKTIE;Ja;THAI BEVERAGE -FGN- BA 1
TH1016010R13;A0YA3M;AKTIE;Ja;BANGKOK LIFE ASSUR.-NVDR-
TH1027010012;A0YJG0;AKTIE;Ja;INDORAMA VENT. -FGN- BA 1
THB231010018;A3D64E;AKTIE;Ja;TRUE CORP.PCL -FGN- BA 4
US00032Q1040;A3CSR9;AKTIE;Ja;WHITEHAWK THERAP.DL-,0001
US0003602069;894255;AKTIE;Ja;AAON INC. DL-,004
US0003611052;862821;AKTIE;Ja;AAR CORP. DL 1
US0003752047;675089;AKTIE;Ja;ABB LTD ADR/1 SF 2,50
US00080Q1058;A3CN4G;AKTIE;Ja;ABN AMRO BK.UNSP.ADR/1
US00081T1088;A0F7D1;AKTIE;Ja;ACCO BRANDS DL-,01
US00089H1068;A14WZ5;AKTIE;Ja;ACS A.DE C.ADR 1/5/EO-,50
US00090Q1031;A2JBN6;AKTIE;Ja;ADT INC. DL-,01
US0009571003;857218;AKTIE;Ja;ABM INDS INC. DL-,01
US0010551028;853081;AKTIE;Ja;AFLAC INC. DL -,10
US0010841023;888282;AKTIE;Ja;AGCO CORP. DL-,01
US00108J1097;A2H62F;AKTIE;Ja;ACM RESEARCH CL.A -,0001
US00109K1051;A2QMDB;AKTIE;Ja;ADV. FLOWER CAP DL -,01
US0012285013;A3CU0W;AKTIE;Ja;AG MORTG.INV.NEW DL-,01
US00123Q1040;A2AR58;AKTIE;Ja;AGNC INV.CORP. DL-,001
US00130H1059;882177;AKTIE;Ja;AES CORP. DL-,01
US00164V1035;A1JBRG;AKTIE;Ja;AMC NETWORKS INC.A DL-,01
US00165C3025;A3D7MZ;AKTIE;Ja;AMC ENTERTAINM.HLD.A NEW
US0017441017;798185;AKTIE;Ja;AMN HEALTHCARE SVS DL-,01
US00175J1079;A2DLLC;AKTIE;Ja;OUTDOOR HLD.
US00180G3048;A3E2G8;AKTIE;Ja;AMTD IDEA G.SP.ADR/6 CL.A
US00181T1079;A1XEER;AKTIE;Ja;A-MARK PRECIOUS MET.
US00182C1036;A1W15D;AKTIE;Ja;ANI PHARMACEUT. DL-,0001
US00183L2016;A4142Q;AKTIE;Nein;ANGI INC. O.N.
US00187Y1001;A2P4DS;AKTIE;Ja;API GROUP CORP.
US00191U1025;A2JG99;AKTIE;Ja;ASGN INC. DL-,01
US00206R1023;A0HL9Z;AKTIE;Ja;AT + T INC. DL 1
US0021202025;A2PM86;AKTIE;Ja;ATYR PHARMA INC. DL -,001
US0021211018;A1XEYC;AKTIE;Ja;A10 NETWORKS DL-,00001
US00215W1009;A2JH8Q;AKTIE;Ja;ASE TECHN.HLDG.CO.LTD.
US00217D1000;A3CL8W;AKTIE;Ja;AST SPACEMOBIL.A DL-,0001
US0022554044;A3DTJ2;AKTIE;Ja;AUO CORP. SP.ADR NEW/10
US00246W1036;914410;AKTIE;Ja;AXT INC. DL-,001
US0024741045;863132;AKTIE;Ja;AZZ INC. DL 1
US0028241000;850103;AKTIE;Ja;ABBOTT LABS
US00287Y1091;A1J84E;AKTIE;Ja;ABBVIE INC. DL-,01
US0028962076;903016;AKTIE;Ja;ABERCROMBIE + FITCH A
US00289Y2063;A3DMHM;AKTIE;Ja;ABEONA THERAPEUT. DL-,01
US0030098679;A40MPK;AKTIE;Ja;ABRDN.A.PAC. O.N.
US00301W1053;A1CW19;AKTIE;Ja;ABRDN EM.MK.EX-CN.DL-,001
US00404A1097;A1JNMF;AKTIE;Ja;ACADIA HEALTHCARE DL-,01
US0042251084;603035;AKTIE;Ja;ACADIA PHARMACEUT. DL-,01
US00435F3091;A14PXZ;AKTIE;Ja;ACCOR SP.ADR NEW 1/5/O.N
US0043971052;A0MKWM;AKTIE;Ja;ACCURAY INC. DL -,001
US00444E1038;A0YGQD;AKTIE;Ja;ACERINOX ADR 1/2/EO-,25
US00444T2096;A3DWPN;AKTIE;Ja;TALPHERA INC. DL-,01
US0044685008;A2QAR3;AKTIE;Ja;ACHIEVE LIFE SCIE. DL-001
US0044981019;A0MXU1;AKTIE;Ja;ACI WORLDWIDE INC.DL-,005
US00449L1026;A3CUPM;AKTIE;Ja;ACHILLES THERAP.SP.ADS/1
US00449R1095;A3DU70;AKTIE;Ja;ACCELLERON IND. ADR/1
US00461U1051;A1412H;AKTIE;Ja;ACLARIS THERAPEUTICS DL 1
US00484M7002;A3EJA8;AKTIE;Ja;ACORDA THERAP.NEW DL-,001
US00486H1059;A3C7M6;AKTIE;Ja;ADTRAN HOLDINGS INC.
US00507W2061;A2QA48;AKTIE;Ja;ACTINIUM PHARMAC. DL-,001
US0050981085;A2ATTR;AKTIE;Ja;ACUSHNET HLDGS.CORP -,001
US00510M1045;A3CSCG;AKTIE;Ja;ACURX PHARMACEUT. DL-,001
US0053291078;A2QN45;AKTIE;Ja;ADAGENE INC. SP.ADR
US00547W3079;A3EEVQ;AKTIE;Ja;DMK PHARMACEUTICALS CORP.
US00650F1093;A2PLR5;AKTIE;Ja;AD.BIOTECH.CORP. DL-,0001
US00653A1079;A14SUX;AKTIE;Ja;ADAPTH.TH.SP.ADR6 DL-,001
US00654J2069;A3EXC6;AKTIE;Ja;ADDEX THERAP.ADR NEW/120
US0067391062;A0YBKM;AKTIE;Ja;ADDUS HOMECARE CP.DL-,001
US0067542045;A0YGQE;AKTIE;Ja;ADECCO GRP AG ADR 1/2/SF1
US00687A1079;A0MNCC;AKTIE;Ja;ADIDAS AG ADR 1/2/O.N.
US0070021086;A2QESQ;AKTIE;Ja;ADICET BIO INC. DL -,0001
US00724F1012;871981;AKTIE;Ja;ADOBE INC.
US00737L1035;A2DSHL;AKTIE;Ja;ADTALEM GLOB.EDUC. DL-,01
US00751Y1064;982516;AKTIE;Ja;ADVANCE AUTO PA. DL-,0001
US00760J1088;908802;AKTIE;Ja;AEHR TEST SYSTEMS DL-,01
US00762U2006;A0KE8F;AKTIE;Ja;ADVANTEST ADR NEW/1 O.N.
US00766T1007;A0MMEV;AKTIE;Ja;AECOM DL -,01
US0076CA1045;A3EVGW;AKTIE;Ja;AEGON LTD. NY SHARES 1
US00770C1018;A1W1ZU;AKTIE;Ja;ARQ INC.
US00770K2024;A114CC;AKTIE;Ja;AEMETIS INC. DL-,01
US00773T1016;A2ARPX;AKTIE;Ja;ADVANSIX INC. DL-,01
US00773U2078;A404YL;AKTIE;Ja;ADVERUM BIO.INC.
US00774W1036;A2QHRM;AKTIE;Ja;AENA SME UNSP.ADR/1/10
US00783V1044;A2PZ8R;AKTIE;Ja;ADYEN NV UNSP.ADR/0,01
US0079031078;863186;AKTIE;Ja;ADVANCED MIC.DEV. DL-,01
US00790R1041;A117FL;AKTIE;Ja;ADVANCED DRAIN.SYS.DL-,01
US0079731008;898006;AKTIE;Ja;ADVANCED EN. INDS DL-,001
US0080731088;A0MJX7;AKTIE;Ja;AEROVIRONMENT DL -,0001
US00808Y4061;A3EW0P;AKTIE;Ja;AETHLON MEDIC.NEW DL-,001
US0082521081;910682;AKTIE;Ja;AFFILIATED MGRS GRP
US00844W2089;A1J1DN;AKTIE;Ja;AGEAS SA/NV ADR NEW/1
US00846M1099;A14WZR;AKTIE;Ja;AGFA-GEVAERT N.V.ADR 2
US00846U1016;929138;AKTIE;Ja;AGILENT TECHS INC. DL-,01
US00847G8042;A403RK;AKTIE;Ja;AGENUS INC. DL-,01
US00847J1051;913094;AKTIE;Ja;AGILYSYS INC.
US00847X1046;A1W2RM;AKTIE;Ja;AGIOS PHARMACEUT. DL-,001
US00848K3095;A40RZ0;AKTIE;Nein;AGEAGLE AERIAL SYS NEW
US0084921008;890700;AKTIE;Nein;AGREE RLTY CORP. DL-,0001
US00850M1027;A1C6VW;AKTIE;Ja;AGRICULT.BK H.ADR/25 YC 1
US00851L1035;A2P7ZM;AKTIE;Ja;AGORA INC. SP.ADS/4 CL.A
US00901B1052;A2PREX;AKTIE;Ja;AIM IMMUNOTECH INC.
US0090661010;A2QG35;AKTIE;Ja;AIRBNB INC. DL-,01
US0091191082;A0CA0N;AKTIE;Ja;AIR FRANCE-KLM ADR EO 1
US0091262024;920921;AKTIE;Ja;AIR LIQUIDE ADR 1/5/EO 11
US00912X3026;A1H92R;AKTIE;Ja;AIR LEASE CORP. A DL -,01
US0091581068;854912;AKTIE;Ja;AIR PROD. CHEM. DL 1
US0092791005;A1XBMK;AKTIE;Ja;AIRBUS SE /UNSP.ADRS
US0097071007;A0B706;AKTIE;Ja;AJINOMOTO CO. ADR 1
US0097195012;A0D9US;AKTIE;Ja;AKBANK T.A.S. ADR/2
US00971T1016;928906;AKTIE;Ja;AKAMAI TECH. DL-,01
US00972D1054;A1XF0S;AKTIE;Ja;AKEBIA THERAPEUT.DL-00001
US00972G2075;A3ESDF;AKTIE;Ja;AKARI THER.ADR/2000 -,01
US00973N1028;A2DTX6;AKTIE;Ja;AKOUSTIS TECHN. DL-,001
US00973Y1082;A2PLNP;AKTIE;Ja;AKERO THEREP.INC.DL-,0001
US0101995035;A2PDLD;AKTIE;Ja;AKZO NOBEL SPONS.ADRS 1/3
US0116421050;A14VCL;AKTIE;Ja;ALARM.COM HOLDINGS INC.
US0116591092;869843;AKTIE;Ja;ALASKA AIR GRP INC. DL 1
US0126531013;890167;AKTIE;Ja;ALBEMARLE CORP. DL-,01
US0130911037;A14YJM;AKTIE;Ja;ALBERTSONS COS INC.DL-001
US0138721065;A2ASZ7;AKTIE;Ja;ALCOA CORP. O.N.
US01438T1060;A111X8;AKTIE;Ja;ALDEYRA THERAPEUT.DL-,001
US0144421072;A2PCBM;AKTIE;Ja;ALECTOR INC.
US0147521092;857899;AKTIE;Ja;ALEXANDER'S INC. DL 1
US0152711091;907179;AKTIE;Ja;ALEXANDRIA REAL EST. EQU.
US01609W1027;A117ME;AKTIE;Ja;ALIBABA GR.HLDG SP.ADR 8
US0162551016;590375;AKTIE;Ja;ALIGN TECHNOLOGY DL-,0001
US01626L2043;A40LQ4;AKTIE;Ja;ALIGOS THER INC. NEW O.N.
US01626W1018;A3CT74;AKTIE;Ja;ALIGHT INC.CL.A DL -,0001
US01643A3068;A3EDN0;AKTIE;Ja;ALKALINE WTR CO. DL -,001
US01741R1023;931083;AKTIE;Ja;ATI INC. DL-,01
US01748X1028;A0LFDN;AKTIE;Ja;ALLEGIANT TRAVEL DL-,001
US01749D1054;A2QGE6;AKTIE;Ja;ALLEGRO MICROSYS. DL-,01
US0185223007;A0DJ2T;AKTIE;Ja;ALLETE INC. NEW
US0185811082;934251;AKTIE;Ja;BREAD FI.HO. DL-,01
US0188021085;855870;AKTIE;Ja;ALLIANT ENERGY DL-,01
US0188201000;A2PXV5;AKTIE;Ja;ALLIANZ SE UNSP.ADR 1/10
US0193301092;157493;AKTIE;Ja;ALLIENT INC. DL-01
US01973R1014;A1JGSV;AKTIE;Ja;ALLISON TRANSM.HLDGS DL-1
US0200021014;886429;AKTIE;Ja;ALLSTATE CORP. DL-,01
US02005N1000;A1W2MF;AKTIE;Ja;ALLY FINANCIAL INC.DL-,10
US02043Q1076;A0CBCK;AKTIE;Ja;ALNYLAM PHARMACE.DL-,0001
US02071M5076;A2AAAX;AKTIE;Ja;ALPHA SE+H.ADR1/4/EO 3,90
US0207721095;907487;AKTIE;Ja;ALPHA PRO TECH LTD.
US02079K1079;A14Y6H;AKTIE;Ja;ALPHABET INC.CL.C DL-,001
US02079K3059;A14Y6F;AKTIE;Ja;ALPHABET INC.CL.A DL-,001
US02081G2012;A2AP5V;AKTIE;Ja;ALPHATEC HOLDINGS INC.
US02115D2080;A3D385;AKTIE;Ja;ALSET INC. DL-,001
US0212442075;A1CS4B;AKTIE;Ja;ALSTOM S.A. UNSP.ADR 1/10
US02128L1061;A2P6XQ;AKTIE;Ja;ALTA EQUIPM. GRP DL-,0001
US0215131063;A2QMJY;AKTIE;Ja;ALTO INGREDIENTS DL-,015
US02155H2004;A2N5Z6;AKTIE;Ja;ALTIMMUNE INC. DL-,0001
US02156K1034;A2DTR8;AKTIE;Ja;ALTICE USA CL.A DL-,01
US02209S1033;200417;AKTIE;Ja;ALTRIA GRP INC. DL-,333
US0231114044;A41557;AKTIE;Nein;AMARIN CORP.ADR NEW 2025
US0231351067;906866;AKTIE;Ja;AMAZON.COM INC. DL-,01
US02319V1035;A1W749;AKTIE;Ja;AMBEV S.A. SP. ADR
US0234361089;915582;AKTIE;Ja;AMEDISYS INC. DL-,001
US0235761014;A2PMA9;AKTIE;Ja;AMERAN.BANCORP CL.A DL-,1
US0235861004;904412;AKTIE;Ja;U-HAUL HLDG CO. DL-,25
US0236081024;911535;AKTIE;Ja;AMEREN CORP. DL-,01
US02361E1082;A1C2FD;AKTIE;Ja;AMERESCO INC.CL.A DL-0001
US02376R1023;A1W97M;AKTIE;Ja;AMERICAN AIRLINES GRP
US02390A1016;A3D8PK;AKTIE;Ja;AMERICA MOVIL SAB ADR/20
US0239391016;A40PX2;AKTIE;Ja;AMENTUM HLDGS INC. DL1
US0255371017;850222;AKTIE;Ja;AMER. EL. PWR DL 6,50
US02553E1064;897113;AKTIE;Ja;AMER. EAGLE OUTFITTERS
US0258161092;850226;AKTIE;Ja;AMER. EXPRESS DL -,20
US0259321042;894969;AKTIE;Ja;AMER. FINL GRP
US02665T3068;A1W3P0;AKTIE;Ja;AMERN HOME.4 RENT A DL-01
US0268747849;A0X88Z;AKTIE;Ja;AMER.INTL GRP NEW DL 2,50
US02919L6048;A414N4;AKTIE;Ja;AMERICAN R.H. NEW DL-,001
US0298991011;881720;AKTIE;Ja;AMERICAN STAT.WTR DL 2,50
US0301112076;A14QX0;AKTIE;Ja;AMER. SUPERCOND. DL-,01
US03027X1000;A1JRLA;AKTIE;Ja;AMERICAN TOWER DL -,01
US0303711081;675543;AKTIE;Ja;AMERICAN VANGUARD DL-,10
US0304201033;A0NJ38;AKTIE;Ja;AMERICAN WATER WKS DL-,01
US0305061097;871501;AKTIE;Ja;AMER. WOODMARK CORP.
US03064D1081;A0Q9XQ;AKTIE;Ja;AMERICOLD RLTY TR. DL-,01
US03071H1005;A0HMCU;AKTIE;Ja;AMERISAFE INC. DL-,01
US03073E1055;766149;AKTIE;Ja;CENCORA DL-,01
US03076C1062;A0F55S;AKTIE;Ja;AMERIPRISE FINL DL-,01
US0310942042;A3D6Y5;AKTIE;Ja;AMESITE INC. NEW
US0311001004;908668;AKTIE;Ja;AMETEK INC. DL-,01
US0311621009;867900;AKTIE;Ja;AMGEN INC. DL-,0001
US03152W1099;A0MSMZ;AKTIE;Ja;AMICUS THERAPEUTICS INC.
US0316521006;911648;AKTIE;Ja;AMKOR TECHN. DL-,001
US03168L1052;A2JLMD;AKTIE;Ja;AMNEAL PHMCTCLS, INC.
US0320951017;882749;AKTIE;Ja;AMPHENOL CORP. A DL-,001
US03209R1032;A11664;AKTIE;Ja;AMPHASTAR PHARMA.DL-,0001
US03212B1035;A2PP3L;AKTIE;Ja;AMPLIFY EN. CORP. NEW
US03217C2052;A40R4G;AKTIE;Ja;AMS-OSRAM UNSPON.ADR NEW
US0323325045;914333;AKTIE;Ja;AMTECH SYS INC. DL-,01
US0326541051;862485;AKTIE;Ja;ANALOG DEVICES INC.DL-166
US0327241065;A2AJ8C;AKTIE;Ja;ANAPTYSBIO INC. DL-,001
US0327973006;A1411S;AKTIE;Ja;ANAVEX LIFE SCI. DL-,001
US0341641035;920678;AKTIE;Ja;ANDERSONS INC.,THE
US03464Y1082;A3CSFE;AKTIE;Ja;ANGEL OAK MTG REIT DL-,01
US03475V1017;A0B9A5;AKTIE;Ja;ANGIODYNAMICS INC. DL-,01
US03486T2024;A2AKNF;AKTIE;Ja;VALTERRA PLATI.SP.ADR 1/6
US03524A1088;A0N916;AKTIE;Ja;ANHEUSER-BUSCH INBEV ADR
US0352551081;889120;AKTIE;Ja;ANIKA THERAPEUTICS DL-,01
US03528H1095;A2N6ZF;AKTIE;Ja;ANIXA BIOSCIENCES DL -,01
US0357108390;A3DUCY;AKTIE;Ja;ANNALY CAP.MGMT DL -,01
US03615A1088;A2PNH2;AKTIE;Ja;ANNOVIS BIO INC. DL-,0001
US03662Q1058;901492;AKTIE;Ja;ANSYS INC. DL-,01
US03674X1063;A1W4U4;AKTIE;Ja;ANTERO RES CORP. DL -,01
US0367521038;A12FMV;AKTIE;Ja;ELEVANCE HEALTH DL-,01
US03736N1046;A3D28J;AKTIE;Ja;ANZ GROUP HLDGS SP.ADR
US03743Q1085;A2QQVE;AKTIE;Ja;APA CORP. DL -,625
US03748R7474;A2QJPQ;AKTIE;Ja;APARTM.INV. MGMT A DL-,01
US03753U1060;A2JAAW;AKTIE;Ja;APELLIS PHARMACT.DL-,0001
US0375981091;867209;AKTIE;Ja;APOGEE ENTERPRISES DL-333
US03761U5020;A2N85M;AKTIE;Ja;MIDCAP FINANCIAL INVEST.
US03762U1051;A0YA4B;AKTIE;Ja;APOLLO COM.REAL EST.FIN.
US03763A2078;A14SUE;AKTIE;Ja;ASTRANA HEALTH DL -,00
US03769M1062;A3DB5F;AKTIE;Ja;APOLLO GL.M.NEW DL-,00001
US03782L1017;A2DR9Y;AKTIE;Ja;APPIAN CORP.CL.A DL-,0001
US0378331005;865985;AKTIE;Ja;APPLE INC.
US03783C1009;A14TU7;AKTIE;Ja;APPFOLIO INC. A DL-,0001
US03784Y2000;A14VYT;AKTIE;Ja;APPLE HOSPITALITY REIT
US0379883004;A3EYBK;AKTIE;Ja;APPLIED UV INC. NEW
US03815U6073;A418YA;AKTIE;Nein;APPLIED NEW 5/25 DL-,001
US0381692070;A3DHHB;AKTIE;Ja;APPLIED DIGITAL DL-01
US03820C1053;861210;AKTIE;Ja;APPLIED IND. TECHS
US0382221051;865177;AKTIE;Ja;APPLIED MATERIALS INC.
US03823U1025;A1W4EQ;AKTIE;Ja;APPLIED OPTOELECT.DL-,001
US03828A1016;A2PHHB;AKTIE;Ja;APPLIED THERAPEUTDL-,0001
US03831W1080;A2QR0K;AKTIE;Ja;APPLOVIN CORP.A -,00003
US0383361039;886413;AKTIE;Ja;APTARGRP INC. DL-,01
US03835L5049;A417NW;AKTIE;Nein;APTEVO THERAPEUTICS INC.
US03837C1062;A2PBJC;AKTIE;Ja;APYX MEDICAL DL-,001
US03837J2006;A40R2T;AKTIE;Nein;AQUA METALS INC. O.N.
US03842K3095;A3EUTZ;AKTIE;Ja;AQUABOUNTY O.N.
US03852U1060;A1W92R;AKTIE;Ja;ARAMARK DL -,01
US0389231087;A0CAPU;AKTIE;Ja;ARBOR RLTY TR.INC. DL-,01
US0390143032;A3D7B0;AKTIE;Ja;ARCADIA BIOSC.NEW.DL-,001
US03923E1073;A0CAD6;AKTIE;Ja;ARCADIS NV NY REG. EO-,05
US03937C1053;A113JL;AKTIE;Ja;ARCBEST CORP. DL-,01
US03938L2034;A2DRY4;AKTIE;Ja;ARCELORMITTAL NY SHS/1 ON
US0394831020;854161;AKTIE;Ja;ARCHER DANIELS MIDLAND
US03957W1062;A143KH;AKTIE;Ja;ARCHROCK INC. DL-,01
US0396531008;A2N62P;AKTIE;Ja;ARCOSA INC. DL -,01
US0396971071;A116X0;AKTIE;Ja;ARDELYX INC. DL-,0001
US03990B1017;A2N87U;AKTIE;Ja;ARES MNGMT CORP.CL.A
US04010E1091;784598;AKTIE;Ja;ARGAN INC. DL-,15
US04010L1035;A0DQY4;AKTIE;Ja;ARES CAPITAL CORP.
US0401261047;A3CWMJ;AKTIE;Ja;ARGO BLOCKCHAIN SP.ADR/10
US04013V1089;A1J0GG;AKTIE;Ja;ARES COMM.REAL EST.DL-,01
US04014F1021;A1T7G2;AKTIE;Ja;ARES DYN.CR.ALL. DL-,001
US04016X1019;A2H9WD;AKTIE;Ja;ARGENS SE SP.ADR/1 -,10
US0404132054;A40V33;AKTIE;Ja;ARISTA NET.INC. NEW O.N.
US0420682058;A3EUCD;AKTIE;Ja;ARM HLDGS ADR DL-,001
US04206A1016;A2JRL0;AKTIE;Ja;ARLO TECHS INC. DL-,001
US04208T1088;A1WY9H;AKTIE;Ja;ARMADA HOFFLER PR. DL-,01
US04216R1023;A2PKLC;AKTIE;Ja;ARMATA PHARMACEUT.
US0423157058;A3EUUD;AKTIE;Ja;ARMOUR RES.REIT DL-,0001
US04271T1007;A2QFA4;AKTIE;Ja;ARRAY TECHNOLOGIES -,001
US0427351004;855225;AKTIE;Ja;ARROW EL. INC. DL 1
US0427441029;920764;AKTIE;Ja;ARROW FINL CORP. DL 1
US04280A1007;A2AGYB;AKTIE;Ja;ARROWHEAD PHARMAC. DL-,01
US04316A1088;A1JU4Y;AKTIE;Ja;ARTISAN PART.AS.M.A DL-01
US04342Y1047;A2QAMV;AKTIE;Ja;ASANA INC. CL.A O.N.
US0434361046;766687;AKTIE;Ja;ASBURY AUTOMOTIVE DL-,01
US04351P1012;A14M6X;AKTIE;Ja;ASCENDIS PH.SP.ADR 1 DK 1
US0436358040;A40J6R;AKTIE;Ja;ASC.SOL.TEC.NEW24 DL-0001
US0441861046;A2AR23;AKTIE;Ja;ASHLAND INC. DL-,01
US0453962070;A402CB;AKTIE;Ja;ASSEMBLY BIOSCIENCES INC
US0454871056;907145;AKTIE;Ja;ASSOC. BANC-CORP DL-,01
US04621X1081;A0BLRP;AKTIE;Ja;ASSURANT INC. DL-,01
US04626D2062;A2QJRN;AKTIE;Ja;ASTON MART.LA.UADR LS-001
US0463531089;886715;AKTIE;Ja;ASTRAZENECA DL-,25 SP.ADR
US0464331083;867880;AKTIE;Ja;ASTRONICS CORP. DL-,01
US0464843095;A3DZGS;AKTIE;Ja;ASTROTECH CORP.
US0465132068;A40DQJ;AKTIE;Ja;ATARA BIOTH. NEW DL-,0001
US04744L2051;A3DR6K;AKTIE;Ja;ATHERSYS INC. NEW DL-,001
US0476491081;A2ALP3;AKTIE;Ja;ATKORE DL-,01
US0494681010;A3DUN5;AKTIE;Ja;ATLASSIAN CORP. CL.A
US0495601058;868746;AKTIE;Ja;ATMOS EN. CORP.
US04962H5063;A2JJ99;AKTIE;Ja;ATOSSA THERAPEU. DL -,015
US0512761034;A2QM5Q;AKTIE;Ja;AUGUSTA GOLD DL-,0001
US05207U1034;A2QG8Z;AKTIE;Ja;AURUBIS AG UNSP.ADR 1/2
US0527691069;869964;AKTIE;Ja;AUTODESK INC.
US05278C1071;A1W97C;AKTIE;Ja;AUTOHOME SP.ADR A 4 DL-01
US0528001094;906892;AKTIE;Ja;AUTOLIV INC. DL-,01
US05280R1005;A2JNZJ;AKTIE;Ja;AUTOLUS THERAP. SP.ADR/1
US0530151036;850347;AKTIE;Ja;AUTOM. DATA PROC. DL -,10
US0533321024;881531;AKTIE;Ja;AUTOZONE INC. DL-,01
US05338F3064;A3E2FR;AKTIE;Ja;AVALO THERAPEUT. DL-,001
US0534841012;914867;AKTIE;Ja;AVALONBAY COMM. DL-,01
US05350V1061;A2JNRG;AKTIE;Ja;AVANOS MEDICAL INC.DL-,01
US05352A1007;A2PJN6;AKTIE;Ja;AVANTOR INC. DL-,01
US0536111091;850354;AKTIE;Ja;AVERY DENNISON DL 1
US05366Y2019;A2AL39;AKTIE;Ja;AVIAT NETWORKS INC.
US0537741052;A0KEE9;AKTIE;Ja;AVIS BUDGET GROUP DL-,01
US05379B1070;856142;AKTIE;Ja;AVISTA CORP.
US0538071038;850355;AKTIE;Ja;AVNET INC. DL 1
US0545361075;901685;AKTIE;Ja;AXA UAP ADR 1/EO 2,29
US0545402085;A2AM8Z;AKTIE;Ja;AXCELIS TECHS DL-,001
US05462W1099;A0MY4Z;AKTIE;Ja;AXIS BANK LTD. GDR REGS 5
US05464C1018;A2DPZU;AKTIE;Ja;AXON ENTERPRISE DL-,00001
US05464T1043;A2AA7B;AKTIE;Ja;AXSOME THERAPEUT. DL-0001
US05465C1009;A2N5Y2;AKTIE;Ja;AXOS FINANCIAL DL-,01
US0547482077;A3ET82;AKTIE;Nein;AYRO INC. NEW DL-,0001
US0547548588;A3D38R;AKTIE;Ja;AYTU BIOPHARMA DL -,0001
US05478C1053;A2P099;AKTIE;Ja;AZEK CO. INC. CL.A
US05501U1060;A14L9W;AKTIE;Ja;AZUL SA PFD ADR 1
US05508R1068;A0CATC;AKTIE;Ja;B + G FOODS INC. (NEW)
US0552625057;936785;AKTIE;Ja;BASF SPONS. ADR 1/4
US0554742090;A3D3VB;AKTIE;Ja;BIT MINING C.A SP.ADR 100
US05550J1016;A2JPDX;AKTIE;Ja;BJ'S WHOLESALE C.H.DL-,01
US0556221044;850518;AKTIE;Ja;BP PLC SP.ADR/6 DL -,25
US0556301077;985301;AKTIE;Ja;BP PRUDHOE BAY ROLTY UBI
US05565A2024;722734;AKTIE;Ja;BNP PARIBAS ADR 1/2/EO 2
US05581M4042;A3CSSL;AKTIE;Ja;BTCS INC. DL-,001
US05605H1005;A14V4U;AKTIE;Ja;BWX TECHS INC. DL-,01
US05606L1008;A0X9JE;AKTIE;Ja;BYD CO. LTD ADR/2 YC 1
US05614L2097;A2PN0R;AKTIE;Ja;BABCOCK+WILCOX ENT.DL-,01
US0565251081;863871;AKTIE;Ja;BADGER METER DL 1
US0567521085;A0F5DE;AKTIE;Ja;BAIDU A ADR DL-,000000625
US05684B1070;A2N9Y3;AKTIE;Ja;BAIN CAP.SPEC.FIN. -,001
US05722G1004;A2DUAY;AKTIE;Ja;BAKER HUGHES CO.
US0576652004;905650;AKTIE;Ja;BALCHEM CORP. B DL-,067
US0584981064;860408;AKTIE;Ja;BALL CORP.
US0589341009;A2PU68;AKTIE;Ja;BANCO BBVA ARGENT.ADR/3
US0594603039;A0B9WE;AKTIE;Ja;BANCO BRADESCO PFD 04 ADR
US05946K1016;876152;AKTIE;Ja;BCO BIL.VIZ.ARG.ADR EO,-4
US0595681059;A14W0L;AKTIE;Ja;BANC.DE.SA.A ADR2/EO-,125
US0595781040;A0YJVA;AKTIE;Ja;BANCO DO BRASIL ADR 1
US05961W1053;A0JJT4;AKTIE;Ja;BANCO MACRO S.A. ADR 1
US05964H1059;873816;AKTIE;Ja;BCO SANTANDER SP.ADR1
US05967A1079;A0YBKP;AKTIE;Ja;BANCO SANT.SPON.ADS/1 UTS
US05988J1034;A2H7JF;AKTIE;Ja;BANDWID.INC. CL.A DL-,001
US05990K1060;A1W2U2;AKTIE;Ja;BANC OF CALIFORNIA
US0605051046;858388;AKTIE;Ja;BANK AMERICA DL 0,01
US0618741039;903169;AKTIE;Ja;BK OF EAST ASIA ADR 1
US0625401098;875284;AKTIE;Ja;BK OF HAWAII DL 2
US0640581007;A0MVKA;AKTIE;Ja;BK N.Y. MELLON DL -,01
US06417N1037;A2JQ1Z;AKTIE;Ja;BANK OZK DL-,01
US0664603042;A0YGQV;AKTIE;Ja;BANKINTER ADR 2007 EO-,30
US06684L1035;A14S55;AKTIE;Ja;BAOZUN SP.ADR A 3 DL-0001
US06738E2046;911762;AKTIE;Ja;BARCLAYS PLC ADR/4 LS-,25
US06740E1010;A2N7UR;AKTIE;Ja;BARCO N.V. UNSP.ADR 1/5
US06759L1035;A2JRMB;AKTIE;Ja;BARINGS BDC INC. DL -,001
US06777U2006;A40E6D;AKTIE;Ja;BAR.+NO. E. DL-,01
US0684631080;886799;AKTIE;Ja;BARRETT BUS. SVCS DL-,01
US0708301041;A3CWHH;AKTIE;Ja;BATH + BODY WORKS DL-,50
US0717711099;A3CN4F;AKTIE;Ja;BAVARIAN NORDIC SP.ADR/1
US0718131099;853815;AKTIE;Ja;BAXTER INTL DL 1
US0727303028;879501;AKTIE;Ja;BAYER ADR /1/4
US07373B1098;A2QDBZ;AKTIE;Ja;BEAM GLOBAL INC.DL-001
US0740142007;A3ELRT;AKTIE;Nein;BEAS.BR.GRP.INC.CL.A NEW
US07556Q8814;A1J51W;AKTIE;Ja;BEAZER HOMES USA DL-,01
US0758871091;857675;AKTIE;Ja;BECTON, DICKINSON DL 1
US07724U1034;A116VV;AKTIE;Ja;BEIERSDORF UNSP.ADR 1/5
US07725L1026;A1437N;AKTIE;Ja;BEONE MEDICINES SP.ADR
US0773472016;876528;AKTIE;Ja;BEL FUSE INC. A DL-,10
US0773473006;915578;AKTIE;Ja;BEL FUSE INC. B DL-,10
US0774541066;A0B8CA;AKTIE;Ja;BELDEN INC. DL -,01
US07831C1036;A3DGED;AKTIE;Ja;BELLRING BRANDS DL-,01
US08160H1014;885906;AKTIE;Ja;BENCHMARK EL. INC. DL-,10
US08265T2087;A2QDK6;AKTIE;Ja;BENTLEY SYSTEMS B DL-,01
US0844231029;870493;AKTIE;Ja;BERKLEY CORP. DL-,20
US0846701086;854075;AKTIE;Nein;BERKSHIRE HATHAWAY A DL 5
US0846707026;A0YJQ2;AKTIE;Ja;BERKSH. H.B NEW DL-,00333
US0846801076;676594;AKTIE;Ja;BERKSHIRE HILLS BANCORP
US08579X1019;A2JDNZ;AKTIE;Ja;BERRY CORP. DL -,001
US0865161014;873629;AKTIE;Ja;BEST BUY CO. DL-,10
US0886061086;863578;AKTIE;Ja;BHP GROUP ADR 2/DL-,50
US08862E1091;A2N7XQ;AKTIE;Ja;BEYOND MEAT INC.
US08862L1035;A2PNGL;AKTIE;Ja;BEYOND AIR INC. DL-,0001
US0887361030;A1J2CK;AKTIE;Ja;SOC.BIC UNS.ADR1/2/EO3,82
US0887861088;A2PKZC;AKTIE;Ja;BICYCLE THERAP. SP.ADR/1
US0889291045;A3EQAC;AKTIE;Ja;BGC GROUP INC.A DL-,01
US08915P1012;634728;AKTIE;Ja;BIG 5 SPORT.GOODS DL-,01
US0893021032;869884;AKTIE;Nein;BIG LOTS DL-,01
US08975B1098;A3C8TH;AKTIE;Ja;BIGBEAR.AI HOLD. DL-,0001
US08975P1084;A2P9T5;AKTIE;Ja;BIGCOMMERCE HLD. 1 -,0001
US08986R3093;A2JK8L;AKTIE;Ja;BIGLARI HLDGS CL. B
US09003Q1004;A11940;AKTIE;Ja;BILFINGER SE UNSP.ADR 1/5
US0900401060;A2JG7L;AKTIE;Ja;BILIBILI ADR/1Z DL-,0001
US0900431000;A2PWWA;AKTIE;Ja;BILL HOLDINGS DL-,00001
US0905722072;865406;AKTIE;Ja;BIO-RAD LABS INC.DL-,0001
US09058V1035;896047;AKTIE;Ja;BIOCRYST PHARMAC. DL-,01
US09061G1013;924801;AKTIE;Ja;BIOMARIN PHAR. DL-,001
US09062W2044;A1XCF2;AKTIE;Ja;BIOLIFE SOLUTIONS DL-,001
US09062X1037;789617;AKTIE;Ja;BIOGEN INC. DL -,0005
US0906556065;A3C9XF;AKTIE;Ja;BIORESTORAT.THERAP.DL-,01
US09071M3043;A41038;AKTIE;Nein;BIOLINERX LTD. DL-,001
US09073M1045;A12ENG;AKTIE;Ja;BIO-TECHNE CORP. DL-,01
US09073Q3039;A40DEH;AKTIE;Ja;SCINAI IMM.ADS/4000 IL-01
US09075F4046;A40YLD;AKTIE;Ja;BIONANO GENOM. CP DL-0001
US09075P2048;A40YSR;AKTIE;Nein;BIOXCEL THERAP.INC.NEW
US09075V1026;A2PSR2;AKTIE;Ja;BIONTECH SE SPON. ADRS 1
US09077D2099;A3EFRZ;AKTIE;Ja;BIOFRONTERA INC. NEW
US09077V1008;A40D7P;AKTIE;Nein;BIOAGE LABS INC. O.N.
US09175M8047;A40UWX;AKTIE;Ja;HYPERSCALE DATA INC. O.N.
US09180C1062;A0B7Y0;AKTIE;Ja;BJ'S RESTAURANTS INC.
US0921131092;867434;AKTIE;Ja;BLACK HILLS CORP. DL 1
US09227Q1004;A0B9Q0;AKTIE;Ja;BLACKBAUD INC. DL-,001
US09239B1098;A2AS8C;AKTIE;Ja;BLACKLINE INC. DL-,01
US0925011050;A0NEG1;AKTIE;Ja;BLACKROCK ENH.GBL DIV.TR.
US09257W1009;A1T90Y;AKTIE;Ja;BLACKSTONE MORTGAGE TR. A
US09259E1082;A2N4AB;AKTIE;Ja;BLACKROCK TCP CAP.DL-,001
US09260D1072;A2PM4W;AKTIE;Ja;BLACKSTONE INC. DL-,00001
US09261X1028;A3DHXC;AKTIE;Ja;BLACKSTONE SECD LEND.FD
US09290D1019;A40PW4;AKTIE;Ja;BLACKROCK INC. O.N.
US0936711052;859376;AKTIE;Ja;BLOCK -HR- INC.
US0937121079;A2JQTG;AKTIE;Ja;BLOOM ENERGY A DL-,0001
US0942351083;A1JWXL;AKTIE;Ja;BLOOMIN' BRANDS DL-,01
US0953061068;A14PN5;AKTIE;Ja;BLUE BIRD CORP. DL-,01
US09624H2085;A2ALQ5;AKTIE;Ja;BLUELINX HLDGS DL-,01
US09627Y1091;A14SDD;AKTIE;Ja;BLUEPRINT MED.CORP.DL-001
US0970231058;850471;AKTIE;Ja;BOEING CO. DL 5
US09739D1000;A1KCND;AKTIE;Ja;BOISE CASCADE CO. DL -,01
US09752V1026;A2N9XE;AKTIE;Ja;BOLIDEN AB UNSP.ADR/2
US0977021049;A2QNZN;AKTIE;Ja;BOLT BIOTHERAP. DL-,00001
US09857L1089;A2JEXP;AKTIE;Ja;BOOKING HLDGS DL-,008
US0994061002;A12EFD;AKTIE;Ja;BOOT BARN HLDGS DL-,0001
US0995021062;A1C599;AKTIE;Ja;BOOZ ALL.HAM. CL.A DL-001
US0997241064;887320;AKTIE;Ja;BORGWARNER INC. DL-,01
US1005571070;898161;AKTIE;Ja;BOST. BEER CO.INC.A DL-01
US1010441053;A2DUKW;AKTIE;Ja;BOSTON OMAHA CORP.DL-,001
US1011211018;907550;AKTIE;Ja;BXP INC. DL-,01
US1011371077;884113;AKTIE;Ja;BOSTON SCIENTIFIC DL-,01
US10316T1043;A110YG;AKTIE;Ja;BOX INC. A DL-,0001
US1033041013;896499;AKTIE;Ja;BOYD GAMING CORP. DL-,01
US10482B1017;A2JKHP;AKTIE;Ja;BRAEMAR HOTELS + RES
US10501E3009;A40M9K;AKTIE;Ja;BRAINST.CELL DL0
US1053682035;875818;AKTIE;Ja;BRANDYWINE RLTY TR. SBI
US10552T1079;A0N9BM;AKTIE;Ja;BRF ADR 1
US1055321053;896191;AKTIE;Ja;BRASKEM PFD ADR/2 O.N.
US10554B1044;A1C6JK;AKTIE;Ja;BRASI.CIA BRAS.D.PROP.ADR
US10576N1028;A3C7N3;AKTIE;Ja;BRAZE INC. A DL-,0001
US1058613068;A3D3MQ;AKTIE;Ja;ATLAS LITHIUM DL -,001
US1071801013;A2N4KC;AKTIE;Ja;BRENNTAG SE UNSP.ADR/0,20
US10806B1008;A3CU1J;AKTIE;Ja;BRIDGE INV.GRP.HLD.A -,01
US10806X1028;A2PLX7;AKTIE;Ja;BRIDGEBIO PHARMA DL-,001
US1084412055;766623;AKTIE;Ja;BRIDGESTONE ADR 1/2 O.N.
US1086211034;A2JGHD;AKTIE;Ja;BRIDGEWATER BANC. DL-,01
US1091992081;A3DR54;AKTIE;Ja;BR.SCH.ED.HLD.SP.ADR CL.A
US10922N1037;A2DUDM;AKTIE;Ja;BRIGHTHOUSE FINANC.DL-,01
US10948C1071;A2JPBC;AKTIE;Ja;BRIGHTVIEW HLDGS DL-,01
US10948W1036;A2PNW4;AKTIE;Ja;ACADIAN ASSET MAN. -,001
US10949T1097;A3CS7G;AKTIE;Ja;BRIGHTSPIRE CAP. CL.A-,01
US1096411004;881396;AKTIE;Ja;BRINKER INTL DL-,10
US1096961040;264748;AKTIE;Ja;BRINKS CO., THE DL 1
US1101221083;850501;AKTIE;Ja;BRISTOL-MYERS SQUIBBDL-10
US1104481072;916671;AKTIE;Ja;BRIT.AMER.TOBACCO ADR/
US11120U1051;A1W514;AKTIE;Ja;BRIXMOR PPTY GROUP INC.
US11133T1034;A0MMP1;AKTIE;Ja;BROADRIDGE FINL SOL.DL-01
US11135E2037;A2QR15;AKTIE;Ja;BROADST.NET LEA.DL-,00025
US11135F1012;A2JG9Z;AKTIE;Ja;BROADCOM INC. DL-,001
US11161T2078;A1J3B2;AKTIE;Ja;BROADWIND INC. DL-,001
US1124631045;A0HL7W;AKTIE;Ja;BROOKDALE SR LVG DL -,01
US1143401024;257275;AKTIE;Ja;AZENTA INC. DL-,01
US1152361010;896895;AKTIE;Ja;BROWN + BROWN DL-,10
US1156371007;850530;AKTIE;Ja;BROWN-FORMAN CORP.A DL-15
US1156372096;856693;AKTIE;Ja;BROWN-FORMAN CORP B DL-15
US1167941087;813534;AKTIE;Ja;BRUKER CORP. DL -,01
US1170431092;850531;AKTIE;Ja;BRUNSWICK CORP. DL-,75
US1184401065;884929;AKTIE;Ja;BUCKLE INC. DL-,01
US1200761047;A0DK8F;AKTIE;Ja;BUILD-A-BEAR WORK. DL-,01
US12008R1077;A0ER15;AKTIE;Ja;BUILDERS FIRSTSOUR.DL-,01
US1220171060;A1W54Y;AKTIE;Ja;BURLINGTON STORES DL-0001
US12430A3005;A3D6BT;AKTIE;Nein;BUZZFEED INC. A NEW
US1243121092;A2QHR3;AKTIE;Ja;BYD ELECTR I. UNSP.ADR/50
US12468P1049;A2QJVE;AKTIE;Ja;C3 AI INC. CL.A DL -,001
US1248051021;A0F5F5;AKTIE;Ja;CBIZ INC. DL-,01
US12503M1080;A1CZTX;AKTIE;Ja;CBOE GLOB.MKTS INC.DL-,01
US12504L1098;A1JLYH;AKTIE;Ja;CBRE GROUP INC. A DL-,01
US1251051066;A2QKR9;AKTIE;Ja;CD PROJEKT (UNSP.ADR)1/4
US1251411013;906379;AKTIE;Ja;CECO ENVIRONMTL DL-,01
US12514G1085;A1W0KL;AKTIE;Ja;CDW CORP. DL-,01
US1252691001;A0ES9N;AKTIE;Ja;CF INDS HLDGS DL-,01
US12541W2098;A0HGF5;AKTIE;Ja;C.H. ROB. WORLDWIDE NEW
US1255231003;A2PA9L;AKTIE;Ja;CIGNA GROUP, THE DL 1
US12562Y1001;A14RG7;AKTIE;Ja;CK HUTCHISON HLDGS ADR 1
US12563V1052;A2DTFN;AKTIE;Ja;CK INFRAS.HLDGS ADR 5 HD1
US12572Q1058;A0MW32;AKTIE;Ja;CME GROUP INC. DL-,01
US1258961002;850795;AKTIE;Ja;CMS ENERGY CORP. DL-,01
US1261171003;856402;AKTIE;Ja;CNA FIN. DL 2,50
US1263491094;899518;AKTIE;Ja;CSG SYS INTL DL-,01
US12634H2004;A2JAHL;AKTIE;Ja;CPI CARD GROUP DL-,001
US12637N2045;A115DF;AKTIE;Ja;CSL LTD SPON.ADR 2
US1264021064;A140CD;AKTIE;Ja;CSW IND. INC. DL-,01
US1264081035;865857;AKTIE;Ja;CSX CORP. DL 1
US1265011056;850843;AKTIE;Ja;CTS CORP.
US12650W1071;A2QHM1;AKTIE;Ja;CTS EVENTIM UNSP.ADR/0,25
US12653C1080;A2H8TZ;AKTIE;Ja;CNX RES CORP. DL-,01
US12662P1084;A0MUHT;AKTIE;Ja;CVR ENERGY INC. DL-,01
US1266501006;859034;AKTIE;Ja;CVS HEALTH CORP. DL-,01
US12685J1051;A14UKB;AKTIE;Ja;CABLE ONE DL-,01
US1270551013;856744;AKTIE;Ja;CABOT CORP. DL 1
US1270971039;881646;AKTIE;Ja;COTERRA ENERGY INC.DL-,10
US1271903049;906006;AKTIE;Ja;CACI INTL INC. A DL-,1
US1272031071;A2JC5K;AKTIE;Ja;CACTUS INC. CL.A DL-,01
US1273871087;873567;AKTIE;Ja;CADENCE DESIGN SYS DL-,01
US12740C1036;A3C6GA;AKTIE;Ja;CADENCE BANK DL 2,5
US12769G1004;A2P92E;AKTIE;Ja;CAESARS ENTMT INC. DL-,01
US1280302027;907664;AKTIE;Ja;CAL-MAINE FOODS DL-,01
US12803K1097;A14Q9E;AKTIE;Ja;CAIXABANK UN.ADR 1/3 DL 1
US1280583022;A3DWGC;AKTIE;Ja;LISATA THERAP.INC.DL-,001
US1281262089;A3EKM1;AKTIE;Ja;CALAMP CORP. NEW O.N.
US1295001044;A14T37;AKTIE;Ja;CALERES INC. DL-,01
US13057Q3056;A2QGVC;AKTIE;Ja;CALIFORNA RESOURC. DL-,01
US1307881029;850556;AKTIE;Ja;CALIF. WATER SERV. GRP
US13100M5094;A1CVEW;AKTIE;Ja;CALIX INC.
US1311931042;883644;AKTIE;Ja;TOPGOLF CALLAWAY B.DL-,01
US1331311027;985335;AKTIE;Ja;CAMDEN PTY TR. SBI DL-,01
US1344291091;850561;AKTIE;Ja;CAMPBELLS CO. DL-,0375
US13462K1097;A2AR5B;AKTIE;Ja;CAMPING WORLD CL.A DL-,01
US1347481020;A2PVN8;AKTIE;Ja;CANAAN INC SP.ADR CL.A
US1375861036;A2JRKP;AKTIE;Ja;CANGO INC. SP.ADR/2 CL.A
US13803R3003;A40XUX;AKTIE;Nein;CANOO INC. DL-,0001
US1381031061;A3CM9A;AKTIE;Ja;CANTALOUPE INC. O.N.
US13916V1070;A1T9M9;AKTIE;Ja;CAPCOM CO. UNSP.ADRS 1/2
US1396741050;923192;AKTIE;Ja;CAPITAL CTY BK GRP DL-,01
US14040H1059;893413;AKTIE;Ja;CAPITAL ONE FINL DL-,01
US1404752032;A2QJSN;AKTIE;Ja;SONIDA SENIOR LIV. DL-,01
US1405011073;923189;AKTIE;Ja;CAPITAL STHWEST CORP.DL 1
US14070B3096;A2PLU4;AKTIE;Ja;CAPRICOR THERAP. DL-,001
US1407553072;A414VY;AKTIE;Nein;TVARDI THERAPEUTICS O.N.
US14147L1089;A2P4GU;AKTIE;Ja;CARDIFF ONCOLOG. DL-,0001
US14149Y1082;880206;AKTIE;Ja;CARDINAL HEALTH INC.
US14161W1053;A2JDMC;AKTIE;Ja;CARDLYTICS INC DL-,0001
US14167L1035;A118WG;AKTIE;Ja;CAREDX INC. DL-,001
US14167R1005;A2PHF8;AKTIE;Ja;CARECLOUD INC. DL-,001
US14174T1079;A11398;AKTIE;Nein;CARETRUST REIT DL-,01
US1417881091;A2DX5H;AKTIE;Ja;CARGURUS INC.CL.A DL-,001
US14216R1014;A3DZG2;AKTIE;Ja;CARISMA THERAPEUTICS INC.
US14218T1051;A0YGQ7;AKTIE;Ja;CARL ZEISS MEDITEC ADR 1
US1423391002;871884;AKTIE;Ja;CARLISLE COS. INC. DL 1
US1431301027;662604;AKTIE;Ja;CARMAX INC. DL-,50
US14316J1088;A2PXCR;AKTIE;Ja;CARLYLE GROUP INC.
US14365C1036;264713;AKTIE;Ja;CARNIVAL PLC ADR/1 DL1,66
US14427M1071;A2QAJC;AKTIE;Ja;CARPARTS.COM INC. DL-,001
US1442851036;858605;AKTIE;Ja;CARPENTER TECHNOLOGY DL 5
US1444302046;A1JNB7;AKTIE;Ja;CARREFOUR SP.ADR 1/5/O.N.
US14448C1045;A2P1UY;AKTIE;Ja;CARRIER GLBL CORP DL-,01
US14575E1055;A2DRMF;AKTIE;Ja;CARS.COM INC.
US1462291097;777514;AKTIE;Ja;CARTER'S INC. DL-,01
US1468691027;A2DPW1;AKTIE;Ja;CARVANA CO.
US1474481041;910249;AKTIE;Ja;CASELLA WASTE SYS A DL-01
US1475281036;885039;AKTIE;Ja;CASEY'S GENL STORES
US14808P1093;917071;AKTIE;Ja;CASS INFORM. DL-,50
US14817C1071;A2PGL8;AKTIE;Ja;CASSAVA SCIENCES DL-,001
US14888U1016;A0LCUL;AKTIE;Ja;CATALYST PHARM.INC.DL-001
US1491231015;850598;AKTIE;Ja;CATERPILLAR INC. DL 1
US1492051065;881902;AKTIE;Ja;CATO CORP. A DL-,0333
US1500421094;A2DWHJ;AKTIE;Ja;CECONOMY ADR 1/5
US1508377066;A418TV;AKTIE;Nein;CEL-SCI CORP. NEW DL-,001
US1508701034;A0DP2A;AKTIE;Ja;CELANESE CORP. DL-,0001
US15117B2025;A2PEAB;AKTIE;Ja;CELLDEX THER. DL-,001
US15117F8077;A3DQSD;AKTIE;Ja;CELLECTAR NEW22 DL-00001
US15117K1034;A14QZE;AKTIE;Ja;CELLECTIS SP.ADR 1 EO-,05
US15117N6022;A3DWEJ;AKTIE;Ja;IMUNON INC. DL-,01
US15117X1054;A2QHRA;AKTIE;Ja;CELLN.TELEC.UNSP.ADR/1/2
US15126Q2084;A2DMHF;AKTIE;Ja;CEMENTOS PACASM. ADR/1,5
US1512908898;925905;AKTIE;Ja;CEMEX SAB.CPO SP.ADR/10
US15130G8814;A40UCM;AKTIE;Nein;CEMTR.INC.NEW11/24DL-,001
US15135B1017;766458;AKTIE;Ja;CENTENE CORP. DL-,001
US15189T1079;854566;AKTIE;Ja;CENTERPOINT ENERGY INC.
US15202L1070;A2QLHY;AKTIE;Ja;CENTERSPACE SBI
US1523091007;A3CQ72;AKTIE;Ja;CENTESSA PHARMACEUTICALS
US15234Q1085;901849;AKTIE;Ja;CENTRAIS EL.BR.EL.PFD ADR
US15234Q2075;903460;AKTIE;Ja;CENTRAIS EL.BR.EL. ADR 1
US1537661001;A0RB3P;AKTIE;Ja;CENTRAL JAP RWY ADR1/1000
US1550382014;A2JCE9;AKTIE;Ja;CENTRAL PUERTO ADR/1 AP1
US1564311082;899867;AKTIE;Ja;CENTURY ALUM. CO. DL-,01
US15643U1043;A12CTC;AKTIE;Ja;CENTRUS ENERGY DL-,10
US1564921005;889628;AKTIE;Ja;CENTURY CASINOS DL-,01
US1565043007;A114W9;AKTIE;Ja;CENTURY COMMUNIT. DL-,01
US1567271093;A2PRLS;AKTIE;Ja;CERENCE INC. DL-,001
US1567761069;A2QRX9;AKTIE;Ja;CERES POWER HLD(UNSP.ADR)
US15677J1088;A2JHZH;AKTIE;Ja;DAYFORCE INC.
US1570851014;905249;AKTIE;Ja;CERUS CORP. DL-,001
US1572101053;A0BKYT;AKTIE;Ja;CEVA INC. DL-,001
US15870P3073;A14X6S;AKTIE;Ja;CHAMPIONS ONCOLOGY DL-,01
US15872M1045;A2P58Q;AKTIE;Ja;CHAMPIONX CORP. DL-,01
US15961R1059;A2QK1P;AKTIE;Ja;CHARGEPOINT HOLDINGS CL.A
US1598641074;939391;AKTIE;Ja;CHARL.RIV.LAB INTL DL-,01
US16115Q3083;A0KDX9;AKTIE;Ja;CHART INDS INC. DL-,01
US16119P1084;A2AJX9;AKTIE;Ja;CHARTER COM. CL. A
US1630721017;884888;AKTIE;Ja;CHEESECAKE FACTORY DL-,01
US1630861011;A1H9UZ;AKTIE;Ja;CHEFS WAREHOUSE INC.DL-01
US1630921096;A1W4ER;AKTIE;Ja;CHEGG INC. DL -,001
US16359R1032;A0CBF4;AKTIE;Ja;CHEMED CORP. DL 1
US1638511089;A14RPH;AKTIE;Ja;CHEMOURS CO. DL-,01
US16385C1045;A3CMJ9;AKTIE;Ja;CHEMOMAB THERAP. ADR/20
US16411R2085;580884;AKTIE;Ja;CHENIERE ENERGY DL-,003
US1651677353;A2QPFF;AKTIE;Ja;EXPAND ENERGY DL-,01
US1653031088;899500;AKTIE;Ja;CHESAPEAKE UTIL. DL-,4867
US1667641005;852552;AKTIE;Ja;CHEVRON CORP. DL-,75
US16679L1098;A2PL6S;AKTIE;Ja;CHEWY INC. DL-,01
US1689051076;909471;AKTIE;Ja;CHILDREN'S PLACE INC.
US16890R1095;A2QMUD;AKTIE;Ja;CN LGY.PWR.GR.UNSP.ADR/10
US1689133098;A2P250;AKTIE;Ja;SMART POWERR CORP.DL-,001
US16934Q8024;A40E2T;AKTIE;Ja;CHIMERA INV.NOV 23 DL-,01
US16936R1059;727493;AKTIE;Ja;CHINA AUTOM. SYS DL-,0001
US16941T4013;A415NR;AKTIE;Nein;CHINA P.HLDGS NEW DL-,001
US16954L2043;A3DZX6;AKTIE;Ja;51 TALK ONL. SP.ADR A 60
US1696561059;A0ESP5;AKTIE;Ja;CHIPOTLE MEX.GR. DL -,01
US1699051066;915916;AKTIE;Ja;CHOICE HOTELS INT. DL-,01
US1710774076;A2AG5N;AKTIE;Ja;NIAGEN BIOSCIE. DL -,001
US1712691039;A12ABF;AKTIE;Ja;CHUGAI PHARMAC.UNSP.ADR 2
US1713401024;864371;AKTIE;Ja;CHURCH + DWIGHT CO. DL 1
US1714841087;923011;AKTIE;Ja;CHURCHILL DOWNS INC.
US1717572069;A3D4A6;AKTIE;Ja;CIDARA THERAPEUT.INC NEW
US1717793095;A0LDA7;AKTIE;Ja;CIENA CORP. NEW DL-,01
US1720621010;878440;AKTIE;Ja;CINCINNATI FINL DL 2
US1724063086;A3EMDE;AKTIE;Ja;CINEVERSE CORP. DL-,01
US17243V1026;A0MK44;AKTIE;Ja;CINEMARK HLDGS INC.DL-,01
US1725731079;A417ZL;AKTIE;Nein;CIRCLE INTERNET GRP CL.A
US17259U2042;A3DHW9;AKTIE;Ja;CION INVEST.CORP. DL-,001
US1727551004;877381;AKTIE;Ja;CIRRUS LOGIC INC.
US17275R1023;878841;AKTIE;Ja;CISCO SYSTEMS DL-,001
US1729081059;880205;AKTIE;Ja;CINTAS CORP.
US1729674242;A1H92V;AKTIE;Ja;CITIGROUP INC. DL -,01
US17306X1028;A0EATE;AKTIE;Ja;CITI TRENDS INC.
US17322U3068;A40MD0;AKTIE;Nein;CITIUS PHARMAC. DL -,001
US1746101054;A12BD3;AKTIE;Ja;CITIZENS FINL GROUP DL-01
US1785871013;A12E4P;AKTIE;Ja;CITY OFFICE REIT DL -,01
US17888H1032;A3C5HJ;AKTIE;Ja;CIVITAS RES INC DL-,001
US18047P1012;A0YGRC;AKTIE;Ja;CLARIANT ADR 1/SF 4
US18270D1063;A3C6S1;AKTIE;Ja;CLAROS MORT.TR.INC.DL-,01
US18270P1093;A2DWAE;AKTIE;Ja;CLARUS CORP.
US1844961078;876514;AKTIE;Ja;CLEAN HARBORS DL-,01
US1844991018;A0MRJL;AKTIE;Ja;CLEAN ENERGY FUELS CORP.
US18452B2097;A2PWWQ;AKTIE;Ja;CLEANSPARK INC. DL-,001
US18482P1030;A0NAKY;AKTIE;Ja;CLEARFIELD INC. DL-01
US18538R1032;A0RDWM;AKTIE;Ja;CLEARWATER PAPER DL-,0001
US18539C1053;A2N5TZ;AKTIE;Ja;CLEARWAY ENERGY A NDL-,01
US18539C2044;A2N5TT;AKTIE;Ja;CLEARWAY ENERGY C DL-,01
US1858991011;A2DVSM;AKTIE;Ja;CLEVELAND-CLIFFS DL-,125
US1887691038;A0RM8Z;AKTIE;Ja;CLINUVEL PHARMAC.ADRS1
US1890541097;856678;AKTIE;Ja;CLOROX CO. DL 1
US18914F1030;A2QJXX;AKTIE;Ja;CLOVER HEALTH INV. CL.A
US18915M1071;A2PQMN;AKTIE;Ja;CLOUDFLARE INC. A DL-,001
US18946Q1013;871624;AKTIE;Ja;CLP HLDGS LTD ADR/1 HD 5
US1897631057;A2DU6V;AKTIE;Ja;CO-DIAGNOSTICS DL-,001
US1910981026;860150;AKTIE;Ja;COCA-COLA CONSOL.INC.DL 1
US1912161007;850663;AKTIE;Ja;COCA-COLA CO. DL-,25
US1912232055;A117UP;AKTIE;Ja;COCA COLA HBC AG ADRS
US1912411089;887811;AKTIE;Ja;COCA-COLA FEMSA L ADR/10
US1914592050;A1C3B8;AKTIE;Ja;COCHLEAR LTD ADR 1/2/O.N.
US19188J4094;A3DWYX;AKTIE;Ja;COCRYSTAL PHARMA NEW O.N.
US1920051067;A0Q2S4;AKTIE;Ja;CODEXIS INC. DL-,01
US1921085049;A0RNL2;AKTIE;Ja;COEUR MINING DL -,01
US1924221039;878090;AKTIE;Ja;COGNEX CORP. DL-,002
US1924461023;915272;AKTIE;Ja;COGNIZANT TECH. SOL.A
US19247A1007;A0B7TN;AKTIE;Ja;COHEN + STEERS DL-,01
US19247G1076;A3DQXS;AKTIE;Ja;COHERENT CORP.
US19249H1032;A12ETZ;AKTIE;Ja;COHERUS ONCOLOGY DL-,0001
US1925761066;856506;AKTIE;Ja;COHU INC. DL 1
US19260Q1076;A2QP7J;AKTIE;Ja;COINBASE GLB.CL.A -,00001
US1940145022;A3DHHV;AKTIE;Ja;ENOVIS CORP.
US1941621039;850667;AKTIE;Ja;COLGATE-PALMOLIVE DL 1
US19459J1043;A14SUV;AKTIE;Ja;COLLEGIUM PHARMAC.DL-,001
US19624Y2000;A2P4CC;AKTIE;Ja;COLOPLAST SP.ADR 1/10 DK1
US1968501015;A14WZT;AKTIE;Ja;COLRUYT GROUP UNS.ADR 1/4
US1976411033;A2JJ7B;AKTIE;Ja;COLUMBIA FINANCIA DL-,01
US1985161066;912855;AKTIE;Ja;COLUMBIA SPORTSW. DL-,01
US1993331057;899458;AKTIE;Ja;COLUMBUS MCKINNON DL-,01
US1999081045;907784;AKTIE;Ja;COMFORT SYST. USA DL-,01
US20030N1019;157484;AKTIE;Ja;COMCAST CORP. A DL-,01
US2003401070;864861;AKTIE;Ja;COMERICA INC. DL 5
US2017231034;855786;AKTIE;Ja;COMMERCIAL METALS DL-,01
US2025976059;CB0L03;AKTIE;Ja;COMMERZBK AG SPONS.ADR
US2026081057;A0B7E5;AKTIE;Ja;COML VEHICLE GROUP DL-,01
US2027126000;A1JP2P;AKTIE;Ja;COMMONW.BK AUSTR.SP.ADRS
US20337X1090;A1W5SD;AKTIE;Ja;COMMSCOPE HLDG CO. INC.
US2036681086;939156;AKTIE;Ja;COMMUNITY HEALTH SYSTEMS
US20369C1062;A142P1;AKTIE;Ja;COM.HEALTHC.TR.INC.DL-,01
US2041661024;A0JL3S;AKTIE;Ja;COMMVAULT SYS INC DL-,01
US2042803096;A1J2CR;AKTIE;Ja;ST GOBAIN ADR 1/5/EO 4
US2043191079;A0YGRD;AKTIE;Ja;FIN.RICHE. A ADR 1/10/SF1
US2044096012;895236;AKTIE;Ja;CIA EN.GER.ADR PFD NV 1
US20440T3005;A2P0S7;AKTIE;Ja;CIA BRAS.DIS.SP.ADR/1
US20440W1053;907167;AKTIE;Ja;CIA SIDERURGICA ADR 1
US20441A1025;621975;AKTIE;Ja;CIA SANEAMENTO BA.ADR/2
US20441B7047;A400EY;AKTIE;Ja;C. PARAN. EN. SP.ADR/4
US2044291043;885057;AKTIE;Ja;CIA CERV. UNIDAS ADR/2
US2044481040;900844;AKTIE;Ja;CIA DE MIN. BUEN. B ADR 1
US20449X4016;A2DY1Q;AKTIE;Ja;COMPASS ADR/1 NEW LS -,10
US20451N1019;A0BKZZ;AKTIE;Ja;COMPASS MINER.INTL DL-,01
US20451W1018;A2QCDR;AKTIE;Ja;COMPASS PATHW SP.ADR
US20464U1007;A2QR0H;AKTIE;Ja;COMPASS INC.CL.A -,00001
US2053061030;575308;AKTIE;Ja;TRUBRIDGE INC.
US2057504092;A412B6;AKTIE;Ja;COMSTOCK INC. NEW O.N.
US2057683029;A2APM4;AKTIE;Ja;COMSTOCK RES INC. DL-,50
US2058262096;860733;AKTIE;Ja;COMTECH TELECOMM. DL-,10
US2058871029;861259;AKTIE;Ja;CONAGRA BRANDS INC. DL 5
US20602D1019;A2QG33;AKTIE;Ja;CONCENTRIX CORP. DL-,0001
US2067871036;A2DGMC;AKTIE;Ja;CONDUENT INC. DL-,01
US20717M1036;A3CS43;AKTIE;Ja;CONFLUENT INC.A DL-,00001
US2074101013;886793;AKTIE;Ja;CONMED CORP. DL-,01
US20825C1045;575302;AKTIE;Ja;CONOCOPHILLIPS DL-,01
US2091151041;911563;AKTIE;Ja;CONSOLIDATED EDISON
US21036P1084;871918;AKTIE;Ja;CONST.BRANDS A DL-,01
US21037T1097;A3DCXB;AKTIE;Ja;CONSTELLATION ENERGY
US21044C1071;A2JMXF;AKTIE;Ja;CONSTRUCTION PART DL-,001
US2107712000;879538;AKTIE;Ja;CONTINENTAL AG ADR 1/10
US21077C3051;A3D9VV;AKTIE;Ja;CONTEXTLOGIC INC.
US21077F1003;A1C9SC;AKTIE;Ja;CONTANGO ORE INC. DL-,01
US21077P1084;A3CWBU;AKTIE;Ja;CONTEXT THERAPEUT.DL-,001
US2123264093;A3D60D;AKTIE;Ja;CONTRAFECT CORP. DL-,0001
US21240E1055;A1W5BG;AKTIE;Ja;CONTR.VUEL.CO. ADR/10 CPO
US2166485019;A402VX;AKTIE;Ja;COOPER COS. INC. O.N.
US21676P1030;A1H5BU;AKTIE;Ja;COOPER STANDARD HL.DL-,01
US2172041061;893807;AKTIE;Ja;COPART INC.
US21833P3010;A3D54P;AKTIE;Ja;CORBUS P.H. NEW DL-,0001
US2183521028;529882;AKTIE;Ja;CORCEPT THERAPEUTICS INC.
US2186831002;928316;AKTIE;Ja;CORE MOLDING TECH. DL-,01
US21871N1019;A2DGL0;AKTIE;Ja;CORECIVIC INC. DL-,01
US21871X1090;A3DNJ2;AKTIE;Ja;COREBRIDGE FINANCIAL INC.
US21873S1087;A413X6;AKTIE;Nein;COREWEAVE INC. A DL-,0001
US21874A1060;A3E3TQ;AKTIE;Ja;CORE SCIENTIFIC NEW O.N.
US2189371006;A40ZGW;AKTIE;Ja;CORE NATURAL RESOURCES
US21900C3088;A2PF3G;AKTIE;Ja;CORMEDIX INC. DL-,001
US2193501051;850808;AKTIE;Ja;CORNING INC. DL -,50
US2197981051;A3DNGX;AKTIE;Ja;QUIDELORTHO DL-,001
US2199481068;A407W7;AKTIE;Ja;CORPAY INC.
US22041X1028;A2QBQA;AKTIE;Ja;CORSAIR GAMING DL -,0001
US22052L1044;A2PKRR;AKTIE;Ja;CORTEVA INC. DL -,01
US2210151005;A2AFXS;AKTIE;Ja;CORVUS PHARMAC. DL-,0001
US22113B1035;A2QQ5P;AKTIE;Ja;COSAN S.A. SP.ADR 1/4
US2214133058;A3DZZN;AKTIE;Ja;COSMOS HEALTH DL-,01
US22160K1051;888351;AKTIE;Ja;COSTCO WHOLESALE DL-,005
US22160N1090;922134;AKTIE;Ja;COSTAR GROUP INC. DL-,01
US2220702037;A1WY6X;AKTIE;Ja;COTY INC.CL.A DL -,01
US22207T1016;A3CVRP;AKTIE;Ja;COUCHBASE INC. DL-,00001
US22266M1045;A2QRZ7;AKTIE;Ja;COURSERA INC. DL -,00001
US22266T1097;A2QQZ2;AKTIE;Ja;COUPANG INC.CL.A DL-,0001
US2227955026;A2PL1S;AKTIE;Ja;COUSINS PTIES INC. DL 1
US22304D2071;A2DPX5;AKTIE;Ja;COVESTRO AG SP.ADR 1/2
US22410J1060;A0RD0J;AKTIE;Ja;CRACKER BARREL OLD DL-,01
US2244411052;A3DMZG;AKTIE;Ja;CRANE NXT CO. DL 1
US2246331076;884741;AKTIE;Ja;CRAWFORD + CO. B DL 1
US22530J3095;A3D9NP;AKTIE;Ja;CREATIVE REALITIES INC.
US2256551092;A2PZDL;AKTIE;Ja;CRESCENT CAP.BDC DL-,001
US2264061068;906164;AKTIE;Ja;CRESUD SA COM. IND.ADR/10
US22658D1000;A2QQ7C;AKTIE;Ja;CRICUT INC. CL.A DL-,001
US22663K1079;A2JQTJ;AKTIE;Ja;CRINETICS PHARM. DL-,001
US2267181046;A1W5UR;AKTIE;Ja;CRITEO SA SP.ADR1 EO-,025
US2270461096;A0HM52;AKTIE;Ja;CROCS INC. DL-,001
US2274831047;550897;AKTIE;Ja;CROSS COUNT.HEAL.DL-,0001
US22788C1053;A2PK2R;AKTIE;Ja;CROWDSTRIKE HLD. DL-,0005
US22822V1017;A12GN3;AKTIE;Ja;CROWN CASTLE INC.
US2283681060;252092;AKTIE;Ja;CROWN HOLDINGS INC. DL 5
US2289031005;900006;AKTIE;Ja;ARTIVION INC. DL-,01
US2290503075;A14THD;AKTIE;Ja;CRYOPORT INC. DL-,01
US22948Q1013;A2QHDC;AKTIE;Ja;CTO REALTY GROWTH NEW DL1
US22978P1066;A2JAT5;AKTIE;Ja;CUE BIOPHARM.INC. DL-,001
US2298991090;906913;AKTIE;Ja;CULLEN/FROST BANKE.DL-,01
US2310211063;853121;AKTIE;Ja;CUMMINS INC. DL 2,50
US2312693094;A3ETJD;AKTIE;Ja;CURIS INC. DL -,01
US23128Q1013;A40ND7;AKTIE;Nein;CURBLINE PPTYS CORP. O.N.
US23130Q1076;A2QFQU;AKTIE;Ja;CURIOSITYSTREAM A -,0001
US2315611010;850852;AKTIE;Ja;CURTISS-WRIGHT DL 1
US23204G1004;A1WZCH;AKTIE;Ja;CUSTOMERS BANCORP VTG DL1
US23254L8845;A418C5;AKTIE;Nein;CYCLACEL P. NEW25 DL-001
US23282W6057;A1W1KK;AKTIE;Ja;CYTOKINETICS INC. DL-,001
US23283M1018;A0YHA5;AKTIE;Ja;CYTODYN INC. DL -,01
US23283X2062;A12GDU;AKTIE;Ja;CYTOSORBENTS CORP. DL-,01
US23284F1057;A14158;AKTIE;Ja;CYTOMX THERAPEUTICS INC.
US23285D1090;A3CVW1;AKTIE;Ja;CYTEK BIOSCIENCES DL-,001
US23290P1057;A3CN4D;AKTIE;Ja;DNO ASA (UNSP.ADR)/10
US23291C1036;A2DGRK;AKTIE;Ja;DMC GLOBAL INC. DL-,05
US23292B1044;A3CTMC;AKTIE;Ja;D-MARKET E.S.+T.SP.ADR/1B
US23292E1082;A3CTLG;AKTIE;Ja;DIDI GLOBAL SP.ADR/0,25
US23304Y1001;903278;AKTIE;Ja;DBS GROUP ADR/4 SD 1
US23331A1097;884312;AKTIE;Ja;D.R.HORTON INC. DL-,01
US23331S1006;A14R4K;AKTIE;Ja;DHI GROUP INC.
US2333311072;853943;AKTIE;Ja;DTE EN. CO.
US23335Q1004;A1J0M3;AKTIE;Ja;DLH HOLDINGS CORP.DL-,001
US23341C1036;A3CTYU;AKTIE;Ja;DNB BK ASA (SP.ADR)
US23344D1081;A2P4Z8;AKTIE;Ja;DADA NEXUS LTD ADS
US23345V1070;A3D162;AKTIE;Ja;DR.ING.HCF PORSCHE UN.ADR
US23355L1061;A2DM8U;AKTIE;Ja;DXC TECHNOLOGY CO. DL-,01
US2338252073;A2DKLU;AKTIE;Ja;MERCEDES-BENZ GRP ADR/1/4
US23384L1017;A3C9BA;AKTIE;Ja;DAIMLER TRUCK SP.ADS/1/2
US2339121046;873135;AKTIE;Ja;DAILY JOURNAL CORP.DL-,01
US2342641097;923255;AKTIE;Ja;DAKTRONICS INC.
US2358252052;A0NC7J;AKTIE;Ja;DANA INC. DL -,01
US2358511028;866197;AKTIE;Ja;DANAHER CORP. DL-,01
US2363632066;A2AEFD;AKTIE;Ja;DANSKE BK (SP. ADRS) 1/2
US23636T1007;A0RM3A;AKTIE;Ja;DANONE S.A. ADR 1/5/O.N.
US23703Q2030;A1KAFV;AKTIE;Ja;DAQO NEW ENERGY CRP.ADR 5
US2371941053;895738;AKTIE;Ja;DARDEN REST. INC.
US2372661015;895117;AKTIE;Ja;DARLING INGRED.INC.DL-,01
US2375451083;901641;AKTIE;Ja;DASSAULT SYS SE ADR EO 1
US23804L1035;A2PSFR;AKTIE;Ja;DATADOG INC. A DL-,00001
US2381163052;A400EL;AKTIE;Ja;DATASEA INC. DL-,01
US2383371091;A1J5S8;AKTIE;Ja;DAVE+BASTERS ENTER.DL-,01
US23918K1088;897914;AKTIE;Ja;DAVITA INC. DL -,001
US2435371073;894298;AKTIE;Ja;DECKERS OUTDOOR DL-,01
US2441991054;850866;AKTIE;Ja;DEERE CO. DL 1
US24661P8077;A2PT5P;AKTIE;Ja;DELCATH SYS NEW DL-,01
US24664R2067;A2QN86;AKTIE;Ja;DELEK GP SP.ADR/1/0,1/O.N
US24665A1034;A2DY2Y;AKTIE;Ja;DELEK US HLDGS INC.DL-,01
US24703L2025;A2N6WP;AKTIE;Ja;DELL TECHS INC. C DL-,01
US2473617023;A0MQV8;AKTIE;Ja;DELTA AIR LINES INC.
US2480191012;860049;AKTIE;Ja;DELUXE CORP. DL1
US24823R1059;A2H9G8;AKTIE;Ja;DENALI THERAP.INC. DL-,01
US24869P1049;919416;AKTIE;Ja;DENNY'S CORP DL-,01
US24906P1093;A2AF0E;AKTIE;Ja;DENTSPLY SIRONA DL-,01
US2505651081;A2PGSF;AKTIE;Ja;DESIGNER BRANDS A
US25058X3035;A40AXJ;AKTIE;Nein;DESKTOP METAL INC. A O.N.
US25063F1075;A3DRVB;AKTIE;Ja;DESTINY TECH100 INC.
US2515421061;A0REPB;AKTIE;Ja;DEUTSCHE BOERSE ADR 1/10
US2515613048;910979;AKTIE;Ja;LUFTHANSA AG DM 5 ADR 1
US2515661054;879530;AKTIE;Ja;DEUTSCHE TELEKOM ADR 1
US25157Y2028;A0YF81;AKTIE;Ja;DEUTSCHE POST SPONS.ADR 1
US25161M1036;A2N4KH;AKTIE;Ja;DEUTSCHE WOHNEN ADRS/1/2
US25179M1036;925345;AKTIE;Ja;DEVON ENERGY CORP. DL-,10
US2521311074;A0D9T1;AKTIE;Ja;DEXCOM INC. DL-,001
US25243Q2057;899505;AKTIE;Ja;DIAGEO PLC ADR/4 LS -,25
US2527843013;A0EQ4U;AKTIE;Ja;DIAMONDROCK HOSP. DL-,01
US25278X1090;A1J6Y4;AKTIE;Ja;DIAMONDBACK ENERGY DL-,01
US2528281080;A3ERZ4;AKTIE;Ja;DIANTHUS THERAPEUTICS
US2533931026;662541;AKTIE;Ja;DICK'S SPORTING DL-,01
US2536512021;A3EQW7;AKTIE;Ja;DIEBOLD NIXDORF INC. NEW
US2537981027;878008;AKTIE;Ja;DIGI INTL INC. DL-,01
US25381B1017;A0RBRR;AKTIE;Ja;DIGIMARC CORP.NEW DL-,001
US2538681030;A0DLFT;AKTIE;Ja;DIGITAL REALTY TR. DL-,01
US25400W1027;A14MRK;AKTIE;Ja;DIGITAL TURBINE DL-,0001
US25401T6038;A3DR58;AKTIE;Ja;DIGITALBRIDGE GRP. DL-,01
US25402D1028;A2QRZ4;AKTIE;Ja;DIGITALOCEAN HLD.-,000025
US2540671011;861569;AKTIE;Ja;DILLARDS A DL-,01
US2544231069;A0Q3V8;AKTIE;Ja;DINE BRANDS GL.INC.DL-,01
US25445D1019;A3CTJA;AKTIE;Ja;DINGDONG CAYMAN 2ADR/3 A
US2545431015;858600;AKTIE;Ja;DIODES INC. DL -,666
US25460P2039;A3D1ZD;AKTIE;Ja;DIRECT COMMUNICATION SOL.
US2546871060;855686;AKTIE;Ja;DISNEY (WALT) CO.
US25525P1075;A2PXS1;AKTIE;Ja;DIVERSIFIED HLTHC.TR.-,01
US2561352038;659157;AKTIE;Ja;DR REDDYS LABS ADR/1 IR 5
US2561631068;A2JHLZ;AKTIE;Ja;DOCUSIGN INC DL-,0001
US25659T1079;A0DNCY;AKTIE;Ja;DOLBY LABORATOR.A DL-,001
US2566771059;A0YEES;AKTIE;Ja;DOLLAR GENER.CORP.DL-,875
US2567461080;A0NFQC;AKTIE;Ja;DOLLAR TREE INC. DL-,01
US25746U1097;932798;AKTIE;Ja;DOMINION ENERGY INC.
US25754A2015;A0B6VQ;AKTIE;Ja;DOMINOS PIZZA INC. DL-,01
US2575541055;A2JPBT;AKTIE;Ja;DOMO INC. CL.B DL-,001
US2576511099;859763;AKTIE;Ja;DONALDSON CO. DL 5
US25787G1004;A2AR3K;AKTIE;Ja;DONNELLEY FIN. SOL. DL-01
US25809K1051;A2QHEA;AKTIE;Ja;DOORDASH INC.CL.A -,00001
US25960R1059;A1CVGB;AKTIE;Ja;DOUGLAS DYNAMICS I.DL-,01
US25961D1054;A3C9E9;AKTIE;Ja;DOUGLAS ELLIMAN DL-,01
US25985W2044;A4081R;AKTIE;Ja;DOUYU INTL SPONS.ADRS ON
US2600031080;853707;AKTIE;Ja;DOVER CORP. DL 1
US2605571031;A2PFRC;AKTIE;Ja;DOW INC. DL-,01
US26142V1052;A3DL31;AKTIE;Ja;DRAFTKINGS INC. A -,0001
US26152H3012;A0MXRT;AKTIE;Ja;DRDGOLD LTD. RC 1 ADR/10
US2620771004;A2DJKS;AKTIE;Ja;DRIVE SHACK DL-,01
US26210C1045;A2JE48;AKTIE;Ja;DROPBOX INC CL. A
US26441C2044;A1J0EV;AKTIE;Ja;DUKE EN.CORP. DL -,001
US26484T1060;A2P587;AKTIE;Nein;DUN+BRADSTREET HLD.DL-,01
US26614N1028;A2PLC7;AKTIE;Ja;DUPONT DE NEMOURS INC. ON
US2666055007;A3DZZ2;AKTIE;Ja;DURECT CORP. DL-,001
US2668881061;A2DU7F;AKTIE;Ja;DUERR AG UNSP.ADR 1/5
US26740W1099;A3DSV9;AKTIE;Ja;D-WAVE QUANTUM DL-,0001
US2674751019;877158;AKTIE;Ja;DYCOM INDS INC. DL-,333
US2681582019;A12EV9;AKTIE;Ja;DYNAVAX TECHS DL-,001
US26817Q8868;A2PL13;AKTIE;Ja;DYNEX CAPITAL INC. DL-,01
US2683111072;908548;AKTIE;Ja;EDAP TMS S.A. ADR EO -,13
US2684371006;A3DJ7W;AKTIE;Ja;EDREAMS ODIGEO UNS.ADR/10
US26856L1035;A2ARZ4;AKTIE;Ja;E.L.F. BEAUTY INC DL-,01
US2686031079;A117LA;AKTIE;Ja;EL POLLO LOCO HLDG.DL-,10
US26874R1086;898285;AKTIE;Ja;ENI S.P.A. ADR/2 EO 1
US26875P1012;877961;AKTIE;Ja;EOG RESOURCES DL-,01
US2687801033;909855;AKTIE;Ja;E.ON SE O.N. ADR
US26884L1098;A0RFZL;AKTIE;Ja;EQT CORP.
US26884U1097;A1J78V;AKTIE;Ja;EPR PROPERTIES DL -,01
US2689481065;A0D9ZK;AKTIE;Ja;EAGLE BANCORP INC. DL-,01
US26969P1084;A0BLQZ;AKTIE;Ja;EAGLE MATLS DL -,01
US2732021017;A0RDEZ;AKTIE;Ja;EAST JP RAILW. ADR 1/6
US27616P3010;A417BU;AKTIE;Ja;EASTERLY GOVT P. NEW O.N.
US27627N1054;A2QD63;AKTIE;Ja;EASTERN BANKSHARES DL-,01
US2763171046;939208;AKTIE;Ja;EASTERN CO.
US2772761019;985160;AKTIE;Ja;EASTGRP PTIES DL -,0001
US2774321002;889082;AKTIE;Ja;EASTMAN CHEM. CO. DL-,01
US2774614067;A1W4RC;AKTIE;Ja;EASTMAN KODAK NEW DL 2,50
US2778562098;A1XAXY;AKTIE;Ja;EASYJET PLC SP.ADR NEW/4
US2786421030;916529;AKTIE;Ja;EBAY INC. DL-,001
US2787681061;A0NDYQ;AKTIE;Ja;ECHOSTAR CORP. A DL -,001
US2788651006;854545;AKTIE;Ja;ECOLAB INC. DL 1
US27900N1037;A3CTRY;AKTIE;Ja;ECO WAVE POW.GL. SP.ADR/8
US2791581091;A0Q9ZL;AKTIE;Ja;ECOPETROL S.A. ADR/20
US28035Q1022;A14UF4;AKTIE;Ja;EDGEWELL PERS.CARE DL-,01
US2810201077;887629;AKTIE;Ja;EDISON INTL
US28106W1036;A2AC4K;AKTIE;Ja;EDITAS MEDICINE DL-,0001
US28176E1082;936853;AKTIE;Ja;EDWARDS LIFESCIENCES
US28202V2079;A3ELKJ;AKTIE;Ja;EFFECTOR THERAP.CL.A NEW
US28238P1093;A0LBT4;AKTIE;Ja;EHEALTH INC. DL-,001
US2826444000;A4197U;AKTIE;Nein;EKSO BIONICS. NEW DL-,001
US2829141009;907912;AKTIE;Ja;8X8 DL-,001
US28414H1032;A2N6BH;AKTIE;Ja;ELANCO ANIMAL HEALTH.
US28531P2020;A3D3BQ;AKTIE;Ja;ELECTROCORE INC.NEW -,001
US2855121099;878372;AKTIE;Ja;EL. ARTS INC. DL-,01
US28617Y1010;A2N9WW;AKTIE;Ja;ELEKTA AB UNSP.ADR/1
US28618M1062;A2PDWL;AKTIE;Ja;ELEMENT SOLUTIONS INC.
US28657F1030;A3CY4J;AKTIE;Ja;ELICIO THERAP. DL-,01
US28852N1090;A2PFD8;AKTIE;Ja;ELLINGTON FINL INC.
US2885781078;A1T940;AKTIE;Ja;ELLINGTON CE. MTG SBI
US2901591022;A2QKN6;AKTIE;Ja;ELRINGKLINGER.UNSP.ADR/2
US29082A1079;A1C2PZ;AKTIE;Ja;EMBRAER S.A. ADR/4 O.N.
US29082K1051;A3DGNE;AKTIE;Ja;EMBECTA CORP. DL-,01
US29084Q1004;898814;AKTIE;Ja;EMCOR GRP INC. DL-,01
US29089Q1058;A0LC2W;AKTIE;Ja;EMERGENT BIOSOLNS DL-,001
US2910111044;850981;AKTIE;Ja;EMERSON EL. DL -,50
US29103W1045;A2PZ6B;AKTIE;Ja;EMERALD HLDG INC. DL-,01
US2921041065;A1W6FF;AKTIE;Ja;EMPIRE ST.REA.TR.A DL-,01
US29251M1062;A1T7BJ;AKTIE;Ja;ENANTA PHARMA.INC. DL-,01
US29258N2062;A14W0C;AKTIE;Ja;ENDESA ADR/ 1/2 EO 1,20
US29260V1052;A2JRLY;AKTIE;Ja;ENDAVA LTD. SP.ADR/1
US29261A1007;A2H9HM;AKTIE;Ja;ENCOMP.HEALT.CORP. DL-,01
US29265W2070;A0NCV1;AKTIE;Ja;ENEL S.P.A. ADR EO 1
US29268T5083;A3EJMU;AKTIE;Ja;ENERGY FOCUS INC. DL-0001
US29270J1007;A0NJUL;AKTIE;Ja;ENERGY RECOVERY DL -,001
US29272C2026;A3ERHQ;AKTIE;Ja;ENERGOUS CORP. NEW O.N.
US29272W1099;A14UHB;AKTIE;Ja;ENERGIZER HLDG.NEW DL-,01
US29275Y1029;A0B7EH;AKTIE;Ja;ENERSYS DL-,01
US2927651040;A2PY85;AKTIE;Ja;ENERPAC TOOL GRP A DL-,20
US29278D1054;A2AGY6;AKTIE;Ja;ENEL CHILE SA ADR REGS/50
US29280W1099;A3DEVQ;AKTIE;Ja;ENERGY VAULT H.A DL-,0001
US29286D1054;A14XKC;AKTIE;Ja;ENGIE ADR/1 EO 1
US29286U1079;A2ASWZ;AKTIE;Ja;ENGIE BRASIL ENER. ADR 1
US29332G1022;A3DNM9;AKTIE;Ja;ENHABIT INC. DL -,01
US29350E1047;A2PBYQ;AKTIE;Ja;RENOVARO INC. DL-,0001
US29355A1079;A1JC82;AKTIE;Ja;ENPHASE ENERGY INC.DL-,01
US29357K1034;A12D51;AKTIE;Ja;ENOVA INTL INC. DL-,01
US29358P1012;A0MSST;AKTIE;Ja;ENSIGN GROUP INC. DL-,001
US2935941078;A3CVS3;AKTIE;Ja;ENOVIX CORP. DL-,0001
US29362U1043;938201;AKTIE;Ja;ENTEGRIS INC. DL-,01
US29364G1031;889290;AKTIE;Ja;ENTERGY CORP. DL-,01
US29382R1077;938502;AKTIE;Ja;ENTRAVISION A DL-,0001
US29405E4061;A41091;AKTIE;Nein;ENVERIC BIOSCIEN. DL-,01
US2941001024;865607;AKTIE;Ja;ENZO BIOCHEM. INC. DL-,01
US29414B1044;A1JS9Q;AKTIE;Ja;EPAM SYSTEMS INC. DL-,001
US29415F1049;A2PN69;AKTIE;Ja;ENVISTA HOLDINGS DL-,01
US2942681071;923612;AKTIE;Ja;EPLUS INC. DL-,01
US2944291051;854618;AKTIE;Ja;EQUIFAX INC. DL 1,25
US29444U7000;A14M21;AKTIE;Ja;EQUINIX INC. DL-,001
US29446K1060;A2N7B3;AKTIE;Ja;EQUILLIUM INC. DL-,0001
US29446M1027;A2JLT6;AKTIE;Ja;EQUINOR ASA ADR/1 NK 2,50
US29452E1010;A2PX9L;AKTIE;Ja;EQUITABLE HLDGS DL-,01
US29472R1086;A0DNDJ;AKTIE;Ja;EQUITY LIFESTYLE P.DL-,01
US29476L1070;985334;AKTIE;Ja;EQUITY RESI. SBI DL-,01
US2948216088;765913;AKTIE;Ja;ERICSSON B (SPON.) ADR
US29605J1060;A3DG4P;AKTIE;Ja;ESAB CORP. DL -,001
US2963151046;880907;AKTIE;Ja;ESCO TECH.
US29664W1053;A1W1SJ;AKTIE;Ja;ESPER.THERAP.(NEW) DL-001
US29667K6038;A3E4JQ;AKTIE;Ja;ESPORTS ENTMT GRP DL-,001
US29670E1073;A2JN57;AKTIE;Ja;ESSENT.PRP.REAL.TR. -,01
US29670G1022;A2PZEK;AKTIE;Ja;ESSENTIAL UTILIC. DL-,50
US2971781057;891315;AKTIE;Ja;ESSEX PROP. TR. DL-,0001
US2972842007;A0YGMG;AKTIE;Ja;ESSILORLUXOTTICA 1/2/O.N.
US29786A1060;A14P98;AKTIE;Ja;ETSY INC. DL-,001
US2987361092;905247;AKTIE;Ja;EURONET WW. DL-,02
US29873D1046;A2P25Z;AKTIE;Ja;EUROBK ERGAS.ADR 1/2 NEW
US29975E1091;A2N5RU;AKTIE;Ja;EVENTBRITE CL.A DL-,00001
US29977A1051;A0KEXP;AKTIE;Ja;EVERCORE A DL -,01
US30034T1034;A14YWK;AKTIE;Ja;EVERI HLDGS INC. DL-,001
US30034W1062;A2JNBV;AKTIE;Ja;EVERGY INC.
US30040W1080;A14NE5;AKTIE;Ja;EVERSOURCE ENERGY DL 5
US30041T1043;A2AS0X;AKTIE;Ja;EVERSPIN TECHN. DL -,0001
US30049A1079;A0NJKM;AKTIE;Ja;EVOLUTION PETROL. DL-,001
US30049G3020;A40F8L;AKTIE;Ja;EVOKE PHARMA INC.DL-,0001
US3005031097;A2P69G;AKTIE;Ja;EVONIK INDUST.(U.ARD)2
US30050B1017;A14UCN;AKTIE;Ja;EVOLENT HEALTH A DL-,01
US30050E1055;A0QZ3J;AKTIE;Ja;EVOTEC SE ADR 1/2 O.N.
US30051E1047;A2QCAH;AKTIE;Ja;EVOLUTION AB UNSP.ADR/1
US30052C1071;A2JDYX;AKTIE;Ja;EVOLUS INC. DL-,00001
US30063P1057;590273;AKTIE;Ja;EXACT SCIEN. DL-,01
US30068X1037;A2PRXT;AKTIE;Ja;EXAGEN INC. DL-,001
US30161N1019;852011;AKTIE;Ja;EXELON CORP.
US30161Q1040;936718;AKTIE;Ja;EXELIXIS INC. DL-,01
US30162V8054;A3EEVY;AKTIE;Nein;EXELA TECHS INC. DL-,0001
US30205M3097;A40L5C;AKTIE;Ja;EXICURE INC. DL-,0001
US3020811044;A0LB2A;AKTIE;Ja;EXLSERVICE HLDGS DL-,001
US30212P3038;A1JRLJ;AKTIE;Ja;EXPEDIA GRP INC. DL-,0001
US30212W1009;A2H6LH;AKTIE;Ja;EXP WORLD HLDG DL-,00001
US3021301094;875272;AKTIE;Ja;EXPEDITORS INTL WASH.DL01
US30214U1025;880114;AKTIE;Ja;EXPONENT INC. DL -,0001
US30215C1018;A0LC8V;AKTIE;Ja;EXPERIAN PLC ADR
US30219E2028;A3ETCY;AKTIE;Ja;EXPRESS INC. NEW DL-,01
US30225T1025;A0B7S6;AKTIE;Ja;EXTRA SPACE ST.SBI DL-,01
US30226D1063;920402;AKTIE;Ja;EXTREME NETWORKS DL-,001
US3023011063;882641;AKTIE;Ja;EZCORP INC. A DL-,01
US30231G1022;852549;AKTIE;Ja;EXXON MOBIL CORP.
US30233G2093;A2QJRU;AKTIE;Ja;EYEPOINT PHARMAC. DL-,01
US3024913036;871138;AKTIE;Ja;FMC CORP. DL-,10
US3024921039;A3CQ3K;AKTIE;Ja;FLYWIRE CORP. DL -,0001
US30257X1046;A2AR4E;AKTIE;Ja;FB FINANCIAL CORP. DL 1
US3026352068;A2P6TH;AKTIE;Ja;FS KKR CAP CORP. DL -,001
US3029411093;907337;AKTIE;Ja;FTI CONSULTING DL-,01
US30303M1027;A1JWVX;AKTIE;Ja;META PLATF. A DL-,000006
US3030751057;901629;AKTIE;Ja;FACTSET RESH SYS DL-,01
US30320C3016;A40V4M;AKTIE;Ja;FTC SOLAR INC. NEW O.N.
US3032501047;873369;AKTIE;Ja;FAIR ISAAC CORP. DL-,01
US3073051027;A0YEKG;AKTIE;Ja;FANUC CORP.UNSP.ADR 1/10
US3073598852;A40L1K;AKTIE;Nein;FAR.FUT.IN.A NEW DL-,0001
US31154R1095;A1XE4J;AKTIE;Ja;FARMLAND PARTNERS DL-,01
US3116421021;909382;AKTIE;Ja;FARO TECHS INC. DL-,001
US31188V1008;A2PH9T;AKTIE;Ja;FASTLY INC. CL.ADL-,00002
US31189P1021;A1W50M;AKTIE;Ja;FATE THERAPEUTICS DL-,001
US3119001044;887891;AKTIE;Ja;FASTENAL CO. DL-,01
US3131483063;938456;AKTIE;Ja;FEDERAL AGRICULTURAL C
US3134003017;876872;AKTIE;Ja;FED. HOME LN MTGE O.N.
US3135861090;856099;AKTIE;Ja;FED.NATL MTGE ASS.
US3138551086;857967;AKTIE;Ja;FED. SIGNAL CORP. DL 1
US3142111034;914304;AKTIE;Ja;FEDERATED HERMES
US31428X1063;912029;AKTIE;Ja;FEDEX CORP. DL-,10
US31488V1070;A408VE;AKTIE;Ja;FERGUSON ENTERPRISES INC.
US3156161024;922977;AKTIE;Ja;F5 O.N.
US31620M1062;A0H1FP;AKTIE;Ja;FIDELITY NATL INF. SVCS
US31620R3030;A1166U;AKTIE;Ja;FIDELITY NATL FINL. FNF
US3165001070;A1JCGJ;AKTIE;Ja;FIDUS INVEST.CORP.DL-,001
US31660D1072;A2QE5Q;AKTIE;Ja;FIELMANN AG (ADR/1/5)O.N.
US3167731005;875029;AKTIE;Ja;FIFTH THIRD BANCORP
US31810T1016;A2PWCC;AKTIE;Ja;FINVOLUTION GRP (SP.ADR)
US31846B1089;A3CR1M;AKTIE;Ja;FIRST ADVANTAGE DL-,001
US31847R1023;A1C0EH;AKTIE;Ja;FIRST AMERN FIN. CORP.
US31931U1025;A1XBPP;AKTIE;Ja;FIRST BANK DL-01
US31946M1036;925298;AKTIE;Ja;FIRST CITIZ.BCSHS A DL1
US32020R1095;923774;AKTIE;Ja;FIRST FIN. BANKSHS DL-,01
US32026V1044;A12EWX;AKTIE;Ja;FIRST FOUNDATION DL-,001
US3205171057;A0CAN7;AKTIE;Ja;FIRST HORIZON DL-,625
US32051X1081;A2APM9;AKTIE;Ja;1ST HAWAIIAN INC. DL-,01
US3205571017;A0JKC8;AKTIE;Ja;FIRST INTERN.BANCO.DL-,01
US32055Y2019;A1CVGL;AKTIE;Ja;FRST INTERSTATE BANCSYS A
US3358892004;797774;AKTIE;Ja;FIRST PAC. ADR /5 DL -,01
US3364331070;A0LEKM;AKTIE;Ja;FIRST SOLAR INC. D -,001
US33768G1076;A3C9LA;AKTIE;Ja;FIRSTCASH HLDGS INC.DL-01
US3377381088;881793;AKTIE;Ja;FISERV INC. DL-,01
US3379321074;910509;AKTIE;Ja;FIRSTENERGY DL 10
US33829M1018;A1JZ18;AKTIE;Ja;FIVE BELOW INC. DL -,01
US3383071012;A1XFG9;AKTIE;Ja;FIVE9 INC. DL-,01
US33830Q2084;A40YYW;AKTIE;Nein;5E ADVANCED MATLS NEW
US33939J3032;A2ATWV;AKTIE;Ja;FLEXSHOPPER NEW DL-,001
US3397501012;A2DQHZ;AKTIE;Ja;FLOOR + DECOR CL.A -,001
US3434121022;591332;AKTIE;Ja;FLUOR CORP. (NEW) DL-,01
US3434981011;632326;AKTIE;Ja;FLOWERS FOODS INC. DL-,01
US34354P1057;864999;AKTIE;Ja;FLOWSERVE CORP. DL 1,25
US34379V1035;A3C6A3;AKTIE;Ja;FLUENCE ENER. CL.A-,00001
US34385P1084;A0RADJ;AKTIE;Ja;STANDARD BIOT. DL -,001
US3444153023;A14W0D;AKTIE;Ja;FORM.DE C.Y C.ADR 1/5/EO1
US3444191064;915671;AKTIE;Ja;FOM.ECO.MEX.S.D.CV ADR/10
US3448491049;877539;AKTIE;Ja;FOOT LOCKER DL-,01
US3453708600;502391;AKTIE;Ja;FORD MOTOR DL-,01
US3455232039;A3ECHE;AKTIE;Ja;FORESIGHT AUT.S.ADR30/IS1
US3462321015;A2H5CR;AKTIE;Ja;FORESTAR GROUP INC. DL 1
US3463751087;577767;AKTIE;Ja;FORMFACTOR INC. DL-,001
US34959A2069;A1J4D1;AKTIE;Ja;FORTESCUE LTD. SP.ADR 2
US34959E1091;A0YEFE;AKTIE;Ja;FORTINET INC. DL-,001
US34959J1088;A2AJ0F;AKTIE;Ja;FORTIVE CORP. DL-,01
US34962G2084;A40MGA;AKTIE;Ja;FORTE BIOSCIENCES INC.
US34964C1062;A1JE0N;AKTIE;Ja;FORTUNE BRANDS INNOVATION
US34965K1079;A3ECGB;AKTIE;Ja;FORTREA HOLDINGS DL-,001
US34984V2097;A2QJA0;AKTIE;Ja;FORUM ENERGY TECH. DL-,01
US34988V1061;A1W0DE;AKTIE;Ja;FOSSIL GROUP INC. DL-,01
US35086T1097;A142WX;AKTIE;Ja;FOUR CORNERS PROPERTY TR.
US35137L1052;A2PF3K;AKTIE;Ja;FOX CORP. A DL-,01
US35137L2043;A2PF3T;AKTIE;Ja;FOX CORP. B DL-,01
US35138V1026;A1W2J8;AKTIE;Ja;FOX FACTORY HLDG DL-,001
US35243J1016;A3C5PP;AKTIE;Ja;FRANKLIN BSP RE.TR DL-,01
US3535141028;877518;AKTIE;Ja;FRANKLIN EL. DL-,10
US3546131018;870315;AKTIE;Ja;FRANKLIN RES INC. DL-,10
US35471R1068;A0JLZU;AKTIE;Ja;FRANKLIN ST.PPTYS DL-0001
US35546M1080;A2P3PE;AKTIE;Ja;FRAPORT AG ADR 2/1 O.N.
US3563901046;A2DW84;AKTIE;Ja;FREEDOM HLDG DL-,001
US35671D8570;896476;AKTIE;Ja;FREEPORT-MCMORAN INC.
US3570231007;A0D890;AKTIE;Ja;FREIGHTCAR AMER. DL-,01
US3580101067;858079;AKTIE;Ja;FREQUENCY EL. INC. DL 1
US3580291066;879529;AKTIE;Ja;FRESENIUS MD.CARE ADR 1/2
US3580391056;A12ENX;AKTIE;Ja;FRESHPET INC. DL-,001
US35804M1053;A1XCZQ;AKTIE;Ja;FRESENIUS SE+CO. ADR 1/4
US3580541049;A3C28Z;AKTIE;Ja;FRESHWORKS CL.A DL-,00001
US35834F1049;A3E3UN;AKTIE;Nein;T1 ENERGY INC. O.N.
US3584391078;A3DGB5;AKTIE;Ja;FRIEDR.VORW.GRP. ADR/0,25
US35905A1097;A2N6K1;AKTIE;Ja;FRONTDOOR INC. DL-,01
US35909R1086;A2DS7T;AKTIE;Ja;FRONTIER GROUP HLDGS INC.
US3595231073;A0LB74;AKTIE;Ja;FUEL TECHS INC. DL-,01
US35952H7008;A40CAW;AKTIE;Ja;FUELCELL ENERGY NEW O.N.
US3596641098;A2AS4N;AKTIE;Ja;FULGENT GENETICS DL-,0001
US3596941068;861402;AKTIE;Ja;FULLER -H.B. CO. DL 1
US35969L1089;A3CSXZ;AKTIE;Ja;FULL TRUCK AL. SP.ADR/20
US3610081057;A2H63G;AKTIE;Ja;FUNKO INC. CL.A DL -,0001
US36116M1062;A0YHQB;AKTIE;Ja;FUTUREFUEL CORP. DL-,0001
US36118L1061;A2PCBR;AKTIE;Ja;FUTU HOLDINGS SP.ADR/1
US3614481030;851137;AKTIE;Ja;GATX CORP. DL-,625
US36151G6008;A401UY;AKTIE;Ja;INTELLIGENT BIO SOL.INC.
US36162J1060;A11662;AKTIE;Ja;GEO GROUP INC. DL -,01
US36165A1025;A2P8CL;AKTIE;Ja;GEE GROUP INC.
US36165L1089;A2DFYV;AKTIE;Ja;GDS HLDGS LTD.CL.A ADR/8
US36237H1014;890380;AKTIE;Ja;G-III APPAREL GRP DL-,01
US36254L3087;A402U5;AKTIE;Nein;GT BIOPHARMA INC. DL-,001
US36257Y1091;A2PLR7;AKTIE;Ja;GAOTU TECHEDU S.ADR2/3
US36262G1013;A3CU51;AKTIE;Ja;GXO LOGISTICS INC. DL-,01
US36266G1076;A3D3G6;AKTIE;Ja;GE HEALTHC.TECH.INC. -,01
US36268T2069;164338;AKTIE;Ja;GAIL (INDIA) GDR/6 IR 10
US36315X1019;A0YGNJ;AKTIE;Ja;GALAPAGOS N.V. ADR 1
US36317J2096;A41986;AKTIE;Nein;GALAXY DIGITAL DL-,01
US3632252025;A1JV3R;AKTIE;Ja;GALECTIN THERA. DL-,01
US3635761097;869761;AKTIE;Ja;GALLAGHER , A.J. DL 1
US36467J1088;A1W6DM;AKTIE;Ja;GAMING + LEISURE PROP.
US36467W1099;A0HGDX;AKTIE;Ja;GAMESTOP CORP. A
US36467X2062;A2PA3E;AKTIE;Ja;GENTOO MEDIA INC. DL 1
US36468G1031;A4054T;AKTIE;Ja;GAMESQUARE HLDGS INC.O.N.
US36472T1097;A2PVRP;AKTIE;Ja;GANNETT CO. INC. DL-,01
US3647601083;863533;AKTIE;Ja;GAP INC. DL-,05
US3665051054;A2N5QP;AKTIE;Ja;GARRETT MOTION DL -,001
US3666511072;887957;AKTIE;Ja;GARTNER INC. DL -,0005
US36828A1016;A404PC;AKTIE;Ja;GE VERNOVA INC.
US36840V1098;A2PM5R;AKTIE;Ja;GEBERIT AG ADR 1/10/SF-,1
US36847Q1031;A1CS02;AKTIE;Ja;GEELY AUTO.H.ADR/20 HD-02
US36872P1030;A2PYQY;AKTIE;Ja;GENASYS INC. DL-,00001
US3687361044;A0YGR4;AKTIE;Ja;GENERAC HOLDINGS INC.
US36930V1008;A14VV9;AKTIE;Nein;TREES CORP.
US3695501086;851143;AKTIE;Ja;GENL DYNAMICS CORP. DL 1
US3696043013;A3CSML;AKTIE;Ja;GE AEROSPACE DL -,06
US3703341046;853862;AKTIE;Ja;GENL MILLS DL -,10
US37045V1008;A1C9CM;AKTIE;Ja;GENERAL MOTORS DL-,01
US3715321028;851167;AKTIE;Ja;GENESCO INC. DL 1
US3719011096;868891;AKTIE;Ja;GENTEX CORP. DL-,06
US3722791098;A2PFG5;AKTIE;Ja;GENFIT S.A. ADR/1 EO-,25
US3722842081;A1JMHT;AKTIE;Ja;GENIE ENERGY LTD B DL-,01
US37229T5092;A3D6A1;AKTIE;Ja;KARTOON STUD. NEW DL-,001
US3723032062;A1WZYB;AKTIE;Ja;GENMAB AS SP.ADR/1/10DK 1
US3724462037;A3E3Z3;AKTIE;Ja;GENPREX INC. DL-,0001
US3724601055;858406;AKTIE;Ja;GENUINE PARTS DL 1
US37247D1063;A0CA8M;AKTIE;Ja;GENWORTH FIN. DL-,001
US37253A1034;A1J4AC;AKTIE;Ja;GENTHERM INC. A
US3736786068;A401UX;AKTIE;Nein;GEOVAX LABS NEW DL -,001
US3737371050;915270;AKTIE;Ja;GERDAU S.A. PFD ADR 1
US3741631036;902213;AKTIE;Ja;GERON CORP. (DEL.) DL-001
US37427X1046;A1T7HJ;AKTIE;Ja;GETINGE AB (UNSP.ADR)
US3742971092;929043;AKTIE;Ja;GETTY RLTY CORP. DL-,01
US3743964062;A2DH1V;AKTIE;Ja;GEVO INC. DL-,01
US3755581036;885823;AKTIE;Ja;GILEAD SCIENCES DL-,001
US37636P1084;A0RMT2;AKTIE;Ja;GIVAUDAN ADR 1/50/SF 10
US37636X1019;A3DGB0;AKTIE;Ja;GJENSIDIGE FORSI.UNSP.ADR
US37637K1088;A3C5G2;AKTIE;Ja;GITLAB CL.A DL-,0000025
US3765358789;A407FM;AKTIE;Ja;GLADSTONE CAP CORP. NEW
US3765361080;260884;AKTIE;Ja;GLADSTONE COMM. DL-,01
US3765461070;A0KES9;AKTIE;Ja;GLADSTONE INV.CORP.DL-001
US3765491010;A1KCL7;AKTIE;Ja;GLADSTONE LAND CO.DL-,001
US3773221029;A14VCK;AKTIE;Ja;GLAUKOS CORP. DL-,001
US37733W2044;A3DMHS;AKTIE;Ja;GSK PLC SP. ADR/2 NEW
US37827X1000;A1WY82;AKTIE;Ja;GLENCORE PLC ADR 2 DL-,01
US37892C1062;A3CPAL;AKTIE;Ja;GLIMPSE GROUP INC. -,001
US3789735079;A40Z0V;AKTIE;Ja;GLOBALSTAR INC. O.N.
US3793782018;A2DL1B;AKTIE;Ja;GLOBAL NET LEASE DL-,01
US37940X1028;603111;AKTIE;Ja;GLOBAL PAYMENTS INC.
US37949E2046;A0NJ9S;AKTIE;Ja;GLOBALTRANS INV.GDR REG S
US37954A2042;A2AS44;AKTIE;Ja;GLOBAL MEDIC.REIT DL-,001
US3795772082;A1J2LY;AKTIE;Ja;GLOBUS MED.A NEW DL -,001
US37959E1029;A2PP68;AKTIE;Ja;GLOBE LIFE INC. DL 1
US38000Q1022;A1W8HZ;AKTIE;Ja;GLYCOMIMETICS INC. DL-001
US3802371076;A14QAF;AKTIE;Ja;GODADDY INC. CL.A DL-,001
US38046C1099;A1W078;AKTIE;Ja;GOGO INC. DL-,0001
US38059T1060;862484;AKTIE;Ja;GOLD FIELDS ADR/1 RC-,50
US38068T1051;A0LCTL;AKTIE;Ja;GOLD RES CORP. DL-,001
US3810131017;A14XX5;AKTIE;Ja;GOLDEN ENTERTAINM. DL-,01
US3811194030;A3EHBF;AKTIE;Ja;GOLDEN MINERALS CO.DL-,01
US38141G1040;920332;AKTIE;Ja;GOLDMAN SACHS GRP INC.
US38147U1079;A14P76;AKTIE;Ja;GOLDMAN SACHS BDC DL-,001
US38173M1027;A1CXEA;AKTIE;Ja;GOLUB CAPITAL BDC DL-,001
US3825501014;851204;AKTIE;Ja;GOODYEAR TIRE RUBBER
US38267D1090;A2JNTN;AKTIE;Ja;GOOSEHEAD INS. CL.ADL-,01
US38268T1034;A1XE7G;AKTIE;Ja;GOPRO INC. A DL -,0001
US3830821043;880054;AKTIE;Ja;GORMAN-RUPP CO.
US38341P1021;A2PCBS;AKTIE;Ja;GOSSAMER BIO INC.
US3841091040;859357;AKTIE;Ja;GRACO INC. DL 1
US3843135084;A2JH5G;AKTIE;Ja;GRAFTECH INTL. LTD DL-,01
US3845561063;857127;AKTIE;Ja;GRAHAM CORP. DL-,10
US3846371041;A1W9DT;AKTIE;Ja;GRAHAM HLDGS CO.
US3847471014;A40F8M;AKTIE;Ja;GRAIL INC. DL-,01
US3848021040;857498;AKTIE;Ja;GRAINGER (W.W.) INC. DL 1
US38500T2006;A3EDT1;AKTIE;Ja;GRAN TIERRA ENER. DL-,001
US38526M1062;A0Q8E2;AKTIE;Ja;GRAND CANYON EDUCAT. INC.
US3873281071;879080;AKTIE;Ja;GRANITE CONSTR. DL-,01
US38741L1070;A2DXZE;AKTIE;Ja;GRANITE PT MTG TR. DL-,01
US38867H2031;A413D8;AKTIE;Nein;GRAPHEX GROUP SP.ADR/20
US38911N2062;A14SPA;AKTIE;Ja;GRAVITY CO.LTD ADR/1SW500
US3893751061;902961;AKTIE;Ja;GRAY MEDIA INC. DL-01
US3906071093;A0LG02;AKTIE;Ja;GREAT LA.DR.+DO.NEW DL-01
US39137B1098;A1T9NA;AKTIE;Ja;GREAT WALL MOTOR H ADR/10
US3927091013;A12EA8;AKTIE;Ja;GREEN BRICK PART. DL-,01
US3932221043;A0JJ1Q;AKTIE;Ja;GREEN PLAINS INC.
US3936571013;891600;AKTIE;Ja;GREENBRIER COS DL-,001
US3953304009;A40H90;AKTIE;Ja;GREENLANE HLD.INC.DL -,01
US3976241071;866263;AKTIE;Ja;GREIF INC. CL.A
US3984331021;856788;AKTIE;Ja;GRIFFON CORP. DL-,25
US3984382008;A1C3HH;AKTIE;Ja;GRIFOLS ADR 1/2/EO-,50
US3984384087;A1J1E2;AKTIE;Ja;GRIFOLS SP.ADR B EO-,10 1
US3989051095;910163;AKTIE;Ja;GROUP 1 AUTOM. DL-,01
US3994571004;A14WZU;AKTIE;Ja;GR.BRUX.LAM.UNSP.ADR 1/10
US3994732069;A2P6UE;AKTIE;Ja;GROUPON INC. DL-,0001
US3999091008;940699;AKTIE;Ja;GRUPO FIN. GALICIA B ADR
US4004911065;893638;AKTIE;Ja;GRUPO SIM. S.A.B. B ADR/3
US40049J2069;888781;AKTIE;Ja;GRUPO TELEVISA ADR/5 CPO
US4005011022;A0LFER;AKTIE;Ja;GR.AERO.D.CEN.NOR.B ADR/8
US4005061019;A0JDTM;AKTIE;Ja;GRUPO AERO.D.PAC.B ADR/10
US40051E2028;579253;AKTIE;Ja;GRUPO AEROPORTU. B ADR/10
US40053W1018;A12A8M;AKTIE;Ja;GRUPO AV.ACC.V.ADR/20 KP1
US40054A1088;A2AC61;AKTIE;Ja;GR.SUPERVIELLE B SP.ADR
US40131M1099;A2N5RY;AKTIE;Ja;GUARDANT HEALTH CL. A
US4016171054;902204;AKTIE;Ja;GUESS INC.
US40171V1008;A1JS4X;AKTIE;Ja;GUIDEWIRE SOFTWA.DL-,0001
US4026355028;A3CQZY;AKTIE;Ja;GULFP.EN.OP. NEW21 DL-,01
US4039491000;A3DHPC;AKTIE;Ja;HF SINCLAIR CORP. DL-,01
US40412C1018;A1JFMW;AKTIE;Ja;HCA HEALTHCARE INC.DL-,01
US40415F1012;694482;AKTIE;Ja;HDFC BANK LTD ADR/3 IR 10
US4042511000;A0CA2A;AKTIE;Ja;HNI CORP. DL 1
US4042804066;924153;AKTIE;Ja;HSBC HLDGS PLC ADR/5DL-50
US40432G2075;A0RGRD;AKTIE;Ja;HTC CORP. GDR REG S/4
US40434L1052;A142VP;AKTIE;Ja;HP INC DL -,01
US4050241003;881782;AKTIE;Ja;HAEMONETICS CORP. DL-,01
US4052171000;908170;AKTIE;Ja;HAIN CELESTIAL GRP DL-,01
US40523H1068;A3C9LR;AKTIE;Ja;HAIER SM.HME UNSP.ADR/4
US4055521003;A3DNV1;AKTIE;Ja;HALEON PLC ADR O.N.
US40609P1057;A1CUUM;AKTIE;Ja;HALLADOR ENERGY DL-,01
US4062161017;853986;AKTIE;Ja;HALLIBURTON CO. DL 2,50
US40637H1095;A0DLHS;AKTIE;Ja;HALOZYME THERAPEU.DL-,001
US4074971064;A2DM1T;AKTIE;Ja;HAMILTON LANE INC DL-,001
US4103451021;A0KEQF;AKTIE;Ja;HANESBRANDS INC. DL -,01
US41043M1045;A0DK8L;AKTIE;Ja;HANG LUNG PPTYS ADR/5
US41068X1000;A1T9C5;AKTIE;Ja;HA SUST.INFRA.CAP DL-,01
US4106931052;A0CBFZ;AKTIE;Ja;HANN.RUECKV.ADR 0,16666
US41135Q1040;A2P60S;AKTIE;Ja;HAPAG-LLOYD UNSP.ADR 1/2
US41165Y1001;A2PPTS;AKTIE;Ja;HARBORONE BANCORP DL-,01
US4128221086;871394;AKTIE;Ja;HARLEY-DAVID.INC. DL -,01
US4131601027;895791;AKTIE;Ja;HARMONIC DL-,001
US4132163001;864439;AKTIE;Ja;HARMONY GD MNG ADRRC,-50
US4158641070;851271;AKTIE;Ja;ENVIRI CORP. DL 1,25
US4165151048;898521;AKTIE;Ja;HARTFORD INSURANCE GROUP
US4169061052;578107;AKTIE;Ja;HARVARD BIOSCIENCE DL-,01
US4180561072;859888;AKTIE;Ja;HASBRO INC. DL-,50
US4195961010;889712;AKTIE;Ja;HAVERTY FURNITURE DL 1
US4198701009;868056;AKTIE;Ja;HAWAIIAN EL. IND.
US4202611095;923728;AKTIE;Ja;HAWKINS INC. DL-,05
US4219061086;870932;AKTIE;Ja;HEALTHCARE SVCS GRP.DL-01
US42222N1037;927014;AKTIE;Ja;HEALTHSTREAM INC. DL-,01
US42225T1079;A2PH3J;AKTIE;Ja;HEALTH CATALYST INC.
US42226A1079;A119D1;AKTIE;Ja;HEALTHEQUITY INC.DL-,0001
US42226K1051;A3DQHT;AKTIE;Ja;HEALTHCARE REAL. A DL-,01
US42250P1030;A2N5NP;AKTIE;Ja;HEALTHPEAK PROP.INC. DL 1
US4227041062;854693;AKTIE;Ja;HECLA MNG DL-,25
US4228061093;889997;AKTIE;Ja;HEICO CORP. DL-,01
US4228062083;914043;AKTIE;Ja;HEICO CORP. A DL-,01
US4228191023;920930;AKTIE;Ja;HEIDRICK+STRUG.INTL DL-01
US42281P3047;A40Y2Q;AKTIE;Ja;HEIDEL.MAT. SP.ADR 1/5
US42281Q1040;A0YGZH;AKTIE;Ja;HEIDELB.DRUCK.UNS.ADR 1/2
US4230081014;A1W8D3;AKTIE;Ja;HEIN.HO.SP.ADR 1/2 EO1,60
US4230123014;A1KAFY;AKTIE;Ja;HEINEKEN SP. ADR 1/2
US42309B6002;A3EYZF;AKTIE;Ja;MICROMOBIL.CL.A DL-,00001
US42328V8845;A416QN;AKTIE;Nein;HELIUS MED.TEC.A NEW 2025
US42330P1075;A0JD3R;AKTIE;Ja;HELIX ENERGY SOLUTIONS
US4234031049;A3CWEW;AKTIE;Ja;HELL.UNSP.ADR A1 DL-,0001
US42341P1049;A3CU0F;AKTIE;Ja;HELLOFRESH UNSP.ADS/0,25
US4234521015;851292;AKTIE;Ja;HELMERICH PAYNE DL-,10
US4251663039;911949;AKTIE;Ja;HENDERSON LAND DEV. ADR 1
US42550U1097;879539;AKTIE;Ja;HENKEL AG CO.KGAA ADR 4/1
US42550U2087;A0DPR3;AKTIE;Ja;HENKEL AG+CO.KGAA VZ ADR
US4258831050;A0YGZG;AKTIE;Ja;H+M HEN.+MAU.UNSP.ADR 1/5
US4262811015;888286;AKTIE;Ja;JACK HENRY + ASS. DL -,01
US4268974015;A4142W;AKTIE;Ja;HEPION PHARMACEUT.DL-,001
US42701C1071;A3CNVP;AKTIE;Ja;HENSOLDT AG UNSP. ADS
US42704L1044;A2ALR9;AKTIE;Ja;HERC HOLDINGS INC. DL-,01
US4270965084;A0ERTZ;AKTIE;Ja;HERCULES CAP INC. DL-,001
US42751Q1058;A1J2CU;AKTIE;Ja;HERMES INTL UNSP.ADR 1/10
US4277461020;A1XB6K;AKTIE;Ja;HERON THERAPEUTICS DL-,01
US4278661081;851297;AKTIE;Ja;HERSHEY CO. DL 1
US4280501085;A3D6RC;AKTIE;Ja;HESAI GROUP SP.ADR/1 CL.B
US42806J7000;A3CSN0;AKTIE;Ja;HERTZ GL. HOLD. INC. NEW
US42809H1077;A0JMQL;AKTIE;Ja;HESS CORP. DL 1
US42824C1099;A140KD;AKTIE;Ja;HEWLETT PACKARD ENT.
US4282631070;A2PDZF;AKTIE;Ja;HEXAGON AB ADR/1
US4282911084;894306;AKTIE;Ja;HEXCEL CORP. DL-,01
US43114Q1058;A2P9A4;AKTIE;Ja;HIGHPEAK ENERGY DL-,0001
US4312841087;891252;AKTIE;Ja;HIGHWOODS PROP. DL-,01
US4315711089;A0NHFB;AKTIE;Ja;HILLENBRAND IND.
US43283X1054;A2AQ05;AKTIE;Ja;HILTON GRAND VACAT. DL-01
US43289P1066;A0JKBX;AKTIE;Ja;HIMAX TECH.INC. ADR 1
US4330001060;A2QMYY;AKTIE;Ja;HIMS+HERS HERS A DL-,0001
US43300A2033;A2DH1A;AKTIE;Ja;HILTON WORLD.HDGS DL -,01
US4333231029;916685;AKTIE;Ja;HINGHAM INSTN SVGS DL 1
US43475E1055;A3CRL8;AKTIE;Ja;HOLCIM NEW(U.ADR)1/5/SF2
US43538H1032;A3CVQD;AKTIE;Ja;HOLLEY INC. DL -,0001
US4364401012;879100;AKTIE;Ja;HOLOGIC INC. DL-,01
US4370761029;866953;AKTIE;Ja;HOME DEPOT INC. DL-,05
US4380908057;A2N7M5;AKTIE;Ja;HON HAI PR.IND.SP.GDR S/1
US4381283088;858326;AKTIE;Ja;HONDA MOTOR ADR 1/3 O.N.
US4385161066;870153;AKTIE;Ja;HONEYWELL INTL DL1
US43940T1097;A2APQQ;AKTIE;Ja;HOPE BANCORP INC. DL-,001
US4403271046;882987;AKTIE;Ja;HORACE MANN EDUC. DL-,001
US4404521001;850875;AKTIE;Ja;HORMEL FOODS DL-,01465
US44107P1049;918239;AKTIE;Ja;HOST HOTELS+RESOR.DL 0,01
US4415931009;A14WN3;AKTIE;Ja;HOULIHAN LOKEY A DL-,001
US44183U2096;A2QAG9;AKTIE;Ja;HOUSTON AMERN ENE.DL-,001
US4424874018;A2N69Z;AKTIE;Ja;HOVNANIAN ENTER. A DL-,01
US4432011082;A2PZ2D;AKTIE;Ja;HOWMET AEROSPACE DL-,01
US44332N1063;A2JN56;AKTIE;Ja;H WORLD GROUP SP.ADR/10
US4435106079;A2ACSM;AKTIE;Ja;HUBBELL INC. DL-,01
US4435731009;A12CWQ;AKTIE;Ja;HUBSPOT INC. DL-,001
US4437872058;A2PL3W;AKTIE;Ja;HUDSON GLOBAL INC.DL-,001
US4448591028;856584;AKTIE;Ja;HUMANA INC. DL-,166
US4456581077;885365;AKTIE;Ja;HUNT (J.B.) TRANS. DL-,01
US4461501045;867622;AKTIE;Ja;HUNTINGTON BANCSHS DL-,01
US4464131063;A1JE8X;AKTIE;Ja;HUNTINGTON INGALLS DL-,01
US4470111075;A0DQGM;AKTIE;Ja;HUNTSMAN CORP. DL-,01
US4474621020;A0DKTV;AKTIE;Ja;HURON CONSULTING DL-,01
US4481031015;A0J3A2;AKTIE;Ja;HUSQVARNA B ADR/2 SK 100
US44812J1043;A3ES40;AKTIE;Ja;HUT 8 CORP. O.N.
US44842L1035;A2AF74;AKTIE;Ja;HUTCHMED (CHINA) LS-,10
US44852D1081;A2JL12;AKTIE;Ja;HUYA INC. SP.ADR/1 CL.A
US4485791028;A0YAKV;AKTIE;Ja;HYATT HOTELS CL. A DL-,01
US44888K4076;A40MPJ;AKTIE;Nein;HYDR. HLDGS INC. DL-,0001
US44891N2080;A3CQZU;AKTIE;Ja;IAC INC. DL-,0001
US4489475073;A0RF6V;AKTIE;Ja;IDT CORP. B NEW DL-,01
US44916E1001;A3DP3Q;AKTIE;Ja;IPERIONX LTD SP.ADR/10
US44930G1076;894139;AKTIE;Ja;ICU MEDICAL INC. DL-,10
US44951W1062;A2AKNG;AKTIE;Ja;IES HLDGS INC. DL-,01
US4495851085;A2PPQK;AKTIE;Ja;IGM BIOSCIENCES DL-,01
US44975P1030;A2PVC6;AKTIE;Ja;I-MAB SPONS.ADS/1 -,0001
US44980X1090;602224;AKTIE;Ja;IPG PHOTONICS DL-,0001
US4500473032;A3EW2K;AKTIE;Ja;IRSA -INV Y REPR. SP.ADR
US4500561067;A2ATTS;AKTIE;Ja;IRHYTHM TECHN.INC.DL-,001
US45073V1089;A2AJTS;AKTIE;Ja;ITT INC. DL 1
US4510337086;A3E2GR;AKTIE;Nein;IBIO INC. DL -,001
US45104G1040;936793;AKTIE;Ja;ICICI BANK LTD ADR/2
US4510511060;A409MX;AKTIE;Ja;IBOTTA INC. DL-,001
US4511071064;916694;AKTIE;Ja;IDACORP INC.
US45113Y2037;A3DWMU;AKTIE;Ja;AMBER INT. HLD.ADR/5 A
US45166A1025;A2PJPB;AKTIE;Ja;IDEAYA BIOSCIENCE DL-,01
US45166E1047;A0N9KY;AKTIE;Ja;IDEMITSU KOSAN ADR 1/2
US45167R1041;877444;AKTIE;Ja;IDEX CORP. DL-,01
US45168D1046;888210;AKTIE;Ja;IDEXX LABS INC. DL-,10
US45170X2053;A11404;AKTIE;Ja;IDENTIV INC. DL-,001
US4523081093;861219;AKTIE;Ja;ILL. TOOL WKS
US4523271090;927079;AKTIE;Ja;ILLUMINA INC. DL-,01
US4525211078;929096;AKTIE;Ja;IMMERSION CORP. DL-,001
US45254U1016;A2DTD8;AKTIE;Ja;IMMURON LTD SPON.ADR 40
US45256X1037;A2QQ2E;AKTIE;Ja;IMMUNITYBIO INC. DL-,0001
US45257L1089;A2H8YL;AKTIE;Ja;IMMUTEP LTD ADRS II/10
US45258D1054;A2QNWU;AKTIE;Ja;IMMUNOCORE HLDGS ADS/1
US4525EP1011;A2PHD4;AKTIE;Ja;IMMUNIC INC. DL-,0001
US45262P1021;A2AEDW;AKTIE;Ja;IMPERIAL BRANDS PLC ADR/1
US4532041096;A2ANZB;AKTIE;Ja;IMPINJ INC. DL-,001
US45337C1027;896133;AKTIE;Ja;INCYTE DL-,001
US45378A1060;A1W64V;AKTIE;Ja;INDEPENDENCE RLTY TR.
US4540891037;889710;AKTIE;Ja;INDIA FD INC. DL-,001
US45408X3089;A1T87A;AKTIE;Ja;IGC PHARMA INC. DL -,01
US45569U1016;A3CSBE;AKTIE;Ja;INDIE SEMICON. A DL-,0001
US4562371066;A2JBRN;AKTIE;Ja;IND.LOG.PROP.TR. DL -,01
US45662N1037;936207;AKTIE;Ja;INFINEON TECHNOLOGIES ADR
US45674E1091;A2QF49;AKTIE;Ja;IN8BIO INC. DL-,0001
US45674M1018;A3C6AA;AKTIE;Ja;INFORMATICA CL.A DL-,01
US45675Y1047;A0MJ2D;AKTIE;Ja;INFO.SVCS GRP.INC.DL-,001
US4567881085;919668;AKTIE;Ja;INFOSYS LTD. ADR/1 IR5
US4568371037;907466;AKTIE;Ja;ING GP NV SP.ADR/1 EO-,24
US45687V1061;A2P070;AKTIE;Ja;INGERSOLL-RAND DL -,01
US45688C1071;A2AHZS;AKTIE;Ja;INGEVITY CORP. DL-,01
US4570301048;907146;AKTIE;Ja;INGLES MARKETS A DL-,05
US4571871023;A1JYNM;AKTIE;Ja;INGREDION INC. DL-,01
US45719W2052;A3EMJR;AKTIE;Ja;INHIB.THERAPEUT. INC. NEW
US4576422053;907651;AKTIE;Ja;INNODATA INC. DL -,01
US4576511079;A40MSN;AKTIE;Ja;INN.INT.INC. O.N.
US45765U1034;909619;AKTIE;Ja;INSIGHT ENTERPR. DL-,01
US4576693075;A1JJA3;AKTIE;Ja;INSMED INC. DL-,01
US45768S1050;A0H1E7;AKTIE;Ja;INNOSPEC INC. DL-,01
US4577301090;A2JLEP;AKTIE;Ja;INSPIRE MED SYS DL-,001
US45773H4092;A400EJ;AKTIE;Ja;INOVIO PHARMACEUTICAL INC
US45774W1080;879065;AKTIE;Ja;INSTEEL INDS INC.
US45778Q1076;A1H74T;AKTIE;Ja;INSPERITY INC. DL-,01
US45779A8466;A3CMP3;AKTIE;Ja;INSPIREMD 1/18 DL-,0001
US45780L1044;A1XB32;AKTIE;Ja;INOGEN INC. DL -,001
US45780R1014;A1XDU6;AKTIE;Ja;INSTAL.BLDG PRODS DL -,01
US45781K2042;A2PSSH;AKTIE;Ja;INNATE PHARMA SP.ADR/1
US45781M1018;A2AC9U;AKTIE;Ja;INNOVIVA INC. DL-,01
US45781V1017;A2DGXH;AKTIE;Ja;INNOVATIVE IND PR. -,001
US45782B3024;A3EKZ2;AKTIE;Ja;INSEEGO CORP. NEW O.N.
US45783Q1004;A2QRE5;AKTIE;Ja;INOTIV INC.
US45784P1012;A0MQX8;AKTIE;Ja;INSULET CORP. DL -,001
US4579852082;897013;AKTIE;Ja;INTEGR.LIFES.HLDGS DL-,01
US4581401001;855681;AKTIE;Ja;INTEL CORP. DL-,001
US45826H1095;A2AMZW;AKTIE;Ja;INTEGER HLDGS DL-,001
US45826J1051;A2AG6H;AKTIE;Ja;INTELLIA THERAPEU DL-,01
US45841N1072;A0MQY6;AKTIE;Ja;INTERACTIVE BROKERS DL-01
US4586653044;A1JYG7;AKTIE;Ja;INTERFACE INC. DL-,10
US45866F1049;A1W5H0;AKTIE;Ja;INTERCONTINENTAL EXCH.INC
US45867G1013;A0MWY3;AKTIE;Ja;INTERDIGITAL (PA.) DL-,01
US4590441030;923114;AKTIE;Ja;INTL BANCSHARES DL 1
US4592001014;851399;AKTIE;Ja;INTL BUS. MACH. DL-,20
US4593481082;A1H60G;AKTIE;Ja;INTERN.CONS.AIRL.GR. ADR
US4595061015;853881;AKTIE;Ja;INTL FLAVORS/FRAG.DL-,125
US4601461035;851413;AKTIE;Ja;INTL PAPER DL 1
US46059T1097;924926;AKTIE;Ja;INTERNET IN.JP.ADR 1 ON
US46062X3035;A2PYCU;AKTIE;Ja;INTERPACE BIOSCIEN.DL-,01
US4606901001;851781;AKTIE;Ja;INTERPUBL.GR. COS. DL-,10
US4611471008;907551;AKTIE;Ja;INTEST CORP. DL-,01
US4612021034;886053;AKTIE;Ja;INTUIT INC. DL-,01
US46120E6023;888024;AKTIE;Ja;INTUITIVE SURGIC. DL-,001
US46121Y2019;A2QA6B;AKTIE;Ja;INTREPID POTASH DL -,001
US46122W2044;A1H4QV;AKTIE;Ja;INUVO INC. NEW DL -,001
US46124U1079;A2P796;AKTIE;Ja;INVENTIVA ADS/1 O.N.
US46131B7047;A3DMJV;AKTIE;Ja;INVESCO MORTGA.CAP.DL-,01
US46187W1071;A2DK5V;AKTIE;Ja;INVITATION HOMES DL -,01
US4622221004;A2ACMZ;AKTIE;Ja;IONIS PHARMACEUT. DL-001
US4622601007;A2DT49;AKTIE;Ja;IOVANCE BIOTHERAP.DL-,001
US46266A1097;A118V4;AKTIE;Ja;IRADIMED CORP. DL-,0001
US46266C1053;A2JSPM;AKTIE;Ja;IQVIA HLDGS DL-,01
US46267X1081;A2JGN8;AKTIE;Ja;IQIYI INC. ADR DL-,00001
US46269C1027;A0YB48;AKTIE;Ja;IRIDIUM COMCTNS DL-,001
US4627261005;A0F5CC;AKTIE;Ja;IROBOT CORP. DL-,01
US46284V1017;A14MS9;AKTIE;Ja;IRON MOUNTAIN (NEW)DL-,01
US46333X1081;A0X789;AKTIE;Ja;IRONWOOD PHARMA.A DL-,001
US4642882249;A0RDTE;ETF;Ja;iShares Global Clean Energy UCITS ETF
US46489V3024;A40EDR;AKTIE;Ja;PERSPECT.THER.NEW DL-,001
US4655621062;A0RGKJ;AKTIE;Ja;ITAU UNIBCO HLDG ADR PFD1
US46571Y1073;A2JPHL;AKTIE;Ja;I3 VERTICALS A DL-,0001
US4657411066;888379;AKTIE;Ja;ITRON INC.
US46590V1008;A2DURR;AKTIE;Ja;JBG SMITH PPTYS DL -,01
US46591M1099;A2PXQ6;AKTIE;Ja;JOYY INC.SP.ADR/20 CL.A
US4660321096;876041;AKTIE;Ja;J+J SNACK FOODS
US4661101034;A0Q68W;AKTIE;Ja;JBS S.A. ADR/2O.N.
US46620W2017;A2QJAM;AKTIE;Ja;J JILL INC. DL-,01
US4662492085;A0B7CA;AKTIE;Ja;SAINSBURY -J.- ADR/4 NEW
US46625H1005;850628;AKTIE;Ja;JPMORGAN CHASE DL 1
US46627J3023;A0LF36;AKTIE;Ja;HALYK BK.KAZ GDRS/40 KT15
US4663131039;886423;AKTIE;Ja;JABIL DL-,001
US4663671091;883746;AKTIE;Ja;JACK IN THE BOX DL-,01
US46655E1001;A3DJQG;AKTIE;Ja;DAKOTA GOLD CORP. DL-,001
US46817M1071;A3CY1L;AKTIE;Ja;JACKSON FNCL CL.A DL-,10
US47010C8881;A414BN;AKTIE;Nein;JAGUAR HEALTH 25 DL-,0001
US47012E4035;A2P89S;AKTIE;Ja;JAKKS PACIFIC DL-,001
US47030M1062;A0HGEC;AKTIE;Ja;JAMES HARDIE INDUST.ADR/1
US47074L1052;A2P9J0;AKTIE;Ja;JAMF HOLDING CORP.DL-,001
US47089W1045;A2PRW6;AKTIE;Ja;ALT5 SIGMA CORP. O.N.
US4711052054;A14RTA;AKTIE;Ja;JAPAN TOBACCO UNSP.ADR1/2
US47215P1066;A112ST;AKTIE;Ja;JD.COM SP.ADR A1 DL-00002
US47233W1099;A2JMVU;AKTIE;Ja;JEFFERIES FINL GRP DL 1
US47580P1030;A2DKYC;AKTIE;Ja;JELD-WEN HLDG INC. DL-,01
US4771431016;541867;AKTIE;Ja;JETBLUE AWYS CORP. DL-,01
US47759T1007;A0Q87R;AKTIE;Ja;JINKOSOLAR ADR/4 DL-00002
US4778391049;A0Q6F9;AKTIE;Ja;JBT MAREL CORP. DL-,01
US4781601046;853260;AKTIE;Ja;JOHNSON + JOHNSON DL 1
US48020Q1076;908217;AKTIE;Ja;JONES LANG LASALLE DL-,01
US48123V1026;A1JQ41;AKTIE;Ja;ZIFF DAVIS INC. DL-,01
US48137C1080;A1C4VT;AKTIE;Ja;JULIUS BAER GRP. ADR/1/5
US48138M1053;A2PGZM;AKTIE;Ja;JUMIA TECH. SP.ADR/2 O.N.
US48203R1041;923889;AKTIE;Ja;JUNIPER NETWORKS DL-,01
US48214T3059;A3CRD9;AKTIE;Ja;JUST EAT TAKEAW. SP.ADR
US48238T1097;A0YF1W;AKTIE;Ja;OPENLANE INC.
US48241A1051;A0RAQX;AKTIE;Ja;KB FINANCIAL ADR SW 5000
US48241F1049;A1T7HQ;AKTIE;Ja;KBC GROEP N.V. ADR
US48242W1062;A0LEFS;AKTIE;Ja;KBR INC. DL -,001
US4824801009;865884;AKTIE;Ja;KLA CORP. DL -,001
US4824971042;A2QBE8;AKTIE;Ja;KE HOLDINGS SP.ADS/1 CL.A
US48251K1007;A2DQ76;AKTIE;Ja;KKR REAL EST.FIN.TR. -,01
US48251W1045;A2LQV6;AKTIE;Ja;KKR + CO. INC. O.N.
US48253L2051;A2QAHR;AKTIE;Ja;KLX ENERGY SERV. DL-,01
US48265W1080;A0YGKY;AKTIE;Ja;K+S AG SP.ADR 1/2/O.N.
US48268K1016;922613;AKTIE;Ja;KT CORP. ADR 1/2/SW 5000
US48282T1043;884567;AKTIE;Ja;KADANT INC. DL-,01
US4831192020;A3DWPS;AKTIE;Ja;KALA BIO INC. DL-,001
US4834671061;A2QR0G;AKTIE;Ja;KALTURA INC. DL -,0001
US4834971032;A2DG49;AKTIE;Ja;KALVISTA PHARMA. DL-,001
US4855374017;A2JN0Z;AKTIE;Ja;KAO CORP. UNSP. ADR/0,20
US48553T1060;A3CR8G;AKTIE;Ja;KANZHUN LTD SP.ADS/2 CL.A
US48563L1017;A2PTTD;AKTIE;Ja;KARAT PACKAGING DL -,001
US48576U2050;A40YLC;AKTIE;Nein;KARYOPHARM TH.NEW.DL-0001
US48581R2058;A2QD9Y;AKTIE;Ja;KASPI.KZ (SP.GDR REG.S)/1
US4863592014;A0DPE4;AKTIE;Ja;KAWASAKI HEAVY IND.ADR5/2
US4866061066;A0MXKB;AKTIE;Ja;KAYNE ANDE.MLP/M.I.DL-001
US48666K1097;876635;AKTIE;Ja;KB HOME DL 1
US48667L1061;A0YGY1;AKTIE;Ja;KDDI CORP.UNSP.ADR 4
US4878361082;853265;AKTIE;Ja;KELLANOVA CO. DL -,25
US4881522084;871732;AKTIE;Ja;KELLY SERVS INC. A DL 1
US4884011002;A1JEFA;AKTIE;Ja;KEMPER CORP. DL-,10
US4884452065;A2QLX7;AKTIE;Ja;ZEVRA THERAPEUT. DL-,0001
US4891701009;855783;AKTIE;Ja;KENNAMETAL INC. DL 1,25
US4893981070;A0YFMB;AKTIE;Ja;KENNEDY-WILSON DL-,0001
US49177J1025;A3EEHU;AKTIE;Ja;KENVUE INC. DL -,001
US49271V1008;A2JQPZ;AKTIE;Ja;KEURIG DR PEPPER DL-,01
US4931441095;868040;AKTIE;Ja;KEY TRONIC CORP.
US4932671088;869353;AKTIE;Ja;KEYCORP DL 1
US49338L1035;A12B6J;AKTIE;Ja;KEYSIGHT TECHS DL-,01
US4937321010;896864;AKTIE;Ja;KFORCE INC. DL-,01
US49427F1084;905164;AKTIE;Ja;KILROY REALTY CORP.DL-,01
US49428J1097;A12EMH;AKTIE;Ja;KIMBALL ELECTRONICS
US49435R1023;A2DNR8;AKTIE;Nein;KIMBELL RTY PARTNERS L.P.
US4943681035;855178;AKTIE;Ja;KIMBERLY-CLARK DL 1,25
US49446R1095;883111;AKTIE;Ja;KIMCO REALTY DL-,01
US49456B1017;A1H6GK;AKTIE;Ja;KINDER MORGAN P DL-,01
US49639K1016;A2P39A;AKTIE;Ja;KINGS.CLOUD HLD.SP.ADR/15
US49714P1084;A2APEC;AKTIE;Ja;KINSALE CAP.GRP.INC. -,01
US4972161016;KGX887;AKTIE;Ja;KION GROUP AG ADRS/1/4
US49721T5074;A40EG5;AKTIE;Nein;KIORA PHARMACEUT. DL-,01
US4972661064;863669;AKTIE;Ja;KIRBY CORP. DL 0,10
US4973503067;787994;AKTIE;Ja;KIRIN HOLDINGS CO.LTD.ADR
US4976342042;A3D7BN;AKTIE;Nein;KIROMIC BIOPHARMA INC.
US4991801071;A2PWTB;AKTIE;Ja;KNORR-BREMS. UNSP.ADRS1/4
US49926D1090;A1XD6Z;AKTIE;Ja;KNOWLES CORP. DL-,01
US49989A1097;A0X92U;AKTIE;Ja;KOC HOLDING ADR/5 TN 1
US50012A1088;A3ECGY;AKTIE;Ja;KODIAK GAS SVCS DL -,001
US50015M1099;A2N6P0;AKTIE;Ja;KODIAK SCIENCES DL-,0001
US5002551043;884195;AKTIE;Ja;KOHL'S CORP. DL-,01
US50046R2004;A2QQXB;AKTIE;Ja;KONAMI GROUP UNSP.ADR
US5004723038;940936;AKTIE;Ja;KONINKL. PHILIPS ADR -,20
US50048T1051;A2DK07;AKTIE;Ja;KONINKLIJKE VOP.UNSP.ADR
US50050N1037;A2PJSK;AKTIE;Ja;KONTOOR BRANDS INC.
US5006001011;888358;AKTIE;Ja;KOPIN CORP. DL-,01
US5006311063;893161;AKTIE;Ja;KOREA EL. PWR ADR 1/2
US5006432000;919027;AKTIE;Ja;KORN FERRY DL -,01
US5006881065;A2PBCB;AKTIE;Ja;KOSMOS ENERGY LTD DL-,01
US5007541064;A14TU4;AKTIE;Ja;KRAFT HEINZ CO.DL -,01
US50077B2079;A0YAND;AKTIE;Ja;KRATOS DEF.+SEC.NEW DL001
US50101L1061;A3CTLH;AKTIE;Ja;KRISPY KREME DL-,01
US5010441013;851544;AKTIE;Ja;KROGER CO. DL 1
US50105F1057;776950;AKTIE;Ja;KRONOS WORLDWIDE DL-,01
US50106E1073;A1JVSJ;AKTIE;Ja;KRONES AG(UNSP.ADR)1/2/ON
US5011471027;A2JH2F;AKTIE;Ja;KRYSTAL BIOTECH DL-,00001
US5011732071;911656;AKTIE;Ja;KUBOTA CORP. ADR/20
US5011871085;A2DHB8;AKTIE;Ja;KUEHNE+NAGEL ADR 1/5 SF1
US5012421013;854118;AKTIE;Ja;KULICKE + SOFFA IND.
US50127T1097;A143UH;AKTIE;Ja;KURA ONCOLOGY DL-,0001
US50155Q1004;A3C5GK;AKTIE;Ja;KYNDRYL HLDGS INC. DL-,01
US50186Q2021;576798;AKTIE;Ja;LG ELECT.(NEW)GDR144A 1/2
US50186V1026;A0B68Y;AKTIE;Ja;LG DISPLAY CO.ADR SW 5000
US50187T1060;A1W61X;AKTIE;Ja;LGI HOMES INC. DL-,01
US5018892084;254570;AKTIE;Ja;LKQ CORP. DL-,01
US50189K1034;A2DJND;AKTIE;Ja;LCI INDS DL-,01
US50202M1027;A2P93Z;AKTIE;Ja;LI AUTO INC. (SP.ADR)/2
US5020745031;A403PB;AKTIE;Nein;LM FNDG. AMER. DL-,001
US5021172037;904523;AKTIE;Ja;L OREAL ADR 1/5/EO 0,2
US50212V1008;A1JZ6S;AKTIE;Ja;LPL FINANCIAL HLDS DL-,01
US5021601043;866808;AKTIE;Ja;LSB IND. INC. DL-,10
US50216C1080;919518;AKTIE;Ja;LSI INDUSTRIES INC.
US5021751020;884625;AKTIE;Ja;LTC PTIES INC. DL-,01
US5024311095;A2PM3H;AKTIE;Ja;L3HARRIS TECHS INC.DL-,01
US5024413065;729780;AKTIE;Ja;LVMH ADR /2 EO-,30
US5049221055;A40C39;AKTIE;Ja;LABCORP HLDGS INC. O.N.
US5057431042;A1XD2P;AKTIE;Ja;LADDER CAP.CORP.A DL-,001
US5117951062;897575;AKTIE;Ja;LAKELAND INDS INC. DL-,01
US5128073062;A40L1V;AKTIE;Ja;LAM RESEARCH CORP. NEW
US5128161099;A12FFH;AKTIE;Ja;LAMAR ADVERTISING A
US5132721045;A2ATEK;AKTIE;Ja;LAMB WESTON HLDGS DL 1
US5138471033;858141;AKTIE;Ja;LANCASTER COLONY CORP.
US5147661046;899376;AKTIE;Ja;LIFECORE BIOMEDIC. DL-,01
US5150981018;887830;AKTIE;Ja;LANDSTAR SYS DL-,01
US51509F1057;A110MJ;AKTIE;Ja;LANDS END INC. DL-,01
US5165441032;A117UE;AKTIE;Ja;LANTHEUS HLDGS DL-,01
US5165571051;A2QG8U;AKTIE;Ja;LANXESS AG UNSP.ADR 1/5
US5168062058;A2P57T;AKTIE;Ja;VITAL ENERGY INC. DL-,01
US5171251003;A2P5PP;AKTIE;Ja;LARIMAR THERAP.I. DL-,001
US5178341070;A0B8S2;AKTIE;Ja;LAS VEGAS SANDS DL-,001
US51817R2058;A40JGP;AKTIE;Ja;LATAM AIRL.GRP ADR/2000
US5184151042;878255;AKTIE;Ja;LATTICE SEMICOND. DL-,01
US5184391044;897933;AKTIE;Ja;ESTEE LAUDER COS A DL-,01
US5186132032;A2DK0X;AKTIE;Ja;LAUREATE EDUCATION
US5207761058;860437;AKTIE;Ja;DISTRIBUTION SOL.GRP.DL 1
US5218652049;A0YERL;AKTIE;Ja;LEAR CORP. DL-,01
US52187K2006;A3EMJP;AKTIE;Ja;LEAP THERAPEUTICS INC.NEW
US5246601075;883524;AKTIE;Ja;LEGGETT + PLATT DL-,01
US52466B1035;A1J2MD;AKTIE;Ja;LEGALZOOM.COM INC.DL-,001
US52472M1018;A2PDVC;AKTIE;Ja;LEGACY HOUSING CO DL-,001
US52490G1022;A2P5AH;AKTIE;Ja;LEGEND BIOTECH SP.ADS/2
US5253271028;A1W5CT;AKTIE;Ja;LEIDOS HOLDINGS DL-,0001
US5255582018;A0LB2B;AKTIE;Ja;LEMAITRE VASCULAR DL -,01
US52567D1072;A2P7Z1;AKTIE;Ja;LEMONADE INC. DL-,00001
US52603A2087;A2PNFU;AKTIE;Ja;LENDINGCLUB CORP. DL-,01
US52603B1070;A12HU0;AKTIE;Ja;LENDINGTREE DL-,01
US5260571048;851022;AKTIE;Ja;LENNAR CORP.A DL-,10
US5260573028;258288;AKTIE;Ja;LENNAR CORP. B DL-,10
US5261071071;924838;AKTIE;Ja;LENNOX INTL INC. DL-,01
US5262501050;A0B7GH;AKTIE;Ja;LENOVO GRP ADR/20 HD-,10
US52661A1088;A2QQ8Z;AKTIE;Ja;LEONARDO DRS INC. DL-,01
US52736R1023;A2PFHR;AKTIE;Ja;LEVI STRAUSS + CO. CL.A
US5288771034;A2H97M;AKTIE;Ja;LEXINFINTECH ADR/2 CL.A
US5290431015;907209;AKTIE;Ja;LXP INDUSTRIAL TRUST
US5301581048;985244;AKTIE;Ja;LIB.ALL-ST.EQU. SBI
US5303071071;A12DQA;AKTIE;Ja;LIBERTY BROADBAND A
US5303073051;A12DQC;AKTIE;Ja;LIBERTY BROADBAND C
US5312297220;A3ERLT;AKTIE;Ja;LIBERTY MEDIA C LIVE
US5312297485;A3ERLV;AKTIE;Ja;LIBERTY MEDIA A LIVE
US5312297550;A3ERTA;AKTIE;Ja;LIBERTY MED.C FORMULA ONE
US5312297717;A3ERSY;AKTIE;Ja;LIBERTY MED.A FORMULA ONE
US53220K5048;A1C9RN;AKTIE;Ja;LIGAND PHARMAC.NEW DL-001
US53222Q1031;A0ETCV;AKTIE;Ja;LIFETIME BRANDS DL-,01
US53224K3023;A2PT2T;AKTIE;Ja;LIGHTBRIDGE CORP. DL-,001
US53225G2012;A40L9Y;AKTIE;Nein;LIGHTINTHEBOX HLDG ADR/12
US53228T2006;A3EC7E;AKTIE;Ja;LIGHT.EMOTORS NEW DL-0001
US5324571083;858560;AKTIE;Ja;ELI LILLY
US53261M2035;A402TN;AKTIE;Ja;EDGIO INC
US53263P1057;A2APH1;AKTIE;Ja;LIMBACH HLDGS DL-,0001
US5339001068;908231;AKTIE;Ja;LINCOLN ELECTR. HLDGS
US5341871094;859406;AKTIE;Ja;LINCOLN NATL
US5352191093;A14WKW;AKTIE;Ja;LINDBLAD EXPED. HLDGS
US5355551061;904057;AKTIE;Ja;LINDSAY CORP. DL 1
US53566P1093;A2PP89;AKTIE;Ja;LINEAGE CELL THERAP.
US53635B1070;A0JEFP;AKTIE;Ja;LIQUIDITY SERVICES DL-001
US53635D2027;A2JRNS;AKTIE;Ja;LIQUIDIA CORP. DL-,001
US5367971034;914076;AKTIE;Ja;LITHIA MOTORS INC.
US5368041076;A0YJFZ;AKTIE;Ja;LITHIUM CORP. DL -,001
US5370081045;893593;AKTIE;Ja;LITTELFUSE INC. DL-,01
US5380341090;A0H0VZ;AKTIE;Ja;LIVE NATION ENTMT.DL -,01
US5381461012;936891;AKTIE;Ja;LIVEPERSON INC. DL-,01
US53814X1028;A3C4ZB;AKTIE;Ja;LIVEONE INC. DL-,001
US53815P1084;A2N63A;AKTIE;Ja;LIVERAMP HLDGS DL-,10
US53838J1051;A3DN57;AKTIE;Ja;LIVEWIRE GROUP DL-,0001
US5393193017;A3EGAA;AKTIE;Ja;LIXTE BIO.HLDGS DL -,0001
US5394391099;766625;AKTIE;Ja;LLOYDS BKG ADR/4 LS -,25
US5398301094;894648;AKTIE;Ja;LOCKHEED MARTIN DL 1
US5404241086;851615;AKTIE;Ja;LOEWS CORP. DL 1
US54150E1047;A2H5T5;AKTIE;Ja;LOMA NEGRA SP.ADR/5
US5435181046;A2DX71;AKTIE;Ja;LOOP INDUSTRIES DL-,001
US54570M2070;A3ERQT;AKTIE;Ja;LOTTERY.COM INC. NEW
US5463471053;861032;AKTIE;Ja;LOUIS. PAC. CORP. DL 1
US5486611073;859545;AKTIE;Ja;LOWE'S COS INC. DL-,50
US5494981039;A3CVXG;AKTIE;Ja;LUCID GROUP INC. A -,0001
US54951L1098;A2PJ6S;AKTIE;Ja;LUCKIN COFFEE SP.ADR/8 A
US54975P2011;A3E2GS;AKTIE;Ja;LUFAX HLDG SP.ADS 2
US5500211090;A0MXBY;AKTIE;Ja;LULULEMON ATHLETICA INC.
US5502411037;A2QMYN;AKTIE;Ja;LUMEN TECHNOLOGIES DL 1
US55024U1097;A14WK0;AKTIE;Ja;LUMENTUM HLDGS IN.DL-,001
US5504243032;A40R34;AKTIE;Ja;LUMINAR TECH. CL.A NEW
US55087P1049;A2PE38;AKTIE;Ja;LYFT INC. CL.A -,00001
US5510733075;A2G82N;AKTIE;Ja;LYNAS RARE EAR. SP. ADR 1
US55261F1049;863582;AKTIE;Ja;M+T BANK DL-,50
US55262C1009;874020;AKTIE;Ja;MBIA INC. DL 1
US55272X6076;A3DH8P;AKTIE;Ja;MFA FINANCIAL NEW DL -,01
US5528481030;882538;AKTIE;Ja;MGIC INV. CORP. DL 1
US5529531015;880883;AKTIE;Ja;MGM RESORTS INTL DL -,01
US55302T2042;A0QZ91;AKTIE;Ja;MHP SE GDR S/2
US55303J1060;A1JSBW;AKTIE;Ja;MGP INGREDIENTS INC.(NEW)
US55305B1017;888374;AKTIE;Ja;M/I HOMES INC. DL-,01
US55306N1046;920343;AKTIE;Ja;MKS INC.
US5533681012;A2QHVL;AKTIE;Ja;MP MATERIALS A DL -,0001
US55345K1034;A1JV8K;AKTIE;Ja;MRC GLOBAL INC. DL-,01
US5534911012;A1CUXV;AKTIE;Ja;MS+AD INSURANCE GRP ADR/1
US5534981064;A1XFCC;AKTIE;Ja;MSA SAFETY INC.
US5535301064;898493;AKTIE;Ja;MSC INDUSTR. DIRE.DL-,001
US55354G1004;A0M63R;AKTIE;Ja;MSCI INC. A DL-,01
US5537453087;A40QA9;AKTIE;Ja;MSP REC. CL.A DL-,0001
US55405W1045;A0Q9UM;AKTIE;Ja;MYR GROUP INC. (DEL.)
US55405Y1001;A1JU1D;AKTIE;Ja;MACOM TECHN.SOL.H.DL-,001
US55406W1036;A2QMNV;AKTIE;Ja;LUXEXPERIENCE BV SP.ADS/1
US5543821012;888353;AKTIE;Ja;MACERICH CO.,THE DL-,01
US5560991094;A1W6ND;AKTIE;Ja;MACROGENICS INC. DL-,01
US55616P1049;A0MS7Y;AKTIE;Ja;MACYS, INC. DL-,01
US5562691080;898166;AKTIE;Ja;STEVEN MADDEN DL-,0001
US55825T1034;A140F0;AKTIE;Ja;MADISON SQUARE GAR.SP. A
US55826T1025;A2P2R5;AKTIE;Ja;SPHERE ENTERTAINMENT CO.A
US5588681057;A2APCZ;AKTIE;Ja;MADRIGAL PHARMAC. DL-,01
US55933J2033;A1C1SD;AKTIE;Ja;MAGNACHIP SEMICONDUC.DEP.
US55939A1079;A40S37;AKTIE;Nein;MAGNERA CORP. WI DL-,01
US55955D1000;A2P75A;AKTIE;Ja;MAGNITE INC. DL-,00001
US56035L1044;A0X8Y3;AKTIE;Ja;MAIN STREET CAP.CP.DL-,01
US5608773009;907361;AKTIE;Ja;MAKITA CORP. ADR/1 O.N.
US56155L1089;A2AS8R;AKTIE;Ja;MAMMOTH ENER.SVCS DL-,01
US5627501092;913804;AKTIE;Ja;MANHATTAN ASSOC. DL-,01
US5635714059;A2JSM9;AKTIE;Ja;MANITOWOC CO. NEW DL-,01
US56400P7069;A2DMZL;AKTIE;Ja;MANNKIND CORP. NEW DL-,01
US56418H1005;881964;AKTIE;Ja;MANPOWERGROUP INC. DL-,01
US5651001043;A14W0G;AKTIE;Ja;MAPFRE S.A.ADR 2 / EO-,10
US5657881067;A2QQBE;AKTIE;Ja;MARA HOLDINGS
US56585A1025;A1JEXK;AKTIE;Ja;MARATHON PETROLEUM DL-,01
US5663301068;860665;AKTIE;Ja;MARCUS CORP. DL 1
US56656T1051;A1C6AM;AKTIE;Ja;MARFRIG GL.FOOD.ADR/2O.N.
US5679081084;914727;AKTIE;Ja;MARINEMAX DL-,001
US5705351048;885036;AKTIE;Ja;MARKEL GROUP
US57055L2060;A3D5YK;AKTIE;Ja;MARKER THERAPEUTICS INC.
US57060D1081;A0B897;AKTIE;Ja;MARKETAXESS HLDGS DL-,001
US57142B1044;A3CQSL;AKTIE;Ja;MARQETA INC.CL.A DL-,0001
US57164Y1073;A1JNDJ;AKTIE;Ja;MARRIOTT VAC.WORLD.DL-,01
US5717481023;858415;AKTIE;Ja;MARSH+MCLENNAN COS.INC.D1
US5719032022;913070;AKTIE;Ja;MARRIOTT INTL A DL-,01
US5732841060;889585;AKTIE;Ja;MARTIN MAR. MAT. DL-,01
US5738741041;A3CNLD;AKTIE;Ja;MARVELL TECH. GRP DL-,002
US5745991068;856632;AKTIE;Ja;MASCO CORP. DL 1
US5747951003;578074;AKTIE;Ja;MASIMO CORP. DL-,001
US5763231090;861257;AKTIE;Ja;MASTEC INC. DL-,10
US57636Q1040;A0F602;AKTIE;Ja;MASTERCARD INC.A DL-,0001
US57637H1032;A2N9VT;AKTIE;Ja;MASTERCRAFT BOAT HLDGS
US57638P1049;A3DVW8;AKTIE;Ja;MASTERBRAND INC. DL-,001
US5764852050;A1JTVV;AKTIE;Ja;MATADOR RESOURSES DL -,01
US57667L1070;A2P75D;AKTIE;Ja;MATCH GR.INC. NEW DL-,001
US57667T1007;A112H0;AKTIE;Ja;MATERIALISE SP.ADR 1
US5766901012;A1JH3T;AKTIE;Ja;MATERION CORP. DL 1
US5768103039;A403NH;AKTIE;Ja;MATINAS BIOPH. NEW O.N.
US5768531056;880420;AKTIE;Ja;MATRIX SERV. CO. DL-,01
US57686G1058;A1J0SW;AKTIE;Ja;MATSON INC.
US5770811025;851704;AKTIE;Ja;MATTEL INC. DL 1
US5771281012;905720;AKTIE;Ja;MATTHEWS INTL CORP.A DL 1
US57776J1007;A0RM07;AKTIE;Ja;MAXLINEAR INC. DL-,01
US57777K1060;A2AGVE;AKTIE;Ja;MAXCYTE INC DL-,01
US5779331041;907462;AKTIE;Ja;MAXIMUS INC.
US5787871038;A0YCLY;AKTIE;Ja;MAZDA MOTOR UNSP.ADR/2
US5797801074;769073;AKTIE;Ja;MCCORMICK+CO.INC. DL-,01
US5797802064;858250;AKTIE;Ja;MCCORMICK + CO.INC. N.VTG
US5801351017;856958;AKTIE;Ja;MCDONALDS CORP. DL-,01
US58039P3055;A3DMEX;AKTIE;Ja;MCEWEN MINING INC.
US58155Q1031;893953;AKTIE;Ja;MCKESSON DL-,01
US5839281061;900961;AKTIE;Ja;MEDALLION FINL DL-,01
US58463J3041;A0ETK5;AKTIE;Ja;MEDICAL PROPERTIES TR.
US58470H1014;889384;AKTIE;Ja;MEDIFAST DL-,001
US58471G5080;A40L4F;AKTIE;Ja;XYLO TEC.SP.ADR/40 IL-,01
US58506Q1094;A2APTV;AKTIE;Ja;MEDPACE HOLDINGS DL-,01
US58533E1038;A2P72F;AKTIE;Ja;MEITUAN UNSP.ADR/2B
US5854641009;A0LF1J;AKTIE;Ja;MELCO RESORTS+ENMT SP.ADR
US5860011098;A3CUW0;AKTIE;Ja;SOHO HOUSE+CO A DL-,01
US58733R1023;A0MYNP;AKTIE;Ja;MERCADOLIBRE INC. DL-,001
US5880561015;985284;AKTIE;Ja;MERCER INTL INC. DL 1
US5893392093;A2DUS5;AKTIE;Ja;MERCK KGAA NAM.SP.ADR 1/5
US58933Y1055;A0YD8Q;AKTIE;Ja;MERCK CO. DL-,01
US5893781089;911843;AKTIE;Ja;MERCURY SYSTEMS DL -,01
US5894001008;870346;AKTIE;Ja;MERCURY GENL CORP.
US5894921072;A2PEYJ;AKTIE;Ja;MEREO BIOPH. ADR LS-,003
US5898891040;882361;AKTIE;Ja;MERIT MED. SYS
US59001A1025;876864;AKTIE;Ja;MERITAGE HOMES DL-,01
US59045L1061;A2DTR7;AKTIE;Ja;MERSANA THERAP. DL-,0001
US5904791358;A2JSA9;AKTIE;Ja;MESA AIR GROUP INC
US59064R1095;923604;AKTIE;Ja;MESA LABS INC.
US5907174016;A4004R;AKTIE;Ja;MESOBLAST SP.ADRS 144A/10
US59100U1088;A0DQFX;AKTIE;Ja;PATHWARD FINANCIAL DL-,01
US5915202007;900070;AKTIE;Ja;METHODE ELECTR. DL-,50
US59156R1086;934623;AKTIE;Ja;METLIFE INC. DL-,01
US5926881054;910553;AKTIE;Ja;METTLER-TOLEDO INTL
US5949181045;870747;AKTIE;Ja;MICROSOFT DL-,00000625
US5949603048;A1JUDY;AKTIE;Ja;MICROVISION NEW DL -,001
US5949724083;722713;AKTIE;Ja;MICROSTRATEG.A NEW DL-001
US5950171042;886105;AKTIE;Ja;MICROCHIP TECH. DL-,001
US59503A2042;A2N5AS;AKTIE;Ja;MICROBOT MEDICAL DL-,01
US5951121038;869020;AKTIE;Ja;MICRON TECHN. INC. DL-,10
US59516C1062;A3CV9D;AKTIE;Ja;MICROVAST HOLD. DL-,0001
US59522J1034;889495;AKTIE;Ja;MID-AMER. APARTM. COMM.
US5962781010;923608;AKTIE;Ja;MIDDLEBY CORP. DL-,01
US6005441000;863205;AKTIE;Ja;MILLERKNOLL INC. DL-,20
US6005512040;899083;AKTIE;Ja;MILLER INDS DL-,01
US6025663096;A3EWMR;AKTIE;Nein;MIND TECHNOL. NEW DL-,01
US6030511033;A3CQUB;AKTIE;Ja;MINERAL RES. UNSP.ADR/1
US6031581068;885032;AKTIE;Ja;MINERALS TECHS DL-,10
US6033802058;A3DMH5;AKTIE;Ja;MINERVA NEUROSC. DL-,0001
US60458C1045;A3EQWL;AKTIE;Ja;MIRA PHARMACEUTICALS INC.
US60471A1016;A3C5TU;AKTIE;Ja;MIRION TECHNOL. DL-,0001
US6047491013;A2PM29;AKTIE;Ja;MIRUM PHARMAC. DL-,0001
US60510V1089;A2QCW7;AKTIE;Ja;MISSION PRODUCE DL-,001
US6067102003;883036;AKTIE;Ja;MITEK SYS INC. DL-,001
US6067762012;909781;AKTIE;Ja;MITSUBISHI ELECTR. ADR/2
US6067832070;A0HMDZ;AKTIE;Ja;MITSUB.EST.CO. ADR 1
US6068221042;A0HF5M;AKTIE;Ja;MITSUBISHI UFJ ADR 1
US60687Y1091;A0LEKK;AKTIE;Ja;MIZUHO FINL GR. ADR/0,2
US60770K1079;A2N9D9;AKTIE;Ja;MODERNA INC. DL-,0001
US6078281002;869795;AKTIE;Ja;MODINE MFG DL -,625
US60783X1046;A2QL23;AKTIE;Ja;MODIVCARE INC. DL-,001
US60786M1053;A1XDZ8;AKTIE;Ja;MOELIS+CO. A DL-,01
US6081901042;885067;AKTIE;Ja;MOHAWK INDS INC. DL-,01
US60853G1067;A3CSB5;AKTIE;Ja;MOLECULAR PARTNERS ADS/1
US60855D3098;A407S6;AKTIE;Ja;MOLECULIN BIOTECH DL-,001
US60855R1005;157781;AKTIE;Ja;MOLINA HEALTHCARE DL-,001
US60871R2094;A0DPTB;AKTIE;Ja;MOLSON COORS BEV B DL0,01
US6090271072;890467;AKTIE;Ja;MONARCH CASINO+RES.DL-,01
US6092071058;A1J4U0;AKTIE;Ja;MONDELEZ INTL INC. A
US60937P1066;A2DYB1;AKTIE;Ja;MONGODB INC. CL.A
US6098391054;A0DLC4;AKTIE;Ja;MONOLITHIC POWER DL-,001
US61023L2079;A40JML;AKTIE;Ja;MONOPAR THERAP. NEW
US6103351010;A1WZD8;AKTIE;Ja;MONROE CAP.CORP. DL -,001
US61174X1090;A14U5Z;AKTIE;Ja;MONSTER BEVER.NEW DL-,005
US6151111019;A2P939;AKTIE;Ja;MONTROSE ENV.GRP -,000004
US6153691059;915246;AKTIE;Ja;MOODY'S CORP DL-,01
US6153942023;865511;AKTIE;Ja;MOOG INC. CL.A DL 1
US6153943013;855344;AKTIE;Ja;MOOG INC. CL. B DL 1
US6174464486;885836;AKTIE;Ja;MORGAN STANLEY DL-,01
US6177001095;A0EADM;AKTIE;Ja;MORNINGSTAR INC. DL-,01
US61945C1036;A1JFWK;AKTIE;Ja;MOSAIC CO. DL-,01
US6200711009;910686;AKTIE;Ja;MOTORCAR PARTS OF AMERICA
US6200763075;A0YHMA;AKTIE;Ja;MOTOROLA SOLUTIONS DL-,01
US6245801062;887998;AKTIE;Ja;MOVADO GRP INC. DL-,01
US6246781081;A2PBD2;AKTIE;Ja;MOWI ASA SP.ADR
US62473G1022;A0YF6H;AKTIE;Ja;MTU A.E.HDG UNSP.ADR 1/2
US6247561029;887240;AKTIE;Ja;MUELLER INDS INC. DL-,01
US6247581084;A0J2LX;AKTIE;Ja;MUELLER WAT.PROD.A DL-,01
US62482R1077;A2N7G5;AKTIE;Ja;MR.COOPER GROUP DL-,01
US62526P8023;A418SH;AKTIE;Nein;MULLEN AUTOMOT. NEW 5/25
US6261881063;A0YF6G;AKTIE;Ja;MUENCH.RUECK.UNS.ADR 1/50
US6264251025;A0YKG0;AKTIE;Ja;MURATA MFG CO. UNSP.ADR 1
US6267171022;856127;AKTIE;Ja;MURPHY OIL CORP. DL 1
US6267551025;A1W33K;AKTIE;Ja;MURPHY USA INC. DL-,01
US62844N4060;A40ANC;AKTIE;Ja;MY SIZE INC. NEW DL-001
US6284641098;867141;AKTIE;Ja;MYERS IND. INC.
US62855J1043;897518;AKTIE;Ja;MYRIAD GENETICS DL-,01
US62856X2018;A401XM;AKTIE;Nein;TNF PHARMACEUT. DL 0,001
US62857J2015;A2PZCL;AKTIE;Ja;MYOMO INC. NEW DL-,0001
US62857X1019;A3C7GA;AKTIE;Ja;MYNARIC AG SP.ADS/0,25
US62886E1082;919692;AKTIE;Ja;NCR VOYIX CORP. DL-,01
US6289881079;A3ENR7;AKTIE;Ja;MYND AI INC. ADR
US62914V1061;A2N4PB;AKTIE;Ja;NIO INC.A S.ADR DL-,00025
US6292093050;A1W8UB;AKTIE;Ja;NMI HOLDS INC. DL -,01
US6293371067;905358;AKTIE;Ja;NN INC. DL-,01
US6293775085;A0BLR4;AKTIE;Ja;NRG ENERGY INC. DL-,01
US6294361067;A0X87L;AKTIE;Ja;NTT DATA GROUP ADR O.N.
US62943Y1055;A14WZS;AKTIE;Ja;BEKAERT UNSP.ADR 1/10
US6294442099;A4091K;AKTIE;Ja;NRX PHARM.INC. NEW O.N.
US6294452064;766101;AKTIE;Ja;NVE CORP. NEW DL-,01
US62944T1051;888265;AKTIE;Nein;NVR INC. DL-,01
US62955J1034;A2QLRE;AKTIE;Ja;NOV INC. DL-,01
US62955X3008;A4174B;AKTIE;Nein;NAAS TECHN.SP.ADR/200 N25
US6300873022;A2PSNF;AKTIE;Ja;NANOVIRICIDES NEW DL-,01
US63008G2030;A2PTUS;AKTIE;Ja;NANODIMENSION ADR 50 DL1
US63008J7028;A412UM;AKTIE;Ja;NANOVIBRONIX DL-,001
US63009J1079;A2QKZM;AKTIE;Ja;NANOBIOTIX S.A. SP.ADR
US6304021057;877793;AKTIE;Ja;NAPCO SEC.TECH.INC.DL-,01
US6311031081;813516;AKTIE;Ja;NASDAQ INC. DL -,01
US6315122092;A2DV3H;AKTIE;Ja;NASPERS N ADR/ 1/5 NEW
US6323471002;887530;AKTIE;Ja;NATHAN'S FAMOUS DL-,01
US6325254083;876218;AKTIE;Ja;NATL AUSTR. BK ADR 1/2
US63253R2013;A2N9D5;AKTIE;Ja;KAZATOMPROM GDR REGS 1/1
US6336438790;A3CWJR;AKTIE;Ja;NAT.B.GR. SPONS.ADR/1
US6350171061;901644;AKTIE;Ja;NATL BEVERAGE DL-,01
US6359061008;876949;AKTIE;Ja;NATL HEALTHCARE CORP.
US6361801011;854564;AKTIE;Ja;NATL FUEL GAS DL 1
US6362744095;A2DQR4;AKTIE;Ja;NATL GRID PLC ADR/5
US63633D1046;884296;AKTIE;Ja;NATL HEALTH INV. DL-,01
US6374171063;A0JMJZ;AKTIE;Ja;NNN REIT INC.
US63845R1077;A2H5Q0;AKTIE;Ja;NATIONAL VISION HLD.-,01
US6388423021;880900;AKTIE;Ja;NATURAL ALTERNAT.DL-,01
US63888U1088;A1J0X2;AKTIE;Ja;NAT.GRO.BY VIT.COT.DL-001
US63903X1037;A2N3Z0;AKTIE;Ja;NATURGY ENERGY ADR1/5/E01
US6390572070;A3DTEY;AKTIE;Ja;NATWEST GROUP SP.ADR/2
US63937X2027;A2PH4J;AKTIE;Ja;NAVIDEA BIOPHARM. DL-,001
US63938C1080;A11132;AKTIE;Ja;NAVIENT CORP. DL-,01
US63947X1019;A3DC14;AKTIE;Ja;NCINO INC. DL -,0005
US6402681083;165417;AKTIE;Ja;NEKTAR THERAPEUTICS
US64026Q1085;A2P7N6;AKTIE;Ja;NEL ASA ADR/30 NK -,20
US6404911066;883297;AKTIE;Ja;NEOGEN CORP. DL-,16
US64049M2098;120159;AKTIE;Ja;NEOGENOMICSINC. DL-,001
US64082B1026;A3C6XW;AKTIE;Ja;NERDWALLET INC. A -,0001
US64104Y1064;A14W0Z;AKTIE;Ja;NESTE OYJ UNSP.ADR 1/2
US6410694060;883723;AKTIE;Ja;NESTLE NAM. ADR/1 SF 1
US64107N2062;A0ET3X;AKTIE;Ja;LESAKA TECHNOLOGIES DL-01
US64110D1046;A0NHKR;AKTIE;Ja;NETAPP INC.
US64110L1061;552484;AKTIE;Ja;NETFLIX INC. DL-,001
US64110W1027;501822;AKTIE;Ja;NETEASE INC. ADR/5
US64111Q1040;578078;AKTIE;Ja;NETGEAR INC. DL-,001
US64115T1043;925244;AKTIE;Ja;NETSCOUT SYSTEMS DL-,001
US64118P1093;A0LFEH;AKTIE;Ja;NETLIST INC. DL -,001
US64119V3033;A2QBFN;AKTIE;Ja;NETSTREIT CORP. DL-,01
US64125C1099;900964;AKTIE;Ja;NEUROCRINE BIOSCI. DL-001
US64131A1051;A2JPMY;AKTIE;Ja;NEURONETICS INC. DL-,01
US6443931000;A2PDNK;AKTIE;Ja;NEW FORTRESS ENERGY CL.A
US6460251068;873388;AKTIE;Ja;NEW JERSEY RES DL2,50
US6475511001;A1JJ6G;AKTIE;Ja;NEW MOUNTAIN FINAN.DL-,01
US6475812060;A3DHHX;AKTIE;Ja;NEW ORIENT.EDU.+TE.ADR/10
US64828T2015;A12DW2;AKTIE;Ja;RITHM CAPITAL CORP.DL-,01
US6494454001;A40G3V;AKTIE;Ja;FLAGSTAR FINANCIAL
US6496048405;A3D7BQ;AKTIE;Ja;NEW YORK MTG TR.PS DL-,02
US6501111073;857534;AKTIE;Ja;N.Y. TIMES CL.A DL-,10
US6512291062;860036;AKTIE;Ja;NEWELL BRANDS INC. DL 1
US6515871076;A0B5U3;AKTIE;Ja;NEWMARKET CORP.
US6516391066;853823;AKTIE;Ja;NEWMONT CORP. DL 1,60
US6517185046;854501;AKTIE;Ja;NPK INTERNATIONAL DL-,01
US65249B1098;A1W03Z;AKTIE;Ja;NEWS CORP. A DL-,01
US65249B2088;A1W048;AKTIE;Ja;NEWS CORP. (NEW) B DL-,01
US6525262035;A12C7Z;AKTIE;Ja;NEWTEKONE DL-,02
US65336K1034;622325;AKTIE;Ja;NEXSTAR MEDIA GR. DL-,01
US65338U1097;A1JMSR;AKTIE;Ja;NEXANS ADR EO 1
US65339F1012;A1CZ4H;AKTIE;Ja;NEXTERA ENERGY INC.DL-,01
US65341D1028;A14QBV;AKTIE;Ja;NEXPOINT RESIDENT. DL-,01
US65342K1051;A2DVCF;AKTIE;Ja;NEXTDECADE CORP. DL-,01
US65343E1082;A2PHHE;AKTIE;Ja;NEXTCURE INC. DL-,001
US65345N1063;A3C8W0;AKTIE;Ja;NEXTNAV INC. DL-,0001
US6536561086;905394;AKTIE;Ja;NICE LTD. ADR/4 O.N.
US65366E1001;A3DFK2;AKTIE;Ja;NIBE INDUSTR. UNSP.ADR/1
US6540901096;505531;AKTIE;Ja;NIDEC CORP.SPONS.ADR/1/4
US6541061031;866993;AKTIE;Ja;NIKE INC. B
US6541103031;A40GAE;AKTIE;Nein;NIKOLA CORP. NEW O.N.
US65441V1017;A2JBN9;AKTIE;Ja;NINE ENERGY SVC DL -,01
US65442R2085;A3D360;AKTIE;Ja;9F INC. ADR/20 CL.A
US6544453037;905551;AKTIE;Ja;NINTENDO UNS.ADR/0,25O.N.
US6546241059;893732;AKTIE;Ja;NIPPON TEL.+TEL.ADR
US6546333047;A0RECG;AKTIE;Ja;NIPPON YUSEN K.K.SP.DR1/5
US65473P1057;876731;AKTIE;Ja;NISOURCE INC.
US6547444082;877365;AKTIE;Ja;NISSAN MOTOR SP. ADR/2
US6548022069;A0JC64;AKTIE;Ja;NITTO DENKO CORP. ADR 1
US65481N1000;A2N7LN;AKTIE;Ja;NIU TECH. ADR/2 A -,0001
US65487X1028;A1C8V1;AKTIE;Ja;NOAH HLDGS LTD SP.ADR/5
US6549022043;892885;AKTIE;Ja;NOKIA OYJ A ADR 1/EO-,06
US65528V1070;A1W9T2;AKTIE;Ja;NOKIAN RENKA.UNSP.ADR 1/2
US65535H2085;912593;AKTIE;Ja;NOMURA HLDGS ADR/1 O.N.
US65540B1052;A1W1QK;AKTIE;Ja;NOODLES+CO. A DL-,01
US6556631025;866725;AKTIE;Ja;NORDSON CORP.
US6558441084;867028;AKTIE;Ja;NORFOLK STHN CORP. DL 1
US6565316055;871628;AKTIE;Ja;NORSK HYDRO NK ADR 1,098
US6655313079;A2QEP7;AKTIE;Ja;NORTHERN OIL A.GAS DL-001
US6658591044;854009;AKTIE;Ja;NORTHN TRUST CORP.DL1,666
US6667621097;923687;AKTIE;Ja;NORTHRIM BA. DL-,01
US6668071029;851915;AKTIE;Ja;NORTHROP GRUMMAN DL 1
US6673401039;A0YF80;AKTIE;Ja;NORTHWEST BANCSHS DL-,01
US66765N1054;A2N6X4;AKTIE;Ja;NORTHWEST NATURAL HLDG
US6677461013;923660;AKTIE;Ja;NORTHWEST PIPE CO. DL-,01
US6687711084;A2PUXE;AKTIE;Ja;GEN DIGITAL INC. DL-,01
US66981J1025;A2QE9X;AKTIE;Ja;MINISO GRP HLD.ADS/4
US66987P4090;A40E7V;AKTIE;Ja;NOVABAY PHARMAC. DL-,01
US66987V1098;907122;AKTIE;Ja;NOVARTIS NAM. ADR 1
US6700024010;A2PKMZ;AKTIE;Ja;NOVAVAX INC. DL-,01
US6701002056;866931;AKTIE;Ja;NOVO-NORDISK B ADR/1DK 10
US6701081092;A0YF6B;AKTIE;Ja;NOVONESIS A/S SPONS.ADR 1
US67010L1008;A3DFKW;AKTIE;Ja;NOVONIX LTD SP.ADS/4
US67011P1003;A113R6;AKTIE;Ja;DNOW INC DL-,01
US67018T1051;903911;AKTIE;Ja;NU SKIN ENTERPRISES A
US67022C2052;A409MU;AKTIE;Ja;NUCANA SP.ADR 25/ LS-,04
US6703461052;851918;AKTIE;Ja;NUCOR CORP. DL-,40
US67059N1081;A2ACQE;AKTIE;Ja;NUTANIX INC. A
US67066G1040;918422;AKTIE;Ja;NVIDIA CORP. DL-,001
US67072T1088;A0M7HX;AKTIE;Ja;NUVEEN FTG RATE INC.FD
US67073S3076;A3D384;AKTIE;Ja;CIMG DL -,00001
US6708371033;858352;AKTIE;Ja;OGE EN. CORP. DL -,01
US6708755094;797726;AKTIE;Ja;OMV AG ADR 4
US67091J6029;A40S36;AKTIE;Ja;LOGICMARK NEW24 DL-,0001
US67098H1041;A2PXK0;AKTIE;Ja;O-I GLASS INC. DL-,01
US67103B1008;A1KA52;AKTIE;Ja;OFS CAPITAL CORP. DL -,01
US67103H1077;A1H5JY;AKTIE;Ja;O'REILLY AUTOMOTIV.DL-,01
US6710441055;909273;AKTIE;Ja;OSI SYSTEMS INC.
US67111Q1076;A2N7LT;AKTIE;Ja;OFS CREDIT CO. IN DL-,001
US67401P4054;A3D4SC;AKTIE;Ja;OAKTR.SPEC.LEND.NEW -,001
US6742152076;A2QJUT;AKTIE;Ja;CHORD ENERGY DL -,01
US67421J2078;A41264;AKTIE;Ja;OATLY GROUP AB
US6745991058;851921;AKTIE;Ja;OCCIDENTAL PET. DL-,20
US6748705067;A2PFQU;AKTIE;Ja;OCEAN POWER TECH. DL-,01
US6752321025;865291;AKTIE;Ja;OCEANEERG INTL INC.DL-,25
US67575Y1091;A1JTAH;AKTIE;Ja;OCULUS INC.
US67576A1007;A1180P;AKTIE;Ja;OCULAR THERAPEUT.DL-,0001
US67577C1053;A2PSZH;AKTIE;Ja;OCUGEN INC. DL-,001
US67577R1023;A2QG4Z;AKTIE;Ja;OPUS GENETICS DL-,0001
US6761182012;A2AEZV;AKTIE;Ja;ODYSSEY MAR.EXPL. DL-0001
US67623C1099;A2PBHT;AKTIE;Ja;OFFICE PPTYS INC. TR. SBI
US67644C1045;A3D2GJ;AKTIE;Ja;OCEAN BIOMED.NEW -,000001
US6778641000;865311;AKTIE;Ja;OIL-DRI CORP. AMER.DL-,10
US6780261052;588716;AKTIE;Ja;OIL STATES INTEL DL-,01
US6792951054;A2DNKR;AKTIE;Ja;OKTA INC. CL.A O.N.
US6795801009;923655;AKTIE;Ja;OLD DOMIN.FR.LINE DL-,10
US6800331075;883852;AKTIE;Ja;OLD NATL BANCORP. IND.
US6802231042;883298;AKTIE;Ja;OLD REPUBLIC INTL DL 1
US6806652052;851936;AKTIE;Ja;OLIN CORP. DL 1
US6811161099;A14WW1;AKTIE;Ja;OLL.BARG.OUTL.HLD.DL-,001
US6819191064;871706;AKTIE;Ja;OMNICOM GRP INC. DL-,15
US6819361006;890454;AKTIE;Ja;OMEGA HEALTHC. INV. DL-10
US68213N1090;632313;AKTIE;Ja;OMNICELL INC. DL-,001
US6821431029;A0NBFF;AKTIE;Ja;OMEROS CORP. DL -,01
US6821513032;A0DPEZ;AKTIE;Ja;OMRON CORP. ADR/1 O.N.
US6821891057;930124;AKTIE;Ja;ON SEMICOND. DL-,01
US68232V8845;A40PJ7;AKTIE;Nein;TRAWS PHARMA INC. DL-,01
US68235C2061;A3EQV9;AKTIE;Ja;ONCOCYTE CORP.
US68235P1084;A1XB2X;AKTIE;Ja;ONE GAS INC. DL-,01
US68236P2065;A40063;AKTIE;Nein;ONCTERNAL THERAP. DL-,001
US68237Q1040;A40MF5;AKTIE;Ja;ONCONETIX INC. DL -,00001
US6824061039;878237;AKTIE;Ja;ONE LIBERTY PROPTS DL 1
US68247Q2012;A40ZAX;AKTIE;Nein;111 INC. ADR/20 CL.A
US68247W1099;A2JDGD;AKTIE;Ja;ONE STOP SYSTEMS INC.
US6826801036;911060;AKTIE;Ja;ONEOK INC. (NEW) DL-,01
US68268W1036;A2ABC0;AKTIE;Ja;ONEMAIN HOLDINGS DL-,01
US6827361030;A2N6NC;AKTIE;Ja;ONO PHARMA. ADR 1/3
US68278B1070;A3DPH2;AKTIE;Ja;ONESTR.INC.CL.A DL-,0001
US68287N1000;A2JNEB;AKTIE;Ja;ONESPAN INC. DL-,001
US6833441057;A2PUFT;AKTIE;Ja;ONTO INNOVATION
US6833734014;A40NZ1;AKTIE;Nein;ONTRAK INC. O.N.
US6837121036;A2QHR0;AKTIE;Ja;OPENDOOR TECHNOLOGIES INC
US68373L5057;A40DDQ;AKTIE;Ja;OPGEN INC. DL-,01
US68373M1071;A2JRLX;AKTIE;Ja;OPERA LTD. SP.ADR/1
US68375N1037;A0MUUJ;AKTIE;Ja;OPKO HEALTH INC. DL-,01
US68386J2087;A2QEW7;AKTIE;Ja;OPTHEA LTD (SP.ADR/8)
US68389X1054;871460;AKTIE;Ja;ORACLE CORP. DL-,01
US6840236094;A416QJ;AKTIE;Nein;ORAGENI.NEW MAY 25 DL-001
US68403P2039;A1CTNU;AKTIE;Ja;ORAMED PHARMA.NEW DL-,001
US68404L2016;A2PZEY;AKTIE;Ja;OPTION CARE HEALTH DL-,01
US6840601065;A1W1L6;AKTIE;Ja;ORANGE S.A. ADR EO 4
US68554V1089;881351;AKTIE;Ja;ORASURE TECH
US68571X3017;A3DR6C;AKTIE;Ja;ORCHID ISLAND CAPIT.DL-01
US68620A3023;A41083;AKTIE;Nein;VIVOSIM LABS INC. DL-,001
US68621F1021;A2PA31;AKTIE;Ja;ORGANOGENESIS HLDGS
US68621T1025;A2JLY6;AKTIE;Ja;ORIGIN BANCORP IN DL5
US68622D1063;A3CTJR;AKTIE;Ja;ORIGIN MATER. A DL-,0001
US68622P1093;A2P208;AKTIE;Ja;ORIC PHARMAC.INC.DL-,0001
US68622V1061;A3CPKP;AKTIE;Ja;ORGANON + CO. DL -,01
US68628V3087;A0NDW6;AKTIE;Ja;ORION MARINE GROUP DL-,01
US68629Y1038;A3C684;AKTIE;Ja;ORION PROPERTIES DL-,01
US6863301015;929254;AKTIE;Ja;ORIX CORP. ADR/1 O.N.
US6866881021;A0DK9X;AKTIE;Ja;ORMAT TECHNOLOG. DL-,001
US68750L1026;A2H652;AKTIE;Ja;ORSTED UNSP.ADR 1/3 DK 10
US6876041087;A3DPH3;AKTIE;Ja;ORUKA THERAPEUTICS INC.
US6882392011;870494;AKTIE;Ja;OSHKOSH CORP. DL -,01
US68902V1070;A2P1UZ;AKTIE;Ja;OTIS WORLDWID.CORP DL-,01
US6896481032;919111;AKTIE;Ja;OTTER TAIL DL 5
US69002R1032;A3CV8N;AKTIE;Ja;OUTBRAIN INC. DL-,001
US69007J3041;A40Z4J;AKTIE;Ja;OUTFRONT MEDIA INC. NEW
US69012T3059;A4046T;AKTIE;Ja;OUTLOOK THERAP. DL-,01
US6903701018;645086;AKTIE;Ja;BEYOND, INC. DL-,01
US6904691010;A2DQ8S;AKTIE;Ja;OVID THERAPEUTICS DL-,001
US69047Q1022;A2PYY3;AKTIE;Ja;OVINTIV INC. DL-,01
US6907321029;904611;AKTIE;Ja;OWENS + MINOR DL 2
US6907421019;A0LCN9;AKTIE;Ja;OWENS CORNING NEW DL-,01
US69121K1043;A2PPPV;AKTIE;Ja;BLUE OWL CAPITAL DL-,01
US6914973093;859547;AKTIE;Ja;OXFORD IND. DL 1
US6915431026;A0RDSH;AKTIE;Ja;OXFORD LANE CAP. DL -,01
US69181V1070;A2JG23;AKTIE;Ja;OXFORD SQUARE CAP. DL-,01
US69291A1007;A2QGHH;AKTIE;Ja;PHX MINERALS A DL-,01666
US69318G1067;A1J9SG;AKTIE;Ja;PBF ENERGY INC. CL.A
US6932821050;541307;AKTIE;Ja;PDF SOLUTIONS DL-,0001
US69331C1080;851962;AKTIE;Ja;PG + E CORP.
US69343T1079;A140CF;AKTIE;Ja;PJT PARTNERS INC.A DL-,01
US69344D4088;A2APXA;AKTIE;Ja;PLDT INC. SP. ADRS/1 PP 5
US69346N1072;A2PXGL;AKTIE;Ja;PIMCO ENERGY+TACT.CR.OPPS
US6934751057;867679;AKTIE;Ja;PNC FINL SERVICES GRP DL5
US6934831099;893094;AKTIE;Ja;POSCO HOL.ADR 1/4/SW 5000
US69349H1077;529983;AKTIE;Ja;TXNM ENERGY INC.
US6935061076;852026;AKTIE;Ja;PPG IND. INC. DL 1,666
US69351T1060;895250;AKTIE;Ja;PPL CORP. DL-,01
US69354N1063;A12ELV;AKTIE;Ja;PRA GROUP INC. DL-,01
US6936561009;A1JHA5;AKTIE;Ja;PVH CORP. DL 1
US69366J2006;A1W0MW;AKTIE;Ja;PTC THERAPEUTICS DL-,001
US69370C1009;A1H9GN;AKTIE;Ja;PTC INC. DL -,01
US6937181088;861114;AKTIE;Ja;PACCAR INC. DL 1
US69404D1081;A1C3EQ;AKTIE;Ja;PAC.BIOSCI.OF CAL.DL-,001
US6951271005;A1H68T;AKTIE;Ja;PACIRA BIOSCIENC. DL-,001
US6951561090;932483;AKTIE;Ja;PACKAGING CORP. OF AMER.
US69553P1003;A2PF9K;AKTIE;Ja;PAGERDUTY INC. DL-,000005
US69608A1088;A2QA4J;AKTIE;Ja;PALANTIR TECHNOLOGIES INC
US6963894026;A4098S;AKTIE;Nein;PALISADE BIO INC. DL-,001
US6974351057;A1JZ0Q;AKTIE;Ja;PALO ALTO NETWKS DL-,0001
US69753M1053;A2PHB6;AKTIE;Ja;PALOMAR HLDGS DL-,0001
US6976602077;A0LEB0;AKTIE;Ja;PAMPA ENERGIA SA GDR S/25
US6979471090;A40RA6;AKTIE;Nein;PALVELLA THERAPEUTICS NEW
US6988131024;896795;AKTIE;Ja;PAPA JOHN'S INTL DL-,01
US69888T2078;A12CUR;AKTIE;Ja;PAR PACIFIC HLDGS DL-,01
US69924M1099;A14Q9C;AKTIE;Ja;PARAMOUNT GOLD NEV. DL-01
US69924R1086;A1W9NU;AKTIE;Ja;PARAMOUNT GROUP DL -,01
US7002153044;A0KEQ1;AKTIE;Ja;REPOSITRAK INC. DL -,01
US7005171050;A2AQ45;AKTIE;Ja;PARK HOTELS+RESORTS DL-01
US7010941042;855950;AKTIE;Ja;PARKER-HANNIFIN DL-,50
US7014911025;A2PWTR;AKTIE;Ja;PARK24 SPONS. ADR/1
US70202L1026;A2PJFZ;AKTIE;Ja;PARSONS CORP. DL1
US7033431039;873181;AKTIE;Ja;PATRICK IND. INC.
US7034811015;905153;AKTIE;Ja;PATTERS.-UTI DL-,01
US7043261079;868284;AKTIE;Ja;PAYCHEX INC. DL-,01
US70432V1026;A1XFVG;AKTIE;Ja;PAYCOM SOFTWARE DL -,01
US70438V1061;A1XE9W;AKTIE;Ja;PAYLOCITY HLDG DL-,001
US70450Y1038;A14R7U;AKTIE;Ja;PAYPAL HDGS INC.DL-,0001
US7045511000;A2DPT7;AKTIE;Ja;PEABODY ENERGY DL-,01
US70465T1079;A2PF3F;AKTIE;Ja;PDS BIOTECHNOLOGY CORP.
US70532Y3036;A2DN73;AKTIE;Ja;PEDEVCO CORP. DL-,20
US7055731035;901951;AKTIE;Ja;PEGASYSTEMS DL-,01
US70614W1009;A2PR0M;AKTIE;Ja;PELOTON INTE.A DL-,000025
US70805E1091;A2PRK9;AKTIE;Ja;PENNANT GROUP DL -,001
US7080621045;A0MVG5;AKTIE;Ja;PENNANTPARK INVT DL-,001
US70806A1060;A1JQAB;AKTIE;Ja;PENNANTPARK FLOAT.RATE C.
US70931T1034;A0Q4ZU;AKTIE;Ja;PENNYMAC MRTGE INV. SBI
US70932M1071;A2N8PG;AKTIE;Ja;PENNYMAC FIN.SVCS DL-,01
US70959W1036;A0MWJE;AKTIE;Ja;PENSKE AUTOMOTIVE DL-0001
US70975L1070;A14Y65;AKTIE;Ja;PENUMBRA INC.
US7134481081;851995;AKTIE;Ja;PEPSICO INC. DL-,0166
US71360T2006;A3EKLU;AKTIE;Ja;PERASO INC. NEW O.N.
US71363P1066;A2PXSY;AKTIE;Ja;PERDOCEO EDUCATION DL-,01
US71377A1034;A140K1;AKTIE;Ja;PERFORMANCE FD GR. DL-,01
US7140461093;850943;AKTIE;Ja;REVVITY INC. DL 1
US7141572039;A1W5VC;AKTIE;Ja;PERMA-FIX ENVIRONMTL SVCS
US71424F1057;A3DTTK;AKTIE;Ja;PERMIAN RESOUR. CL.A O.N.
US7142643060;A3C69T;AKTIE;Ja;PERNOD RIC. SA SP.ADR 1/5
US71535D1063;A2PLTK;AKTIE;Ja;PERSONALIS INC. DL-,001
US7156841063;898255;AKTIE;Ja;TELKOM INDONESIA ADR/100
US71601V1052;A2QL60;AKTIE;Ja;PETCO HEALTH CL.A DL-,001
US7163821066;121843;AKTIE;Ja;PETMED EXPRES.INC DL-,001
US71654V1017;615375;AKTIE;Ja;PETROL.BRAS.PFD ADR/2 O.N
US71654V4086;541501;AKTIE;Ja;PETROLEO BRASILEIRO ADR/2
US7170811035;852009;AKTIE;Ja;PFIZER INC. DL-,05
US71716E1055;A2QLQY;AKTIE;Ja;PHARMING GRP SP. ADRS
US71742Q1067;A1WZ6P;AKTIE;Ja;PHIBRO ANIMAL HEALTH A
US7181721090;A0NDBJ;AKTIE;Ja;PHILIP MORRIS INTL INC.
US71844V2016;A3CU4U;AKTIE;Ja;PHILLIPS EDISON DL -,01
US7185461040;A1JWQU;AKTIE;Ja;PHILLIPS 66 DL-,01
US71880K1016;A3EMJQ;AKTIE;Ja;PHINIA INC.
US71910C2026;A3DM9U;AKTIE;Ja;PHOENIX NEW MED.ADR 1/48
US7194051022;879430;AKTIE;Ja;PHOTRONICS INC.
US71944F1066;A2PMY3;AKTIE;Ja;PHREESIA INC. DL-,01
US71948P2092;A404G9;AKTIE;Ja;PHUNWARE INC. NEW O.N.
US72016P1057;A3CPH1;AKTIE;Ja;PIEDMONT LITHIUM INC.
US72147K1088;A0YJBW;AKTIE;Ja;PILGRIM'S PRIDE DL-,01
US72201Y1010;A1T7JA;AKTIE;Ja;PIMCO DYNAMIC INCOME FD
US7223041028;A2JRK6;AKTIE;Ja;PDD HOLDINGS SP.ADR/4
US72303P5035;A416JV;AKTIE;Nein;SUNATION ENER. NEW DL-,05
US72346Q1040;634714;AKTIE;Ja;PINNACLE FINANCIAL DL 1
US7234841010;853915;AKTIE;Ja;PINNACLE WEST CAPITAL
US7240781002;A0BLBX;AKTIE;Ja;PIPER SANDLER COS DL-,01
US7242495031;A3CN5S;AKTIE;Ja;PIRAEUS F.HL.ADR NEW 2021
US7244791007;852025;AKTIE;Ja;PITNEY-BOWES INC. DL 1
US72581M3051;A0Q3ZH;AKTIE;Ja;PIXELWORKS INC.NEW DL-,01
US72703H1014;A14U2K;AKTIE;Ja;PLANET FITNESS A DL-,0001
US72707C1080;A3ERJQ;AKTIE;Ja;PLANET 13 HOLDINGS O.N.
US72815L1070;A2QMJZ;AKTIE;Ja;PLAYTIKA HOLDING DL-,01
US7291321005;911990;AKTIE;Ja;PLEXUS CORP. DL-,01
US7291391057;A2P4YV;AKTIE;Ja;PLIANT THERA.INC.DL-,0001
US72919P2020;A1JA81;AKTIE;Ja;PLUG POWER INC. DL-,01
US72941H5090;A3EEZB;AKTIE;Ja;PLUS THERAPEUTICS
US72942G2030;A408KW;AKTIE;Ja;PLURI INC. NEW
US73102V2043;A40SXB;AKTIE;Nein;POLAR POWER INC. NEW
US7310681025;893819;AKTIE;Ja;POLARIS INC. DL -,01
US7311051020;A3DP4Q;AKTIE;Ja;POLESTAR AUTO.ADR/C1
US7311052010;A3DP4R;AKTIE;Ja;POLESTAR AUTO.ADR/A
US73278L1052;A0JMVJ;AKTIE;Ja;POOL CORP. DL-,001
US7329081084;A40VVU;AKTIE;Nein;PONY AI INC. SP.ADR/1
US7332451043;A2QK2W;AKTIE;Ja;PORCH GROUP INC. DL-,0001
US73328P1066;PAH0AD;AKTIE;Ja;PORSCHE AUT.UNSP.ADR 1/10
US73688F2011;A3CVK7;AKTIE;Ja;PORTMAN RIDGE FIN. DL-,01
US7374461041;A1JS25;AKTIE;Ja;POST HLDGS INC. DL-,01
US73754Y1001;A1W5PD;AKTIE;Ja;POTBELLY CORP. DL -,01
US73757R1023;A2PJPC;AKTIE;Ja;POSTAL REALTY TR.A DL-,01
US7376301039;A0JDAK;AKTIE;Ja;POTLATCHDELTIC CORP. DL 1
US7391281067;865628;AKTIE;Ja;POWELL IND. INC. DL -,01
US7391972004;A1JH05;AKTIE;Ja;POWER ASSETS HLDG.ADR HD1
US7392761034;911299;AKTIE;Ja;POWER INTEGRATIONS DL-001
US73931J1097;A2PS8H;AKTIE;Ja;POWERFLEET INC. DL-,01
US74017N1054;A2PZG1;AKTIE;Ja;PRECIGEN INC.
US74019L6020;A3ETCE;AKTIE;Ja;PRECIPIO INC. DL-,001
US74019P2074;A400AS;AKTIE;Ja;PRECISION BIOSC. O.N.
US74039M3097;A2QPFZ;AKTIE;Ja;PREDICTIV.ONCOLOGY DL-,01
US7404441047;A0B8P4;AKTIE;Ja;PREFORMED LINE PROD. DL 2
US74144T1088;870967;AKTIE;Ja;T.ROW.PR.GRP DL-,20
US7415111092;915929;AKTIE;Ja;PRICESMART INC. DL-,0001
US74164F1030;A0Q78W;AKTIE;Ja;PRIMORIS SERVICES CORP.
US74164M1080;A1CVKD;AKTIE;Ja;PRIMERICA INC. DL-,01
US74251V1026;694660;AKTIE;Ja;PRINCIPAL FINL GRP DL-,01
US7427181091;852062;AKTIE;Ja;PROCTER GAMBLE
US74275K1088;A2P1MS;AKTIE;Ja;PROCORE TECH.INC.DL-,0001
US74319F4046;A40R36;AKTIE;Ja;BIORA THERAP.INC. O.N.
US74319R1014;A2QKD7;AKTIE;Ja;PROG HOLDINGS A DL-,50
US7433121008;884284;AKTIE;Ja;PROGRESS SOFTWARE DL-,01
US7433151039;865496;AKTIE;Ja;PROGRESSIVE CORP. DL 1
US74340W1036;A1JBD1;AKTIE;Ja;PROLOGIS INC. DL-,01
US7434762024;A1J7JT;AKTIE;Ja;PROSIEBENSAT.1 MEDI.ADR4/
US74348T1025;A0B746;AKTIE;Ja;PROSPECT CAP CORP.DL-,001
US74365A3095;A2PWSL;AKTIE;Ja;PROTALIX BIOTHERAP.DL-,01
US74365N3017;A4170T;AKTIE;Nein;PROTAGENIC THERAP.INC.NEW
US74365P1084;A2PRLA;AKTIE;Ja;PROSUS NV ADR/ 1/1
US74365U1079;A2P4JE;AKTIE;Ja;PROTARA THERAPEUT.DL-,001
US7437131094;A1JUHT;AKTIE;Ja;PROTO LABS INC. DL-,001
US74386T1051;725214;AKTIE;Ja;PROVIDENT FINL SVCS DL-01
US74428W1080;A14WT6;AKTIE;Ja;PROXIMUS S.A.ADR 1/5
US7443201022;764959;AKTIE;Ja;PRUDENTIAL FINL DL-,01
US74435K2042;501844;AKTIE;Ja;PRUDENTIAL ADR/2 LS-,05
US7445731067;852070;AKTIE;Ja;PUBL. SVC.ENTER.
US74460D1090;867609;AKTIE;Ja;PUBLIC STORAGE DL-,10
US74463M1062;577952;AKTIE;Ja;PUBLICIS GRP ADR 1/4/EO,4
US7458481014;A2P1AF;AKTIE;Ja;PULMONX CORP. DL-,001
US74584P3010;A3DWEE;AKTIE;Ja;PULMATRIX INC. DL-,0001
US7458671010;854435;AKTIE;Ja;PULTE GROUP INC. DL -,01
US74587B1017;A2AMY9;AKTIE;Ja;PULSE BIOSCIENCES DL-,001
US74589A1016;A2P4JB;AKTIE;Ja;PUMA SE UNSP.ADR 1/10
US74624M1027;A14YFN;AKTIE;Ja;PURE STORAGE CL.A DL-0001
US74638P2083;A40NWE;AKTIE;Ja;PURPLE BIOT.LTD ADR NEW
US7469641051;A4ZZ0Z;AKTIE;Ja;Q32 BIO INC. O.N.
US74727A1043;908962;AKTIE;Ja;QCR HOLDINGS DL-,01
US74728G6052;A1JMDQ;AKTIE;Ja;QBE INSURANCE GRP SP.ADR
US7473011093;A1C12H;AKTIE;Ja;QUAD GRAPHICS INC. CL. A
US7473161070;865108;AKTIE;Ja;QUAKER HOUGHTON CORP. DL1
US74736K1016;A12CY9;AKTIE;Ja;QORVO INC.DL -,0001
US74736L1098;A1XEYE;AKTIE;Ja;Q2 HLDGS INC. DL-,0001
US7475251036;883121;AKTIE;Ja;QUALCOMM INC. DL-,0001
US74754R3012;A40THA;AKTIE;Nein;QUALIGEN THER. DL-,001
US74758T3032;A1J423;AKTIE;Ja;QUALYS INC. DL -,001
US7476191041;A0MV6A;AKTIE;Ja;QUANEX BUILD. PRODS DL-01
US74762E1029;912294;AKTIE;Ja;QUANTA SVCS DL-,00001
US7477981069;A2H5CY;AKTIE;Ja;QUDIAN INC. ADR/1
US7479066000;A40M9N;AKTIE;Ja;QUANTUM CORP. DL0
US74834L1008;904533;AKTIE;Ja;QUEST DIAGNOSTICS DL-,01
US74836W2035;A2APZJ;AKTIE;Ja;QUEST RESOUR.HLDG DL-,001
US74837P4054;A2PXKK;AKTIE;Ja;QUICKLOGIC CORP. DL-,001
US74841Q2093;A3DR5Q;AKTIE;Ja;QUHUO LTD SP.ADR/10 CL.A
US74874Q1004;A0RDUR;AKTIE;Ja;QUINSTREET INC DL-,01
US74915M6057;A41BJX;AKTIE;Nein;QVC GROUP A DL -,01
US74915M7048;A41BJY;AKTIE;Nein;QVC GROUP B DL -,01
US74933X6094;A40HQP;AKTIE;Nein;CATHETER PR. NEW DL-,0001
US74934Q1085;A119ZB;AKTIE;Ja;RCI HOSPITAL.HLDGS DL-,01
US7495271071;A2DKYD;AKTIE;Ja;REV GROUP INC. DL-,001
US7496071074;857241;AKTIE;Ja;RLI CORP. DL 1
US7496601060;869766;AKTIE;Ja;RPC INC. DL-,10
US74967R1068;A1436S;AKTIE;Ja;RMR GROUP INC.CL.A DL-,01
US74967X1037;A2DJTU;AKTIE;Ja;RH DL-,0001
US7496851038;863462;AKTIE;Ja;RPM INTERN. INC. DL-,01
US74969N1037;A2QMDC;AKTIE;Ja;RLX TECH. SP.ADR/1 CL.A
US74973Y1038;A2AFZX;AKTIE;Ja;RTL GROUP UNSP.ADR 10
US74975E3036;879513;AKTIE;Ja;RWE AG ADR 1
US74982T1034;A3DX25;AKTIE;Ja;RXO INC.
US7502361014;885069;AKTIE;Ja;RADIAN GRP INC. DL-,001
US75025X1000;A1H7BU;AKTIE;Ja;RADIANT LOGISTICS DL-,001
US7504911022;A0LFMZ;AKTIE;Ja;RADNET INC. DL-,01
US7507321096;A2QHNE;AKTIE;Ja;RAIFFEIS. UNSPON.ADR/1/4
US7509171069;906870;AKTIE;Ja;RAMBUS INC.(DEL.) DL-,001
US7512121010;A1JD3A;AKTIE;Ja;RALPH LAUREN A DL-,01
US75134P6007;A3EMQ8;AKTIE;Ja;RAMACO RES.INC. A DL-,01
US75279Q1085;A14W1Q;AKTIE;Ja;RANDSTAD ADRS 1/2 EO-,10
US75281A1097;867939;AKTIE;Ja;RANGE RES CORP. DL-,01
US75321W1036;A2PLRS;AKTIE;Ja;RANPAK HLD. CL.A DL-,0001
US7534221046;A14WK1;AKTIE;Ja;RAPID7 INC. DL -,01
US75382E1091;A2PNYQ;AKTIE;Ja;RAPT THERAP. INC.DL-,0001
US75410B1017;A2QG8Y;AKTIE;Ja;RATIONAL UN.ADR 1/ 1/20
US7547301090;875072;AKTIE;Ja;RAYMOND JAMES FIN. DL-,01
US7549071030;889684;AKTIE;Ja;RAYONIER INC.
US75508B1044;A115CX;AKTIE;Ja;RAYONIER ADV. MATERIALS
US75513E1010;A2PZ0R;AKTIE;Ja;RTX CORP. -,01
US75524W1080;A1W4VU;AKTIE;Ja;RE/MAX HLDGS A DL -,0001
US75574U1016;A2N6VM;AKTIE;Ja;READY CAPITAL DL.-,0001
US75605Y1064;A1J54Y;AKTIE;Ja;ANYWHERE REAL EST. DL-,01
US75607T1051;A3EC6X;AKTIE;Ja;REALPHA TECH CORP
US7561091049;899744;AKTIE;Ja;REALTY INC. CORP. DL 1
US7561581015;A0YCXM;AKTIE;Ja;REAVES UTILITY INC. SBI
US7562552049;A1KA5V;AKTIE;Ja;RECKIT.BENCK. SP. ADR 1/5
US75629J1016;A3C6T7;AKTIE;Ja;RECRUIT HLD.UNSP.ADR/0,2
US75644T1007;A2PPXB;AKTIE;Ja;RED CAT HDGS INC.DL -,001
US75689M1018;663749;AKTIE;Ja;RED ROBIN GOURMET DL-,001
US75704L1044;A2JGBV;AKTIE;Ja;RED VIOLET INC. O.N.
US75737F1084;A2DU22;AKTIE;Ja;REDFIN CORP. DL-,001
US7574683014;A40MF2;AKTIE;Nein;REDHILL B.AD 10000/IL-,01
US7580754023;905851;AKTIE;Ja;REDWOOD TRUST DL-,01
US7587501039;876288;AKTIE;Ja;REGAL REXNORD CORP.DL-,01
US7588491032;888499;AKTIE;Ja;REGENCY CENT DL-,01
US75886F1075;881535;AKTIE;Ja;REGENERON PHARMAC.DL-,001
US7589322061;A3E2G0;AKTIE;Ja;REGIS CORP. (MINN.) DL-05
US75901B1070;A140E0;AKTIE;Ja;REGENXBIO INC. DL-,0001
US75902K1060;A1JXWY;AKTIE;Ja;REGIONAL MAN.CORP.DL -,10
US7591EP1005;A0B6XA;AKTIE;Ja;REGIONS FINANCIAL DL-,01
US7593516047;A0RC70;AKTIE;Ja;REINSUR.GRP AM. DL-,01
US7594191048;A2PJLA;AKTIE;Ja;REKOR SYSTEMS INC. DL-,01
US7594701077;884241;AKTIE;Ja;RELIANCE INDS GDR 144A/4
US7595091023;892629;AKTIE;Ja;RELIANCE INC.
US7595301083;A14VSC;AKTIE;Ja;RELX ADR/1/4 LS-,144397
US75955J4022;A2PSZF;AKTIE;Ja;RELMADA THERAPEUT.DL-,001
US7595JP3044;A3EERE;AKTIE;Nein;RELIEF THER.HL.SP.ADR
US7596734035;A14P3H;AKTIE;Ja;RENAU.UNSP.ARD 1/5 EO3,81
US75971T3014;A2DLEP;AKTIE;Ja;EMEREN GROUP ADR 10
US75972B1017;A1CV6T;AKTIE;Ja;RENESAS ELECTR.ADR 1/2/ON
US75973T1016;A2P9A5;AKTIE;Ja;RENALYTIX SP.ADS/2
US7599161095;870980;AKTIE;Ja;REPLIGEN CORP. DL-,01
US76009N1000;900457;AKTIE;Ja;UPBOUND GROUP INC. DL-,01
US76026T2050;876993;AKTIE;Ja;REPSOL S.A. EO 1 ADR 1
US76029N1063;A2JQN1;AKTIE;Ja;REPLIMUNE GR. INC DL-,001
US7607591002;915201;AKTIE;Ja;REPUBLIC SERVIC. DL-,01
US76090R4083;A415CY;AKTIE;Nein;RESHAPE LIFES.NEW DL-,001
US7611521078;895878;AKTIE;Ja;RESMED INC. DL-,004
US76118Y1047;A2N64R;AKTIE;Ja;RESIDEO TECHN. WI DL,-001
US76119X1054;A3CWGA;AKTIE;Ja;RESERVOIR MEDIA DL-,0001
US76155X1000;A2PYWG;AKTIE;Ja;REVOLUTION MED. DL-,0001
US7616241052;869089;AKTIE;Ja;REX AMERIC.RESOURC.DL-,01
US76169C1009;A1W27P;AKTIE;Ja;REXFORD IND.REALTY DL-,01
US76171L1061;A2PYUS;AKTIE;Ja;REYNOLDS CONS.PROD.DL-001
US76206K1079;A2DPZC;AKTIE;Ja;RHEINMETALL (UNSP.ADR)1/5
US76243J1051;A2H5A0;AKTIE;Ja;RHYTHM PHARMAC. DL-,001
US7625441040;A2H8WM;AKTIE;Ja;RIBBON COMMUNIC. DL-,0001
US7665597024;A40EFY;AKTIE;Nein;RIGEL PHARMACEUT. DL-,001
US76657Y1010;A117Z2;AKTIE;Ja;RIGHTMOVE ADR/1/2 LS-,01
US76665T1025;A2QQFU;AKTIE;Ja;RILEY EXPL. PERMIAN INC.
US76674Q1076;A2GSYB;AKTIE;Ja;RIMINI STREET DL-,0001
US76680R2067;A1W58K;AKTIE;Ja;RINGCENTRAL A DL-,0001
US76680V1089;A0Q3SR;AKTIE;Ja;RING ENERGY INC.
US7672041008;868009;AKTIE;Ja;RIO TINTO PLC LS-10 ADR 1
US7672921050;A2H51D;AKTIE;Ja;RIOT PLATFORMS DL-,001
US7677548726;A2PHDV;AKTIE;Ja;RITE AID DL 1
US76954A1034;A3C47B;AKTIE;Ja;RIVIAN AUTOMOT.A DL-,0001
US7703231032;856701;AKTIE;Ja;ROBERT HALF INC. DL-,001
US7707001027;A3CVQC;AKTIE;Ja;ROBINH.MKTS CL.A DL-,0001
US7711951043;891106;AKTIE;Ja;ROCHE HLDG SP.ADR 1/8
US7731211089;A419CG;AKTIE;Nein;ROCKET LAB INC. O.N.
US77313F1066;A2JA9Q;AKTIE;Ja;ROCKET PHARMAT. DL-,01
US7739031091;903978;AKTIE;Ja;ROCKWELL AU. DL 1
US7743743004;A3DL8F;AKTIE;Ja;ROCKWELL MEDICAL INC.
US7745151008;A0J2YF;AKTIE;Ja;ROCKY BRANDS INC.
US7751331015;863178;AKTIE;Ja;ROGERS CORP. DL 1
US77543R1023;A2DW4X;AKTIE;Ja;ROKU INC CL. A DL-,0001
US7757111049;859002;AKTIE;Ja;ROLLINS INC. DL 1
US7757812067;919520;AKTIE;Ja;ROLLS ROYCE H.ADR/ LS-20
US7766961061;883563;AKTIE;Ja;ROPER TECHNOLOGIES DL-,01
US7782961038;870053;AKTIE;Ja;ROSS STRS INC. DL-,01
US7802593050;A3DA8Y;AKTIE;Ja;SHELL PLC WI ADR/2
US7802871084;885652;AKTIE;Ja;ROYAL GOLD INC. DL-,01
US7806412059;906901;AKTIE;Ja;KON. KPN NV ADR/1 O.N.
US78112T2069;A2DREW;AKTIE;Ja;RUBICON TECHN. NEW DL-001
US7811541090;A40A36;AKTIE;Ja;RUBRIK INC. A DL-,001
US7813863054;A2P426;AKTIE;Ja;RUMBLEON CL.B DL-,001
US7818462092;724531;AKTIE;Ja;RUSH ENTERPRISES A DL-,01
US7835132033;A142FC;AKTIE;Ja;RYANAIR HLDGS ADR NEW/5
US7835491082;855369;AKTIE;Ja;RYDER SYST. DL-,50
US7837541041;A1CXHX;AKTIE;Ja;RYERSON HLDG CORP. DL-,01
US78392B1070;A1JWRE;AKTIE;Ja;SK HYNIX GDR 144A/REGS 1
US78392U1051;A2PWTM;AKTIE;Ja;RYOHIN UNSP.ADR/1
US78396V2088;A3EUT4;AKTIE;Ja;SCWORK CORP. DL-,01
US78409V1044;A2AHZ7;AKTIE;Ja;S+P GLOBAL INC. DL 1
US78410G1040;A2DKP8;AKTIE;Ja;SBA COMMUNICAT. A DL-,01
US7841171033;867474;AKTIE;Ja;SEI INVESTMENT DL-,01
US78413P1012;A2DR4T;AKTIE;Ja;SEACOR MARINE HLDG.DL-,01
US78435P1057;A3EGAB;AKTIE;Ja;SEZZLE INC. O.N.
US7843754042;899347;AKTIE;Ja;SKF AB B ADR/1 SK1,25
US78440P3064;A3DAF4;AKTIE;Ja;SK TELECOM CO.LTD.ADR 5/9
US78440X8873;A3DWA3;AKTIE;Ja;SL GREEN REAL. NEW DL-,01
US78442P1066;932543;AKTIE;Ja;SLM CORP. DL-,20
US78446M1099;A2QFGD;AKTIE;Ja;SMA SOLAR T. UNSP.ADR/0,1
US78454L1008;A1CZW5;AKTIE;Ja;SM ENERGY CO. DL-,01
US78463M1071;A1CW7W;AKTIE;Ja;SPS COMMERCE INC. DL-,001
US78467D1037;A2N9X2;AKTIE;Ja;SSAB AB UNSP.ADR/1/2
US78467J1007;A1CV38;AKTIE;Ja;SS+C TECHNOL.HLDGS DL-,01
US78467K1079;A1JMRY;AKTIE;Ja;SSE PLC ADR LS-,50 1
US78469C1036;A1W90C;AKTIE;Ja;SP PLUS CORP. DL 1
US78473E1038;A3DRSJ;AKTIE;Ja;SPX TECHNOLOGIES DL 10
US78516J1016;A2P48X;AKTIE;Ja;SAAB AB UNSP.ADR/0,5
US78573L1061;A1C9KE;AKTIE;Ja;SABRA HLTH CARE REIT
US78573M1045;A111QT;AKTIE;Ja;SABRE CORP. DL -,01
US78646V1070;A3D6RL;AKTIE;Ja;SAFEHOLD INC. NEW O.N.
US78667J1088;A117WF;AKTIE;Ja;SAGE THERAPEUTICS DL-0001
US7867001049;A3CPAM;AKTIE;Ja;SAGIMET BIOSC.CL.A -,0001
US78709Y1055;A0KDU8;AKTIE;Ja;SAIA INC. DL-,01
US7901481009;862032;AKTIE;Ja;ST JOE CO. DL 100
US79400X4043;A40EWG;AKTIE;Ja;SALARIUS PHARMA. DL-,0001
US79466L3024;A0B87V;AKTIE;Ja;SALESFORCE INC. DL-,001
US79546E1047;A0LETB;AKTIE;Ja;SALLY BEAUTY HLDGS DL-,01
US79547H1068;A3CN4A;AKTIE;Ja;SALMAR ASA UNSP.ADR/0,25
US7958422021;A1JMPE;AKTIE;Ja;SALZGITTER UNSP.ADR 1/10
US7960502018;881823;AKTIE;Ja;SAMSUNG EL./25 GDRS NV PF
US7960508882;896360;AKTIE;Ja;SAMS.EL.0,5SP.GDRS144A/95
US7960542030;923086;AKTIE;Ja;SAMSUNG SDI GDR(144A)/4
US7999261008;A3EVQW;AKTIE;Ja;SANDOZ GR.AG SP.ADR/1/1
US80007P8692;A2AS4M;AKTIE;Ja;SANDRIDGE ENERGY DL-,001
US80007R1059;A1H5B3;AKTIE;Ja;SANDS CHINA ADR/1 O.N.
US8004221078;883172;AKTIE;Ja;SANFILIPPO,JOHN B. DL-,01
US8006771062;936386;AKTIE;Ja;SANGAMO THERAP.INC.DL-,01
US8010561020;A1JYVT;AKTIE;Ja;SANMINA CORP. NEW DL-,01
US80105B1017;906757;AKTIE;Ja;SANGUI BIOTECH INTL
US80105N1054;662283;AKTIE;Ja;SANOFI SA ADR 1/2/EO 2
US80287P1003;A12HSW;AKTIE;Ja;SANTEN PHARM.UNSP.ADR O.N
US8030218072;A2JGV5;AKTIE;Ja;SANTOS LTD SP. ADR 1
US8030542042;879535;AKTIE;Ja;SAP SE ADR/1 O.N.
US8030692029;921789;AKTIE;Ja;SAPPI LTD ADR/1 RC 1
US8036071004;A1J1BH;AKTIE;Ja;SAREPTA THERAP. DL-,0001
US80385Q1094;A2QG8S;AKTIE;Ja;SARTORIUS AG UNSP.ADR 1/5
US80385Q2084;A3C3G1;AKTIE;Ja;SARTORIUS (UNSP.ADS)/1/5
US8038663006;865585;AKTIE;Ja;SASOL LTD ADR/1 O.N.
US8051111016;A2DQ2B;AKTIE;Ja;SAVARA INC. DL-,001
US8060371072;908169;AKTIE;Ja;SCANSOURCE INC.
US8064071025;897961;AKTIE;Ja;HENRY SCHEIN INC. DL-,01
US80687P1066;A0YFR8;AKTIE;Ja;SCHNEIDER ELECTR.ADR/1/5
US8068821060;899146;AKTIE;Ja;RADIUS RECYCLING INC.DL 1
US80689H1023;A2DPT6;AKTIE;Ja;SCHNEIDER NATL.INC. CL.B
US8070661058;880597;AKTIE;Ja;SCHOLASTIC CORP. DL-,01
US80706P1030;A2JMQW;AKTIE;Ja;SCHOLAR ROCK HLDG DL-,001
US80810D1037;A2PY7M;AKTIE;Ja;SCHRODINGER INC.DL -,01
US8085131055;874171;AKTIE;Ja;CHARLES SCHWAB CORP.DL-01
US8085411069;898081;AKTIE;Ja;MATIV HOLDINGS DL-,10
US8086251076;A1W5U2;AKTIE;Ja;SCIENCE APPL.INT.CORP.NEW
US80874P1093;875605;AKTIE;Ja;LIGHT + WONDER INC.DL-,01
US8101861065;883369;AKTIE;Ja;SCOTTS MIRAC.GRO A DL-,01
US8106481059;A2H7XD;AKTIE;Ja;SCPHARMACEUTIC. DL -,0001
US8110544025;A0Q50J;AKTIE;Ja;SCRIPPS CO. A NEW DL-,01
US8112922005;A2P9T4;AKTIE;Ja;SCYNEXIS INC. DL-,001
US81141R1005;A2H5LX;AKTIE;Ja;SEA LTD CL.A(ADR)/1
US81211K1007;913368;AKTIE;Ja;SEALED AIR CORP. DL-,10
US81282V1008;A1T8QH;AKTIE;Ja;UNITED PARKS+RESO. DL-,01
US81367P2002;A3DZZ7;AKTIE;Ja;SECOO HLDG UNSP.ADR/5
US81373F1057;A2N9XZ;AKTIE;Ja;SECURITAS UNSP.ADR/1 B
US81577F4063;A40Q45;AKTIE;Nein;SEELOS THERAP.NEW DL-,001
US8157941027;A0DKTQ;AKTIE;Ja;SEGA SAMMY HLDGS ADR 1/4
US8160783077;590132;AKTIE;Ja;SEKISUI HOUSE ADR 1
US81617J3014;A2DQFW;AKTIE;Ja;SELECT WATER SOL.A DL-,01
US8162123025;A407YS;AKTIE;Ja;CARTESIAN THERAP. NEW
US8163001071;866421;AKTIE;Ja;SELECTIVE INS. GRP DL 2
US8163073005;A2P41W;AKTIE;Ja;SELECTQUOTE INC. DL -,01
US81642T2096;A2PU3T;AKTIE;Ja;SELLAS LIFE SCIENCES GRP
US81684M1045;A1XEZJ;AKTIE;Ja;SEMLER SCIENTIFIC DL-,001
US8168501018;860465;AKTIE;Ja;SEMTECH CORP. DL-,01
US8168511090;915266;AKTIE;Ja;SEMPRA
US81686C1045;A2QQ7E;AKTIE;Ja;SEMRUSH HLD. CL.A -,00001
US81725T1007;864463;AKTIE;Ja;SENSIENT TEC DL-,10
US81727U1051;A2AGQW;AKTIE;Ja;SENSEONICS HLGS.INC.-,001
US81728A1088;A2QM6J;AKTIE;Ja;SENSEI BIOTHER. DL -,0001
US81728J1097;A2JPJ1;AKTIE;Ja;SENSUS HEALTHCARE DL-,01
US81730H1095;A3CTJC;AKTIE;Ja;SENTINELONE INC.A -,0001
US81750R2013;A413XF;AKTIE;Nein;SERES THERA.NEW DL -,001
US81752R1005;A14UQQ;AKTIE;Ja;SERITAGE GWTH PR.A DL-,01
US8175651046;859232;AKTIE;Ja;SERVICE CORP. INTL DL 1
US81761L1026;A2PSPV;AKTIE;Ja;SERVICE PROP.TR. SBI -,01
US81762P1021;A1JX4P;AKTIE;Ja;SERVICENOW INC. DL-,001
US81783H1059;A0N91J;AKTIE;Ja;SEVEN+I HLDGS UNSP.ADR 1
US8190471016;A14MVX;AKTIE;Ja;SHAKE SHACK INC. A DL-,01
US8198823093;A2DYQA;AKTIE;Ja;SHARP CORP. ADR/1 O.N.
US82312B1061;634816;AKTIE;Ja;SHENANDOAH TELECOM.CO.
US8243481061;856050;AKTIE;Ja;SHERWIN-WILLIAMS DL 1
US8245961003;727566;AKTIE;Ja;SHINHAN FINL ADR/1 SW5000
US8246671098;A2PGR3;AKTIE;Ja;SHIONOGI UNSP. ADR/0,25
US8250641086;A2QJZH;AKTIE;Ja;REDCARE PH. UNSP.ADR/0.10
US82536T1079;A2DSDS;AKTIE;Ja;SOUNDTHINKING INC.DL-,005
US8256901005;A1J51N;AKTIE;Ja;SHUTTERSTOCK INC. DL-,01
US8257041090;A2N7LY;AKTIE;Ja;SI-BONE INC. DL-,0001
US82575P1075;A2P0BU;AKTIE;Ja;SIBANYE STILLW.SP.ADR 1/4
US8261975010;632748;AKTIE;Ja;SIEMENS AG SP. ADR 1/ 1/2
US82621A1043;A2QKK9;AKTIE;Ja;SIEMENS ENERGY AG ADR/1
US82622J1043;SHL1AD;AKTIE;Ja;SIEMENS HEALTH ADR/0,50
US82655M2061;A40P1J;AKTIE;Nein;SIFY TECHNO.LTD.ADR IR 10
US82674R1032;A2AP9V;AKTIE;Ja;SIKA AG UNSP.ADR O.N.
US82686Q1013;A2QB4J;AKTIE;Ja;SILENCE THERAP. SP.ADR/1
US8269191024;935345;AKTIE;Ja;SILICON LABS INC.DL-,0001
US8270461036;A0MM6L;AKTIE;Ja;SILEX SYSTEMS LTD ADR/5
US8270481091;905418;AKTIE;Ja;SILGAN HLDGS INC. DL-,01
US82706C1080;A0ETU4;AKTIE;Ja;SILICON MOTION T. ADR/4
US8288061091;916647;AKTIE;Ja;SIMON PROPERTY GRP PAIRED
US8290731053;912711;AKTIE;Ja;SIMPSON MANUFACT.CO.DL-01
US8291601008;A0NHC1;AKTIE;Ja;SIMS LTD. ADR
US82929R3049;A0LAV8;AKTIE;Ja;SINGAP.TELE. ADR NEW06/10
US82930C1062;A0YFR3;AKTIE;Ja;SINGAP.AIRLINE.UNSP.ADR/2
US82935V3078;A4017F;AKTIE;Nein;SINGULARITY F.TECH. O.N.
US8293927039;A40DG1;AKTIE;Nein;SINTX TEC.INC. NEW DL-,01
US82981J8514;A40HQN;AKTIE;Ja;SITE CTRS CORP. O.N.
US82982L1035;A2AJXA;AKTIE;Ja;SITEO.LANDS.SUPP.INC.-,01
US82983N1081;A3D4E1;AKTIE;Ja;SITIO ROYALTIES CORP.CL.A
US8299331004;A3ELRR;AKTIE;Ja;SIRIUS XM HLDGS INC. O.N.
US83001C1080;A2QGV5;AKTIE;Ja;SIX FLAGS E.
US83012A1097;A2P60W;AKTIE;Ja;SIXTH STR.SPEC.LEN.DL-,01
US8305661055;922814;AKTIE;Ja;SKECHERS U.S.A A DL-,001
US83066P3091;A3EUNX;AKTIE;Ja;SKILLSOFT CORP.A DL-,0001
US8308791024;878075;AKTIE;Ja;SKYWEST INC.
US83088M1027;857760;AKTIE;Ja;SKYWORKS SOL. DL-,25
US83125X1037;A2H6Z9;AKTIE;Ja;SLEEP NUMBER CORP. DL-,01
US8317541063;A2P567;AKTIE;Ja;SMITH+WESSON BRNDS DL-001
US8318652091;868323;AKTIE;Ja;SMITH -A.O.- CORP. DL 1
US83191H1077;A2DGGK;AKTIE;Ja;SMART SAND INC. DL-,001
US8321544053;A409DA;AKTIE;Nein;SMITH MICRO SOFTWARE INC.
US8322482071;A40ZZF;AKTIE;Nein;SMITHFIELD FOODS
US8326964058;633835;AKTIE;Ja;SMUCKER -J.M.-
US8330341012;853887;AKTIE;Ja;SNAP-ON INC. DL 1
US83304A1060;A2DLMS;AKTIE;Ja;SNAP INC. CL.A DL-,00001
US8334451098;A2QB38;AKTIE;Ja;SNOWFLAKE INC. A DL-,0001
US8336351056;895007;AKTIE;Ja;SOC. QUIMICA MIN.ADR B 1
US83364L1098;916129;AKTIE;Ja;STE GENERALE ADR 1/5/FF30
US83368E2000;A0RBSN;AKTIE;Ja;SOCKET MOBILE NEW DL-,001
US8337921048;570781;AKTIE;Ja;SODEXO S.A. ADR/ 1/5 EO 4
US83404D1090;A1JSPB;AKTIE;Ja;SOFTBANK GR.UNS.ADR1/2/ON
US83405K1025;A2PEAG;AKTIE;Ja;SOFTBANK CORP. ADR
US83406F1021;A2QPMG;AKTIE;Ja;SOFI TECHNOLOGIES
US83410S1087;A2JNBW;AKTIE;Ja;SOHU.COM LTD.
US83413U1007;A0RGYK;AKTIE;Ja;SLR INVESTMENT DL-,01
US83417M1045;A14QVM;AKTIE;Ja;SOLAREDGE TECHN. DL-,0001
US83418M1036;A2DHUS;AKTIE;Ja;SOLARIS ENER.INF A DL-,01
US8342033094;A3DS0P;AKTIE;Ja;SOLENO THERAPEUT. DL-,001
US8342236044;A40DDP;AKTIE;Ja;SOLIGENIX INC. DL-,001
US83444M1018;A407ZE;AKTIE;Ja;SOLVENTUM CORP. DL-,01
US83545G1022;910513;AKTIE;Ja;SONIC AUTOMOTIVE A DL-,01
US83546A2033;A2DWLY;AKTIE;Ja;SONIC HEALTHC. SP.ADR 1
US83548F3091;A3EB5T;AKTIE;Nein;SONIM TECHS INC. DL-,001
US8354951027;861171;AKTIE;Ja;SONOCO PROD. CO.
US8356993076;853688;AKTIE;Ja;SONY GROUP CORP.ADR/1O.N.
US83569C1027;A12HSY;AKTIE;Ja;SON.HO.UN.ADR 1/5 SF -,05
US83570H1086;A2JPF2;AKTIE;Ja;SONOS INC.
US83587W3043;A40UUE;AKTIE;Ja;SOS LTD A SP.ADR NEW/150
US83600C1036;A1T9NK;AKTIE;Ja;SOTHERLY HOTELS DL-,01
US8425871071;852523;AKTIE;Ja;THE SOUTHERN CO. DL 5
US84265V1052;A0HG1Y;AKTIE;Ja;SOUTHERN COPPER DL-,01
US8447411088;862837;AKTIE;Ja;SOUTHW. AIRL. CO. DL 1
US8448951025;863050;AKTIE;Ja;SOUTHWEST GAS HLDGS DL 1
US8472151005;A115BY;AKTIE;Ja;SPARTANNASH CO.
US84790A1051;A2NB43;AKTIE;Ja;SPECTR.BRANDS HLDG DL-,01
US84833T1034;A2H63F;AKTIE;Ja;SPERO THERAP.INC. DL-,001
US8485603067;A3EQSF;AKTIE;Ja;SPI.GL.INC. CL.A DL-,0001
US8485741099;A0LEXG;AKTIE;Ja;SPIRIT AERO.HLDGS A DL-01
US84857L1017;A2AH7C;AKTIE;Ja;SPIRE INC. DL 1
US84863T1060;A117N6;AKTIE;Ja;SPOK HLDGS INC. DL-,0001
US84920Y1064;A112GA;AKTIE;Ja;SPORTSMANS WAREH.HO.DL-01
US85208M1027;A1W2Q4;AKTIE;Ja;SPROUTS FMRS MKT DL-,001
US85208T1079;A3CS1J;AKTIE;Ja;SPRINKLR INC. A DL-,00003
US8522341036;A143D6;AKTIE;Ja;BLOCK INC. A
US8523123052;870353;AKTIE;Ja;STAAR SURGICAL CO. DL-,01
US85254J1025;A1C8BH;AKTIE;Ja;STAG INDUSTRI.INC. DL-,01
US85256A1097;A3CWMU;AKTIE;Ja;STAGWELL INC. A
US8545021011;A1CTQA;AKTIE;Ja;STANLEY BL. + DECK.DL2,50
US85513Q3011;A40EUG;AKTIE;Nein;STAR EQ.HLDG.NEW DL-,0001
US8552441094;884437;AKTIE;Ja;STARBUCKS CORP.
US85571B1052;A0N9JF;AKTIE;Ja;STARWOOD PPTY TRST DL-,01
US8565522039;903136;AKTIE;Ja;STATE BANK OF IND.GDR S/2
US8574771031;864777;AKTIE;Ja;STATE STREET CORP. DL 1
US8581191009;903772;AKTIE;Ja;STEEL DYNAMIC DL-,0025
US8581552036;912283;AKTIE;Ja;STEELCASE INC. A
US8585681088;A1KA51;AKTIE;Ja;STELLUS CA.IN.CORP.DL-,01
US8585861003;859510;AKTIE;Ja;STEPAN CO. DL 1
US85859N1028;A3CN1T;AKTIE;Ja;STEM INC. DL-,0001
US85916J4094;A1J09L;AKTIE;Ja;STEREOTAXIS DL-,01
US8592411016;882359;AKTIE;Ja;STERLING INFRASTRU.DL-,01
US8606301021;873773;AKTIE;Ja;STIFEL FINL CORP. DL-,15
US8608971078;A2H52J;AKTIE;Ja;STITCH FIX INC A DL-00002
US8610121027;897710;AKTIE;Ja;STMICROELECTRONICS NY 1
US86150R1077;A2PLTL;AKTIE;Ja;STOKE THERAPEUT.DL-,001
US8617801043;A1W8HT;AKTIE;Ja;ARROWMARK FINAN. DL-,001
US8618961085;A2P8CE;AKTIE;Ja;STONEX GROUP INC. DL-,01
US86210M1062;578498;AKTIE;Ja;STORA ENSO R ADR 1
US86260J1025;A3C7H6;AKTIE;Ja;STRAN + CO.INC. DL -,0001
US86272A3059;A3EYA0;AKTIE;Ja;STRATA SKIN SC. DL-,001
US86272C1036;A2JRXJ;AKTIE;Ja;STRATEGIC EDUCAT. DL-,01
US86317T1034;A2QPJX;AKTIE;Ja;STRAUM.HLD.UNSP.ADR/1/10
US86331F1057;A2P7VL;AKTIE;Ja;STROEER (UNSP.ARD)/4/1
US86333M1080;A2QJVN;AKTIE;Ja;STRIDE INC. DL -,0001
US8636671013;864952;AKTIE;Ja;STRYKER CORP. DL-,10
US8641591081;861820;AKTIE;Ja;STURM RUGER CO. INC. DL1
US86428V1044;A2DPAE;AKTIE;Ja;SUBARU CORP. ADR/1/2
US8643231009;A1H5LW;AKTIE;Ja;SUBSEA 7 S.A. ADR/1 DL 2
US8646801030;A2P68Y;AKTIE;Ja;SUEDZUCKER UNSP.ADR 1/2
US86558P1093;A0YHKF;AKTIE;Ja;SUMCO CORP. ADR/2
US8656121055;A1W3F2;AKTIE;Ja;SUMITOMO CHEMIC.CO.ADR 5
US86562M2098;A1C8HL;AKTIE;Ja;SUMIT.MITS.FIN.SP.ADR 1/5
US86562X1063;A1H9NN;AKTIE;Ja;SUMITOMO MI.TR.GR.ADR 0,2
US86563T1043;A14QVG;AKTIE;Ja;SUMITOMO ME.MNG UNSP.ADR
US8666741041;888745;AKTIE;Ja;SUN COMM. INC. DL-,01
US8666831057;A2QRFX;AKTIE;Ja;SUN COUNTRY AIRL.HLD.-,01
US86722A1034;A1JDCZ;AKTIE;Ja;SUNCOKE ENERGY INC. DL-01
US86738R1086;A2P662;AKTIE;Ja;SUNHYDROGEN INC. DL -,001
US86740P2074;A3CSR0;AKTIE;Ja;SUNL.TECH.G.ADR/2DL-00005
US86745K1043;A2PNYK;AKTIE;Ja;SUNNOVA ENERGY INT.-,0001
US86745T1051;A2P3B5;AKTIE;Ja;SUNNY OPT.TECH.GR. ADR/10
US86771W1053;A14V1T;AKTIE;Ja;SUNRUN INC. DL-,0001
US8678921011;A0DK4W;AKTIE;Ja;SUNSTONE H.INV.(N.) DL-01
US8679751045;A40B6Q;AKTIE;Ja;SUNRISE COMMUNIC. ADR/1 A
US86800U3023;A40MRM;AKTIE;Ja;SUPER MICRO O.N.
US86803T1043;A140P9;AKTIE;Ja;SUNTORY BEV+FOOD UADR 1/2
US86804F3010;A3EWR2;AKTIE;Ja;SUPER LEAGUE ENTE.DL-,001
US8681681057;866479;AKTIE;Ja;SUPERIOR INDUSTRIES INTL
US8683581024;904472;AKTIE;Ja;SUPERIOR GRP OF CIES INC.
US8684591089;A1JX3U;AKTIE;Ja;SUPERNUS PHARMAC.DL -,001
US86881A1007;A14YWP;AKTIE;Ja;SURGERY PARTNERS DL -,01
US86882L2043;A3DAGC;AKTIE;Ja;SURGEPAYS INC. DL-,001
US8688731004;914178;AKTIE;Ja;SURMODICS DL-,05
US86887Q1094;A2P7YR;AKTIE;Ja;SURO CAPITAL CORP. DL-,01
US8693671021;A2N6SG;AKTIE;Ja;SUTRO BIOPHARMA DL-,001
US86959C1036;A12E48;AKTIE;Ja;SVEN.HAND.A ADR SK 4,30
US86959K1051;A0YHKD;AKTIE;Ja;SUZANO S.A. ADR/1
US86959X1072;A1JK5Z;AKTIE;Ja;SUZUKI MOTOR UNSP.ADR/4
US8701951043;A0LBW8;AKTIE;Ja;SWEDBANK AB A ADR/1 SK20
US8707943028;871497;AKTIE;Ja;SWIRE PAC.-A- ADR HD -,60
US8708861088;A1J5BS;AKTIE;Ja;SWISS RE AG SP.ADR SF-,10
US87089E1001;A0YHKC;AKTIE;Nein;SWISS LIFE HLDG ADR/1/2
US8713321029;A3CY7Z;AKTIE;Ja;SYLVAMO CORP. DL 1,00
US87155N1090;SYM888;AKTIE;Ja;SYMRISE AG INH. ADR 1/4
US87157B4005;A3E1W0;AKTIE;Ja;SYNCHRONOSS NEW DL-,0001
US87157D1090;529873;AKTIE;Ja;SYNAPTICS INC. DL 0,001
US8716071076;883703;AKTIE;Ja;SYNOPSYS INC. DL-,01
US87161C5013;A114G1;AKTIE;Ja;SYNOVUS FINL CORP. DL 1
US87162W1009;250815;AKTIE;Ja;TD SYNNEX CORP. DL -,001
US87164F1057;A2AFL6;AKTIE;Ja;SYNDAX PHARMACEU.DL-,0001
US87164U5083;A40MGC;AKTIE;Ja;THERIVA BIO. DL-,001
US87165B1035;A117UJ;AKTIE;Ja;SYNCHRONY FIN. DL-,001
US87166L2097;A3EWCN;AKTIE;Ja;SYNLOGIC INC. DL-,001
US8718291078;859121;AKTIE;Ja;SYSCO CORP. DL 1
US87184P1093;A12EJE;AKTIE;Ja;SYSMEX CORP.UNSP.ADR 1
US8722801029;A2DTY8;AKTIE;Ja;CARLYLE SECURED L.DL-,01
US8723514084;866790;AKTIE;Ja;TDK CORP. ADR/1 O.N.
US87241J2033;A3E2FW;AKTIE;Ja;TFF PHARMAC.INC. DL-,001
US87243K2087;A3CN39;AKTIE;Ja;TGS ASA SP.ADR/1
US8725401090;854854;AKTIE;Ja;TJX COS INC. DL 1
US8725901040;A1T7LU;AKTIE;Ja;T-MOBILE US INC.DL,-00001
US8726571016;A3DC2Y;AKTIE;Ja;TPG INC CLASS A DL-,001
US87266J1043;A2AMFQ;AKTIE;Ja;TPI COMPOSITES INC. ,-01
US87305R1095;940990;AKTIE;Ja;TTM TECHNOLOGIES DL-,001
US87357P1003;A2APEV;AKTIE;Ja;TACTILE SYS TECH. DL-,001
US8740391003;909800;AKTIE;Ja;TAIWAN SEMICON.MANU.ADR/5
US8740541094;914508;AKTIE;Ja;TAKE-TWO INTERACT. SOFTW.
US8740602052;A1CWZF;AKTIE;Ja;TAKEDA PHARM.SPON.ADR/1/2
US8740801043;A1C7VE;AKTIE;Ja;TAL EDUCATION GR.ADR A1/3
US87484T1088;A2JLMB;AKTIE;Ja;TALOS ENERGY INC. DL-,01
US8753722037;A2H5BX;AKTIE;Ja;TANDEM DIABETES NEW -,001
US8754651060;886676;AKTIE;Ja;TANGER INC. DL-,01
US8760301072;A2JSR1;AKTIE;Ja;TAPESTRY INC. DL-,01
US8761082002;A3DAPS;AKTIE;Ja;TCTM K.IT E.ADR A5 DL-001
US87612E1064;856243;AKTIE;Ja;TARGET CORP. DL-,0833
US87612G1013;A1C9E3;AKTIE;Ja;TARGA RESOURCES DL -,001
US87652V1098;A3CR4H;AKTIE;Ja;TASKUS INC. CL.A DL-,01
US87656Y4061;A0X9H1;AKTIE;Ja;TATA STEEL GDR REGS IR 1
US87724P1066;A1T8F9;AKTIE;Ja;TAYLOR MORRISON HOME
US87807D6085;A411JQ;AKTIE;Nein;TC BIOPHA.(H.)SP.ADS/4000
US8781553081;A3D39E;AKTIE;Ja;TEAM INC. DL-,30
US87816Y1064;A2P3PF;AKTIE;Ja;TEAMVIEWER USP ADR 2/1 ON
US87854Y1091;A2QP0R;AKTIE;Ja;TECHNIP ENERG. SP.ADR/1
US87873R1014;A0DKP9;AKTIE;Ja;TECHTRONIC INDS ADR/5
US87874R3084;A40MZE;AKTIE;Ja;TECHTARGET INC. O.N.
US87901J1051;A14VMF;AKTIE;Ja;TEGNA INC. DL 1
US87918A1051;A14VPK;AKTIE;Ja;TELADOC HEALTH INC.DL-001
US8792732096;894259;AKTIE;Ja;TELECOM ARGENT. B ADR/5
US8793601050;926932;AKTIE;Ja;TELEDYNE TECHS DL-,01
US8793691069;855853;AKTIE;Ja;TELEFLEX INC. DL 1
US87936R2058;A2QHVM;AKTIE;Ja;TELEFONICA BRASIL ADR 2
US8793822086;874715;AKTIE;Ja;TELEFONICA S.A.EO 1 ADR 1
US8796VP1054;A3DZF2;AKTIE;Ja;TELSTRA GROUP LTD SP.ADR
US87974R2085;A2PM49;AKTIE;Ja;TEMENOS AG UNSP.ADR/1
US87978U2078;A41556;AKTIE;Nein;TEMPEST THER.NEW DL-,001
US88018T1016;892732;AKTIE;Ja;TEMPLETON DRAGON FD DL-01
US88023B1035;A40EDP;AKTIE;Nein;TEMPUS AI INC. DL-,01
US88023U1016;A0BLAA;AKTIE;Ja;SOMNIGROUP INT. DL-,01
US88025T1025;A2JQRT;AKTIE;Ja;TENABLE HOLDINGS DL-,01
US88025U1097;A2PPQJ;AKTIE;Ja;10X GENOMICS DL -,00001
US88031M1099;164558;AKTIE;Ja;TENARIS S.A. ADR/2DL 1
US88032L6056;A3EVQN;AKTIE;Nein;TENAX THERAP.NEW DL-,0001
US88032Q1094;A0YHJ8;AKTIE;Ja;TENCENT HDGS ADR/1DL-0001
US88033G4073;A1J5US;AKTIE;Ja;TENET HEALTHCARE DL-,05
US8803451033;858055;AKTIE;Ja;TENNANT CO. DL-,375
US88034P1093;A2N7WQ;AKTIE;Ja;TENCENT MUSIC ENT. SP.ADR
US88076W1036;A0M0ZR;AKTIE;Ja;TERADATA (DEL.) DL-,01
US8807701029;859892;AKTIE;Ja;TERADYNE INC. DL-,125
US8807791038;884072;AKTIE;Ja;TEREX CORP. DL-,01
US88080T1043;A3C9C7;AKTIE;Ja;TERAWULF INC. DL-,10
US8808811074;A2QNWR;AKTIE;Ja;TERNS PHARMACEUT.DL-,0001
US8808901081;A0ESPU;AKTIE;Ja;TERNIUM S.A. ADR/10 O.N.
US88146M1018;A0YF59;AKTIE;Ja;TERRENO REALTY DL -,01
US88156J1051;A0YHJ7;AKTIE;Ja;TERUMO CORP. ADR
US8815754010;A2QQP1;AKTIE;Ja;TESCO PLC ADR/1 LS-,05
US88160R1014;A1CX3T;AKTIE;Ja;TESLA INC. DL -,001
US8816242098;883035;AKTIE;Ja;TEVA PHARMACEUT. SP.ADR
US88162F1057;880267;AKTIE;Ja;TETRA TECHS DL-,01
US88162G1031;902888;AKTIE;Ja;TETRA TECH INC. DL-,01
US8825081040;852654;AKTIE;Ja;TEXAS INSTR. DL 1
US88262P1021;A2QL4H;AKTIE;Ja;TEXAS PAC.LD CORP. DL-,01
US8826811098;A0DKNQ;AKTIE;Ja;TEXAS ROADHOUSE DL-,001
US8832031012;852659;AKTIE;Ja;TEXTRON INC. DL-,125
US8832192061;A2N6R6;AKTIE;Ja;THALES SA UNSP.ADR/1/5EO3
US88322Q1085;A1JXW7;AKTIE;Ja;TG THERAPEUTICS DL -,001
US88331L1089;A3CPDE;AKTIE;Ja;BEAUTY HEALTH CO.A -,0001
US88337F1057;A2P739;AKTIE;Ja;THE ODP CORP. DL-,01
US88337K4013;A3EUNV;AKTIE;Ja;THE9 LTD.ADR/300 DL-,01
US88338K1034;A12EJ6;AKTIE;Ja;ONE GROUP HOSPIT.DL-,0001
US88338N2062;A3DL7E;AKTIE;Ja;THERAPEUTICSMD INC.DL-,10
US88339J1051;A2ARCV;AKTIE;Ja;THE TRA.DESK A DL-,000001
US88339P1012;A2PHB7;AKTIE;Ja;REALREAL INC., THE DL-,01
US8835561023;857209;AKTIE;Ja;THERMO FISH.SCIENTIF.DL 1
US88362T1034;A1H99U;AKTIE;Ja;THERMON GRO.HLDGS DL-,001
US8851601018;872478;AKTIE;Ja;THOR IND. INC. DL-,10
US88554D2053;888346;AKTIE;Ja;3 D SYS CORP. DL-,001
US88579N1054;A0YG02;AKTIE;Ja;3I GROUP PLC ADR 1/2
US88579Y1010;851745;AKTIE;Ja;3M CO. DL-,01
US88604M1062;A2PSKE;AKTIE;Ja;THULE GROUP UNSP.ADR 1/2
US88629Q2075;A14RS4;AKTIE;Ja;THYSSENKRUPP SPONS.ADR 1
US88642R1095;A2DVJZ;AKTIE;Ja;TIDEWATER INC. DL-,001
US88677Q1094;A1J294;AKTIE;Ja;TILE SHOP HLDGS DL-,0001
US88688T1007;A2JQSC;AKTIE;Ja;TILRAY BRA. CL.2 DL-,0001
US8870802084;A3DWN5;AKTIE;Ja;TREX WIND-DOWN INC.
US8873891043;852676;AKTIE;Ja;TIMKEN CO.
US8873991033;A116LK;AKTIE;Ja;METALLUS INC.
US88830M1027;886485;AKTIE;Ja;TITAN INTL INC. DL-,01
US88830R1014;A0M8F2;AKTIE;Ja;TITAN MACHINERY DL-,00001
US8883147055;A400D1;AKTIE;Nein;TITAN PHARM.(DEL) DL-,001
US8887871080;A3C3Y4;AKTIE;Ja;TOAST INC.CL.A DL-,000001
US8891101029;A0YGNQ;AKTIE;Ja;TOKYO ELECTR.ADR 1/2 O.N.
US8894781033;871450;AKTIE;Ja;TOLL BROTHERS DL -,01
US8899052042;938158;AKTIE;Ja;TOMRA SYSTEMS ADR/1 NK 1
US8901382098;A2PLQ3;AKTIE;Ja;TOMTOM N.V.ADRS 1/2 EO-20
US8905161076;865003;AKTIE;Ja;TOOTSIE ROLL DL-,69044
US89055F1030;A14UY4;AKTIE;Ja;TOPBUILD CORP. DL -,01
US8910921084;861568;AKTIE;Ja;TORO CO DL1
US89151E1091;882930;AKTIE;Ja;TOTALENERGIE SPONS. ADR 1
US89157G8684;A400EX;AKTIE;Ja;TOUGHBUILT IND. DL-,0001
US8922311019;A1175U;AKTIE;Ja;TOWNSQUARE MEDIA A DL-,01
US8923301019;A0Q8E1;AKTIE;Ja;TOYOTA INDUSTR. CORP. ADR
US8923313071;888452;AKTIE;Ja;TOYOTA MOTOR ADR/10
US8923561067;889826;AKTIE;Ja;TRACTOR SUPPLY DL-,008
US89237L1017;A14TVY;AKTIE;Ja;TRACK GROUP INC. DL-,0001
US8926721064;A2PGG8;AKTIE;Ja;TRADEWEB MARKETS -,00001
US8935291075;923106;AKTIE;Ja;TRANSCAT INC. DL-,50
US8936411003;A0JEP3;AKTIE;Ja;TRANSDIGM GROUP DL-,01
US89377M1099;A2PH5P;AKTIE;Ja;TRANSMEDICS GROUP
US8938702045;890708;AKTIE;Ja;TRANSP.DE GAS B ADRREGS/5
US89400J1079;A14TUX;AKTIE;Ja;TRANSUNION DL -,01
US8941641024;A2QPTW;AKTIE;Ja;TRAVEL + LEISURE DL-,01
US89417E1091;A0MLX4;AKTIE;Ja;TRAVELERS COS INC.
US89421Q2057;A1W8DE;AKTIE;Ja;TRAVELZOO DL -,01
US89465J1097;A1JASU;AKTIE;Ja;TREASURY WINE ESTATES ADR
US89469A1043;A0ER18;AKTIE;Ja;TREEHOUSE FOODS DL-,01
US89531P1057;938716;AKTIE;Ja;TREX CO. INC. DL-,01
US89532E3071;A40L1Y;AKTIE;Nein;TREVENA INC. DL-,001
US8962391004;882295;AKTIE;Ja;TRIMBLE INC.
US8962881079;929937;AKTIE;Ja;TRINET GROUP DL-,0001
US8964385046;A404JF;AKTIE;Nein;TRINITY BIOTEC.ADR NEW A
US8964423086;A2QNNR;AKTIE;Ja;TRINITY CAP INC. DL -,001
US8965221091;856427;AKTIE;Ja;TRINITY IND. DL 1
US89677Q1076;A2PUXF;AKTIE;Ja;TRIP.COM.GROUP SP.ADR 1
US89677Y1001;A1XFEK;AKTIE;Ja;TRIPLEPOINT VEN.GR.DL-,01
US89679E3009;A12E8S;AKTIE;Ja;TRIUMPH FINANCIAL DL-,01
US8968181011;903498;AKTIE;Ja;TRIUMPH GRP INC. DL-,001
US89686D3035;A3EUTE;AKTIE;Nein;TRIVAGO A SP.ADS/5 EO-,06
US8969452015;A1JRLK;AKTIE;Ja;TRIPADVISOR INC. DL -,001
US89785L1070;A1132L;AKTIE;Ja;TRUECAR INC. DL -,0001
US8982021060;A117KY;AKTIE;Ja;TRUPANION INC. DL-,01
US89832Q1094;A2PWMZ;AKTIE;Ja;TRUIST FINL CORP. DL 5
US89853L3024;A3EU63;AKTIE;Ja;T2 BIOSYSTEMS NEW DL-,001
US89854H1023;A2JBPP;AKTIE;Ja;TTEC HLDGS INC. DL-,01
US8986972060;A1XBJS;AKTIE;Ja;TUCOWS INC.
US8989201038;A3EWMJ;AKTIE;Nein;TUHURA BIOSCIENCES INC.
US8994152028;A1C4X8;AKTIE;Ja;TULLOW OIL PLC ADR/1/2
US89977P1066;A1128G;AKTIE;Ja;TUNIU SP.ADR 1 DL-,0001
US90010R1095;A1XB22;AKTIE;Ja;TURK HA.YO.UNS.ADR 10 TN1
US9001112047;806276;AKTIE;Ja;TURKCELL ILETISIM H.2,5/1
US90041L1052;A2AKAM;AKTIE;Ja;TURNING POINT BRA. DL-,01
US9004502061;A2JHVL;AKTIE;Ja;TURTLE BEACH DL-,001
US9011091082;A0RM5Z;AKTIE;Ja;TUTOR PERINI CORP. DL 1
US90114C1071;A2QRA9;AKTIE;Ja;TUYA INC.ADR/1A
US90138A1034;A1H9DT;AKTIE;Ja;VNET GROUP ADR A/6 O.N.
US90138F1021;A2ALP4;AKTIE;Ja;TWILIO INC.
US90184D1000;A2N7L2;AKTIE;Ja;TWIST BIOSCIENCEDL-,00001
US90187B8046;A3DW5E;AKTIE;Ja;TWO HARBORS INV. DL-,0001
US90214J2006;A40AEK;AKTIE;Nein;2U INC. NEW DL -,001
US9022521051;917099;AKTIE;Ja;TYLER TECHS INC. DL-,01
US9024941034;870625;AKTIE;Ja;TYSON FOODS INC A DL-,10
US9026531049;A0MM15;AKTIE;Ja;UDR INC. DL-,01
US9026731029;891541;AKTIE;Ja;UFP TECHS INC. DL-,01
US9026811052;887836;AKTIE;Ja;UGI CORP.
US9026851066;A3CYXY;AKTIE;Ja;UDEMY INC.
US9027881088;900421;AKTIE;Ja;UMB FINL CORP. DL 1
US90278Q1085;A2P4EB;AKTIE;Ja;UFP INDS INC.
US90291W1080;A3D7H8;AKTIE;Ja;US GOLDMINING INC.
US9029733048;917523;AKTIE;Ja;U.S. BANCORP DL-,01
US9030021037;A0JNGE;AKTIE;Ja;UMH PROPERTIES INC.DL-,10
US90328M1071;923145;AKTIE;Ja;USANA HEALTH
US90337L1089;923954;AKTIE;Ja;US PHYSIC.THERAPY DL-,01
US90348R1023;A0YG0X;AKTIE;Ja;UBISOFT ENTMT ADR 1/5
US90353T1007;A2PHHG;AKTIE;Ja;UBER TECH. DL-,00001
US90364P1057;A3CND6;AKTIE;Ja;UIPATH INC. A DL-,00001
US9037311076;A3EX9W;AKTIE;Ja;UL SOLUTIONS CL.A DL -,01
US90384S3031;A0M240;AKTIE;Ja;ULTA BEAUTY DL-,01
US90385V1070;A0B9LA;AKTIE;Ja;ULTRA CLEAN HLDGS DL-,001
US9038991025;888615;AKTIE;Ja;ULTRALIFE CORP. DL -,10
US90400D1081;A1XCY0;AKTIE;Ja;ULTRAGENYX PHARM. DL-,001
US90400P1012;928325;AKTIE;Ja;ULTRAPAR PART. PFD ADR 1
US90420M1045;A14WZZ;AKTIE;Ja;UMICORE S.A UNSP.ADR 1/4
US9043111072;A0HL4V;AKTIE;Ja;UNDER ARMOUR A DL-,000333
US9043112062;A2AF8T;AKTIE;Ja;UNDER ARMOUR C DL-,000333
US9046784065;A2PAMZ;AKTIE;Ja;UNICREDIT S.P.A. ADR
US9047677045;854342;AKTIE;Ja;UNILEVER ADR/1 LS-,031111
US9078181081;858144;AKTIE;Ja;UNION PAC. DL 2,50
US9092143067;A0YCM4;AKTIE;Ja;UNISYS CORP. NEW DL-,01
US9099071071;923128;AKTIE;Ja;UTD BANKSHS INC. DL 2,50
US9100471096;A1C6TV;AKTIE;Ja;UTD AIRLINES HLDGS DL-,01
US9107101027;A1KAG3;AKTIE;Ja;AMERICAN COASTAL DL-,0001
US9108734057;A0M2R4;AKTIE;Ja;UTD MICROELECTR.ADR NEW/5
US9111631035;903615;AKTIE;Ja;UTD NATURAL FOODS DL-,01
US9113121068;929198;AKTIE;Ja;UNITED PARCEL SE.B DL-01
US9113631090;911443;AKTIE;Ja;UNITED RENTALS INC.DL-,01
US9116841084;875189;AKTIE;Ja;UNITED STATES CELL. DL 1
US9118053076;A2PXV6;AKTIE;Ja;U.S. EN. CORP. DL-,01
US9119221029;923585;AKTIE;Ja;US LIME+MINER.INC. DL-,01
US9120081099;A2AHWK;AKTIE;Ja;US FOODS HLDG CORP DL-,01
US9129091081;529498;AKTIE;Ja;UNITED STATES STEEL DL 1
US91307C1027;923818;AKTIE;Ja;UTD THERAP. (DEL.) DL-,01
US91311E1029;A0Q7HW;AKTIE;Ja;UNITED UTILITIES GP ADR/2
US91324P1021;869561;AKTIE;Ja;UNITEDHEALTH GROUP DL-,01
US91325V1089;A2DMKY;AKTIE;Ja;UNITI GROUP INC. DL-,0001
US91332U1016;A2QCFX;AKTIE;Ja;UNITY SOFTWARE DL-,000005
US9134561094;859669;AKTIE;Ja;UNIVERSAL CORP.
US9134831034;885793;AKTIE;Ja;UNIVERSAL EL. DL-,01
US91359E1055;985290;AKTIE;Ja;UNIVERSAL HEALTH RLTY SBI
US91359V1070;911236;AKTIE;Ja;UNIV.INS.HLD DL-,01
US91377B1098;A3DE6H;AKTIE;Ja;UNIV.MUSIC GRP.ADR/0,50
US91381U2006;A3DWPU;AKTIE;Ja;UNITY BIOTECHN. DL-,0001
US9139031002;866462;AKTIE;Ja;UNIV. HEALTH SERV.B DL-01
US9139151040;590097;AKTIE;Ja;UNIVERSAL TECHN. DL-,0001
US91529Y1064;872055;AKTIE;Ja;UNUM GROUP DL-,10
US91531W1062;A2PFTG;AKTIE;Ja;UP FINT. HLDG (SP.ADR) A
US91532B2007;A3D2SZ;AKTIE;Ja;UPHEALTH INC
US91544A1097;A12EHS;AKTIE;Ja;UPLAND SOFTWARE DL-,0001
US91680M1071;A2QJL7;AKTIE;Ja;UPSTART HOLDINGS DL-,0001
US91688F1049;A2N5QE;AKTIE;Ja;UPWORK INC.
US9168961038;A0JDRR;AKTIE;Ja;URANIUM ENERGY DL-,001
US9170471026;888903;AKTIE;Ja;URBAN OUTFITTERS DL-,0001
US91705J1051;A2DRLB;AKTIE;Ja;URBAN ONE INC. A
US91705J2042;A2DRLC;AKTIE;Ja;URBAN ONE INC. D N-VTG
US9182041080;857621;AKTIE;Ja;V.F. CORP.
US9182841000;868172;AKTIE;Ja;VSE CORP. DL-,05
US91829B1035;A1JGTZ;AKTIE;Ja;VOC ENERGY TR. UTS DL-,01
US91851C2017;883016;AKTIE;Ja;VAALCO EN. INC. DL-,10
US91864C1071;A3CN5Q;AKTIE;Ja;BARINTHUS BIO (SP.ADR)/1
US91879Q1094;905285;AKTIE;Ja;VAIL RESORTS INC. DL-,01
US91912E1055;A0RN7M;AKTIE;Ja;VALE S.A. ADR 1
US9191343048;920918;AKTIE;Ja;VALEO SE ADR 1/2/EO 3
US91913Y1001;908683;AKTIE;Ja;VALERO ENERGY CORP.DL-,01
US9197941076;874148;AKTIE;Ja;VALLEY NATL BANCORP
US9202531011;858096;AKTIE;Ja;VALMONT IND. INC. DL 1
US92025Y1038;A3CPD1;AKTIE;Ja;VALNEVA SE SP.ADS/2
US92047W1018;A2ARFC;AKTIE;Ja;VALVOLINE INC. DL-,01
US9216591084;A0JJT3;AKTIE;Ja;VANDA PHARMAC.INC.DL-,001
US9221073052;A3ESZ4;AKTIE;Ja;VAPOTHERM INC. COM NEW
US92214X1063;A2DKK2;AKTIE;Ja;VAREX IMAGING CORP DL-,01
US9222801022;A1XELT;AKTIE;Ja;VARONIS SYSTEMS DL-,001
US9224171002;896007;AKTIE;Ja;VEECO INSTRUMENTS DL-,01
US92243F1003;A3C7H2;AKTIE;Ja;VAT GROUP AG UNSP.ADR 10
US92243G1085;A2P6R6;AKTIE;Ja;VAXCYTE INC. DL -,001
US9224751084;A1W5SA;AKTIE;Ja;VEEVA SYSTEMS A DL-,00001
US92276F1003;878380;AKTIE;Ja;VENTAS INC. DL-,25
US92333F1012;A40ZNX;AKTIE;Ja;VENTURE GLOBAL A O.N.
US92334N1037;484206;AKTIE;Ja;VEOLIA ENVIRON.ADR EO13,5
US92335C1062;A1C7RU;AKTIE;Ja;VERA BRADLEY INC. DL-,01
US92336Y1073;A1C0VY;AKTIE;Ja;VERBUND AG ADR 1/5/O.N.
US92337C2035;A3EHM3;AKTIE;Ja;VERASTEM INC. NEW
US92337F1075;A1W7EA;AKTIE;Ja;VERACYTE INC. DL-,001
US92338C1036;A3ES7Q;AKTIE;Ja;VERALTO CORP.
US92343E1029;911090;AKTIE;Ja;VERISIGN INC. DL-,001
US92343V1044;868402;AKTIE;Ja;VERIZON COMM. INC. DL-,10
US92343X1000;541561;AKTIE;Ja;VERINT SYSTEMS INC DL-001
US92345Y1064;A0YA2M;AKTIE;Ja;VERISK ANALYTICS DL-001
US92346J1088;A12FU4;AKTIE;Ja;VERICEL CORP.
US92346X2062;A2P66U;AKTIE;Ja;VERIFYME INC.
US92347M1009;A2DR5Y;AKTIE;Ja;VERITONE INC DL-,001
US9250501064;A2N39N;AKTIE;Ja;VERONA PHARMA SP.ADR 8
US92511U1025;A2N7W1;AKTIE;Ja;VERRA MOBILITY A DL-,0001
US92511W1080;A2JPEV;AKTIE;Ja;VERRICA PHARMAC. DL-,0001
US92532F1003;882807;AKTIE;Ja;VERTEX PHARMAC. DL-,01
US92536C1036;A2DV3C;AKTIE;Ja;VERU INC. DL-,01
US92537N1081;A2PZ5A;AKTIE;Ja;VERTIV HOL.CL A DL-,0001
US92538J1060;A2P93F;AKTIE;Ja;VERTEX INC. A -,001
US9254581013;A0MRJJ;AKTIE;Ja;VESTAS WIND ADR 1/3/DK 1
US92552R4065;A0B6NE;AKTIE;Ja;PURSUIT ATT.+HOSP.DL 1,50
US92552V1008;908189;AKTIE;Ja;VIASAT INC. DL-,0001
US9255501051;A14XLZ;AKTIE;Ja;VIAVI SOLUTIONS DL-,001
US92556H1077;A2PUZ2;AKTIE;Ja;PARAMOUNT GLOBAL CL.A
US92556H2067;A2PUZ3;AKTIE;Ja;PARAMOUNT GLOB. B DL-,001
US92556V1061;A2QAME;AKTIE;Ja;VIATRIS INC. O.N.
US9256521090;A2H5U8;AKTIE;Ja;VICI PROPERTIES DL -,01
US9258151029;881341;AKTIE;Ja;VICOR CORP. DL-,01
US9264001028;A3CU0R;AKTIE;Ja;VICTORIAS SECRECT DL -,01
US92645B1035;A2JDX0;AKTIE;Ja;VICTORY CAP. CL.A DL-,01
US92686J1060;A12GD6;AKTIE;Ja;VIKING THERAPEUT.DL -,005
US9271074091;923152;AKTIE;Ja;VILLAGE SUPER MARKET, INC
US92719V1008;A3CQ1L;AKTIE;Ja;VIMEO INC. DL-,01
US92763W1036;A1JVJQ;AKTIE;Ja;VIPSHOP HLDGS LTD S.ADR/2
US92765F1084;A2QQRS;AKTIE;Ja;VIRACTA THERAP.I.DL-,0001
US92766K4031;A40EFX;AKTIE;Ja;VIRGIN GAL.HLDGS NEW O.N.
US92790C1045;A2QMUH;AKTIE;Ja;VIRIDIAN THERAPEUTICS
US9279591062;A3EYBR;AKTIE;Ja;VIPER ENERGY I.A 0,000001
US9282541013;A14RHF;AKTIE;Ja;VIRTU FINANC.A DL-,00001
US92826C8394;A0NC7B;AKTIE;Ja;VISA INC. CL. A DL -,0001
US92828Q1094;A0RK8G;AKTIE;Ja;VIRTUS INV.PARTN. DL-,01
US9282981086;861320;AKTIE;Ja;VISHAY INTERTECH. DL-,10
US92837L1098;A2PPAS;AKTIE;Ja;VISTA ENERGY 1 A ADR/1
US92838Y1001;A2QNS1;AKTIE;Ja;VTSAGI A.I.+T.O.DL-,00001
US92839U2069;A1C6VY;AKTIE;Ja;VISTEON CORP.NEW DL-,01
US92840M1027;A2DJE5;AKTIE;Ja;VISTRA CORP. DL-,01
US92846Q1076;A3C53H;AKTIE;Ja;THE VITA COCO CO.INC.-,01
US92847W1036;A2QAN3;AKTIE;Ja;VITAL FARMS INC. DL-,0001
US92852T2015;A1JTB7;AKTIE;Ja;VIVENDI UNSPON.ARD EO 5,5
US92854B1098;A3DTRX;AKTIE;Ja;VIVANI MED.INC. NEW O.N.
US9285781038;A0RBJY;AKTIE;Ja;VOESTALPINE ADR 1/5/O.N.
US92857W3088;A1XD9Z;AKTIE;Ja;VODAFONE GRP ADR NEW/10
US9286625010;A2NB2Z;AKTIE;Ja;VOLKSWAGEN AG VZ ADR1/10
US9286626000;A2NB2Y;AKTIE;Ja;VOLKSWAGEN ADR 1/10/O.N.
US9288541082;A2APYE;AKTIE;Ja;VOLVO B (FRIA) UNSP.ADR
US92887H1077;A143UW;AKTIE;Ja;VONOVIA SE ADR 1/2/O.N
US9288811014;A2P0AJ;AKTIE;Ja;VONTIER CORP. DL -,0001
US9290891004;A110V5;AKTIE;Ja;VOYA FINANCIAL INC.DL-,01
US92915B1061;A143XJ;AKTIE;Ja;VOYAGER THERAP. DL -,001
US9291601097;855854;AKTIE;Ja;VULCAN MATERIALS CO DL 1
US92921W3007;A1KCVK;AKTIE;Ja;VUZIX CORP. NEW
US92922P1066;A0B5ZU;AKTIE;Ja;W+T OFFSHORE INC.DL-00001
US9292361071;878588;AKTIE;Ja;WD-40 CO. DL -,001
US92936U1097;A1J5SB;AKTIE;Ja;W.P. CAREY INC. DL-,01
US92937A1025;A1KA87;AKTIE;Ja;WPP PLC ADR 5
US92939U1060;A14V4V;AKTIE;Ja;WEC ENERGY GRP DL 10
US92942W1071;A3ES80;AKTIE;Ja;W.K. KELLOGG CO. DL-,0001
US9295661071;883541;AKTIE;Ja;WABASH NATL CORP. DL-,01
US9297401088;896022;AKTIE;Ja;WESTINGH.AI.BR.T. DL-,01
US9311421039;860853;AKTIE;Ja;WALMART DL-,10
US9314271084;A12HJF;AKTIE;Ja;WALGREENS BOOTS AL.DL-,01
US9344231041;A3DJQZ;AKTIE;Ja;WB DISCOVERY SER.A DL-,01
US9345502036;A2P0W9;AKTIE;Ja;WARNER MUSIC GRP CORP.CLA
US93627C1018;A2DN7L;AKTIE;Ja;WARRIOR MET COAL DL -,01
US94106L1098;893579;AKTIE;Ja;WASTE MANAGEMENT
US94132V1052;A3CPCZ;AKTIE;Ja;WATERDROP INC.ADS/10 CL.A
US9418481035;898123;AKTIE;Ja;WATERS CORP. DL-,01
US94188P1012;A1XCHS;AKTIE;Ja;WATERSTONE FINL (MD.)
US9426222009;885676;AKTIE;Ja;WATSCO INC. A DL-,50
US9427491025;876388;AKTIE;Ja;WATTS WATER TEC. A DL-,10
US94419L1017;A12AKN;AKTIE;Ja;WAYFAIR INC. CL.A DL -001
US9467601053;A0KFCZ;AKTIE;Ja;CLIMB GLOBAL SOLU. DL-01
US9478901096;895305;AKTIE;Ja;WEBSTER FINL CORP. DL-,01
US9485961018;A110V7;AKTIE;Ja;WEIBO SP.ADR A 1 DL-00025
US9497461015;857949;AKTIE;Ja;WELLS FARGO + CO.DL 1,666
US95040Q1040;A1409D;AKTIE;Ja;WELLTOWER INC. DL 1
US95058W1009;A1JB8H;AKTIE;Ja;THE WENDY'S CO. A DL-,10
US9507551086;871329;AKTIE;Ja;WERNER ENTERPR. DL -,01
US95082P1057;922305;AKTIE;Ja;WESCO INTL INC. DL-,01
US9553061055;864330;AKTIE;Ja;WEST PHARM.SVCS DL-,25
US9576381092;A0ETE2;AKTIE;Ja;WESTERN ALLIANCE BANC.
US9581021055;863060;AKTIE;Ja;WESTN DIGITAL DL-,01
US9598021098;A0LA17;AKTIE;Ja;WESTERN UNION CO. DL-,01
US9604131022;A0B7ET;AKTIE;Ja;WESTLAKE CORP DL-,01
US96145W1036;A3DMVZ;AKTIE;Ja;WESTROCK COFFEE CL.A
US9616842061;A2PG8A;AKTIE;Ja;WESTWATER RES DL-,001
US96208T1043;A1J7A6;AKTIE;Ja;WEX INC. DL -,01
US9621661043;854357;AKTIE;Ja;WEYERHAEUSER CO. DL 1,25
US9633201069;856331;AKTIE;Ja;WHIRLPOOL CORP. DL 1
US96524V1061;A1KA6L;AKTIE;Ja;WHITEHORS.FIN.INC.DL-,001
US96758W1018;A2DSG5;AKTIE;Ja;WIDEOPENWEST INC DL -,01
US9675902095;A2QEMU;AKTIE;Ja;WIDEPOINT
US9676621074;675228;AKTIE;Ja;WIENERBERGER ADR 1/5/O.N.
US9682232064;909878;AKTIE;Ja;WILEY(JOHN)+SONS A DL 1
US96924N1000;A0LB1U;AKTIE;Ja;WILLDAN GROUP INC. DL-,01
US9694571004;855451;AKTIE;Ja;WILLIAMS COS INC. DL 1
US9699041011;867980;AKTIE;Ja;WILLIAMS-SONOMA INC.DL-01
US9713781048;A2P8AW;AKTIE;Ja;WILLSCOT HOLDINGS DL-,01
US9741551033;A14UYK;AKTIE;Ja;WINGSTOP INC. DL-,01
US9746371007;857479;AKTIE;Ja;WINNEBAGO IND. DL-,50
US97651M1099;578886;AKTIE;Ja;WIPRO LTD ADR /1 IR 2
US97717P1049;A0F61X;AKTIE;Ja;WISDOMTREE INC. DL-,01
US97727L4086;A3EN5P;AKTIE;Ja;WISEKEY INT.H.ADR NEW 0,5
US9778521024;A3C4QG;AKTIE;Ja;WOLFSPEED INC. DL-,00125
US9780971035;855987;AKTIE;Ja;WOLVERINE WORLD WIDE DL1
US9802283088;867328;AKTIE;Ja;WOODSIDE ENE. SP.ADR 1
US9807451037;919406;AKTIE;Ja;WOODWARD INC. DL-,001455
US98088R5054;A0LBBU;AKTIE;Ja;WOOLWORTHS HDGS GDR
US98138H1014;A1J39P;AKTIE;Ja;WORKDAY INC.CL.A DL-,001
US98138J4040;A4137P;AKTIE;Ja;WORKHORSE GRP NEW DL-,001
US98139A1051;A12GL6;AKTIE;Ja;WORKIVA INC. A DL-,001
US9814191048;892493;AKTIE;Ja;WORLD ACCEPTANCE
US98161H1014;A2QRDL;AKTIE;Ja;WORLDLINE S.A. UNSP.ADR
US98161Q1013;A1J5B6;AKTIE;Ja;WORLEY LTD. UNSP. ADRS 1
US9818111026;870882;AKTIE;Ja;WORTHINGTON ENTP
US9821041012;A3EYZG;AKTIE;Ja;WORTHINGTON STEEL
US98260N1081;A2PQ3Q;AKTIE;Ja;WUXI BIOLOGICS UNSP.ADR/2
US98311A1051;A2JL3S;AKTIE;Ja;WYNDHAM HT + RSTS INC.
US9831341071;663244;AKTIE;Ja;WYNN RESORTS LTD DL-,01
US9837931008;A1JHUP;AKTIE;Ja;XPO INC. DL -,001
US98379L1008;A2PN36;AKTIE;Ja;XPEL INC.
US9837FR2091;A3EUT8;AKTIE;Ja;SPRUCE POWER HOLDING CORP
US98386D3070;A2DK34;AKTIE;Ja;XTL BIOPHARMA. ADR 100
US98389B1008;855009;AKTIE;Ja;XCEL ENERGY DL 2,50
US9840156023;A3EFQB;AKTIE;Ja;XENETIC BIOSCIE DL-,001
US98401F1057;A1W96L;AKTIE;Ja;XENCOR INC. DL-,01
US98417P2048;A3DZ0Q;AKTIE;Ja;XINYUAN REAL ESTATE ADR20
US98419E1082;A1JJL2;AKTIE;Ja;XUNLEI LTD SP.ADR CL.A/3
US98419J2069;A2ATUH;AKTIE;Ja;XOMA ROYALTY DL -,0005
US98419M1009;A1JMBU;AKTIE;Ja;XYLEM INC. DL-,01
US98420P3082;A2JDJS;AKTIE;Ja;XTANT MEDICAL HLDGS
US98420U8027;A3EVZ8;AKTIE;Ja;XWELL INC.
US98420X2027;A3E4QR;AKTIE;Nein;X4 PHARMACEUTICALS NEW
US98421F1012;A2QJHZ;AKTIE;Ja;XINYI SOLAR UNSP.ADR/20
US98421M1062;A2PPE1;AKTIE;Ja;XEROX HLDGS CORP. DL 1
US98421U1088;A2N52M;AKTIE;Ja;XIAOMI CORP. UNSP.ADR/ 5
US98422D1054;A2QBX7;AKTIE;Ja;XPENG INC. SP.ADS/2 CL.A
US98422E1038;A3C4ZC;AKTIE;Ja;XERIS BIOPH.HOL. DL-,0001
US98422P1084;A2QLR3;AKTIE;Ja;AKSO HEALTH GR. (SPADR)/3
US98423B3069;A3E3XV;AKTIE;Nein;XOS INC. A DL-,0001
US98423F1093;A3CTJB;AKTIE;Ja;XOMETRY INC.CL.A -,000001
US98423K4058;A40S33;AKTIE;Nein;XTI AEROSPACE INC. NEW
US9842451000;886738;AKTIE;Ja;YPF D AP 10 SP.ADR/1 AP10
US98459U1034;A2QDY5;AKTIE;Ja;YALLA GROUP SP.ADS/1 CL.A
US9846271099;A0YKJK;AKTIE;Ja;YAMAHA CORP.SP.ADR/1 O.N.
US9848461052;913195;AKTIE;Ja;YANKUANG ENER.GR.H ADR/10
US9848512045;A0B9TA;AKTIE;Ja;YARA INTL ASA ADR NK1,70
US9858171054;A1JQ9H;AKTIE;Ja;YELP INC. DL-,000001
US98585L1008;A2AC13;AKTIE;Ja;YIREN DIG. ADR/2 DL-,0001
US98585N1063;A2DNPH;AKTIE;Ja;YEXT INC. DL 0,001
US98585X1046;A2N7XR;AKTIE;Ja;YETI HOLDINGS INC DL-,01
US9871841089;603050;AKTIE;Ja;YORK WATER CO.
US9884151054;A0YGS2;AKTIE;Ja;YUE YUEN IND. HLDGS ADR/5
US9884981013;909190;AKTIE;Ja;YUM BRANDS
US98850P1093;A2ARTP;AKTIE;Ja;YUM CHINA HLDGS DL-,01
US98887L1052;ZAL1AD;AKTIE;Ja;ZALANDO SE UNSP.ADR /2
US98887Q1040;A2DX1V;AKTIE;Ja;ZAI LAB LTD ADR/10
US98888T1079;A3DEW4;AKTIE;Ja;ZIMVIE INC. DL -,01
US9892071054;882578;AKTIE;Ja;ZEBRA TECH. A DL-,01
US98923T1043;A2AJ7X;AKTIE;Ja;ZEDGE INC. CL.B DL-,01
US98954M1018;A14NX6;AKTIE;Ja;ZILLOW GROUP DL-,01
US98954M2008;A14XZY;AKTIE;Ja;ZILLOW GROUP C CAP.DL-,01
US98956A1051;A3CR1U;AKTIE;Ja;ZETA GLOBAL HLD.A DL-,001
US98956P1021;753718;AKTIE;Ja;ZIMMER BIOMET HLDGS DL-01
US9896961094;A0MX1U;AKTIE;Ja;ZION OIL + GAS INC.DL-,01
US9897011071;856942;AKTIE;Ja;ZIONS BANCORPORATION N.A.
US98978V1035;A1KBYX;AKTIE;Ja;ZOETIS INC. CL.A DL -,01
US98980A1051;A2DFZG;AKTIE;Ja;ZTO EXPR.(KY)ADR A0,0001
US98980B1035;A3CQ3L;AKTIE;Ja;ZIPRECRUITER CL.A -,00001
US98980F1049;A2P5HE;AKTIE;Ja;ZOOMINFO TECHNS DL-,01
US98980G1022;A2JF28;AKTIE;Ja;ZSCALER INC. DL-,001
US98980L1017;A2PGJ2;AKTIE;Ja;ZOOM COMMUNIC. A DL -,001
US9898171015;A0EATL;AKTIE;Ja;ZUMIEZ INC.
US9898251049;A1JWRL;AKTIE;Ja;ZURICH INS.ADR 1/20/SF-,1
US98983L1089;A3C4XJ;AKTIE;Ja;ZURN ELKAY WATER DL-,01
US98985Y1082;A3DSSN;AKTIE;Ja;ZYMEWORKS DL-,00001
USN070451026;A0X96X;AKTIE;Ja;ASM INTL N.V. NY/1 EO-,04
USN070592100;A1J85V;AKTIE;Ja;ASML HOLDING NY EO-,09
USU0858L1036;A3C6HX;AKTIE;Ja;DEVOLVER DIGITAL DL-,0001
USU7744C1063;A2H7ZP;AKTIE;Ja;BOKU INC. REG S DL-,0001
USY5217N1183;895354;AKTIE;Ja;LARSEN+TOUBRO GDR/1 IR 2
USY541641194;899481;AKTIE;Ja;MAHINDRA+MAHIN.GDR/REG.S
VGG0056A1030;A3DXHC;AKTIE;Ja;ACG METALS LTD. CL.A
VGG0457F1071;A1H9NG;AKTIE;Ja;ARCOS DORADOS HLDGS IND.A
VGG0542G1028;A2P67T;AKTIE;Ja;ASIAINFO TECH.LTD HD
VGG069731120;A2PBMB;AKTIE;Ja;AURA MINERALS INC. O.N.
VGG1144D1336;A3ES89;AKTIE;Nein;BIT BROTHER LTD. CL. A
VGG1890L1076;A2PBDX;AKTIE;Ja;CAPRI HOLDINGS LTD
VGG2161P1577;A411L7;AKTIE;Nein;CHINA SXT PHARM. NEW O.N.
VGG225641015;A2ACHP;AKTIE;Ja;COINSILIUM GROUP LTD
VGG2662B1031;A40755;AKTIE;Ja;CRITICAL METALS DL-,0001
VGG312491084;A2JRE4;AKTIE;Ja;ESTABLISHMENT LABS HLDGS
VGG320891077;A3DNR9;AKTIE;Nein;ETORO GROUP LTD.
VGG4001R1047;A40QYV;AKTIE;Ja;GOLDMONEY INC.
VGG4392T1075;A2QHPL;AKTIE;Ja;HELIUM ONE GLOBAL LTD.
VGG6483G2099;A41BEF;AKTIE;Nein;NEWEGG COMMER. DL-,43696
VGG6564A1057;A112D1;AKTIE;Ja;NOMAD FOODS (DI) (WI)
VGG794831062;A3EGAN;AKTIE;Ja;SEALSQ CORP. DL-,01
VGG866591024;A0MWX0;AKTIE;Ja;TALON METALS CORP.
VGG885761301;A40PUW;AKTIE;Ja;AGILITY CAPITAL HOLDING
XS2115336336;A279KU;ETC;Nein;The Royal Mint Responsibly Source Physical Gold ETC
XS2284324667;A3GPDV;ETC;Nein;WisdomTree Energy Enhanced - EUR Daily Hedged ETC
XS2353177293;A3GSS6;ETC;Ja;SparkChange Physical Carbon EUA ETC
XS2425842106;A3GWVT;ETC;Ja;WisdomTree Battery Metals ETC
XS2425848053;A3GWVP;ETC;Ja;WisdomTree Energy Transition Metals ETC
XS2427363036;A3GWVS;ETF;Nein;WisdomTree STOXX Europe Travel & Leisure 2x Daily Leveraged
XS2427363895;A3GWVR;ETF;Nein;WisdomTree STOXX Europe Automobiles 2x Daily Leveraged
XS2427474023;A3GWVN;ETF;Nein;WisdomTree STOXX Europe Oil & Gas 2x Daily Short
XS2437455608;A3GXB6;ETF;Nein;WisdomTree STOXX Europe Travel & Leisure 2x Daily Short
XS2637076568;A3G6MK;ETF;Nein;WisdomTree EURO STOXX Banks 3x Daily Short
XS2637077020;A3G6ML;ETF;Nein;WisdomTree CAC 40 3x Daily Leveraged
XS2637077533;A3G6MJ;ETF;Nein;WisdomTree CAC 40 3x Daily Short
XS2771502718;A4AFDV;ETF;Nein;WisdomTree EURO STOXX 50 5x Daily Short
XS2771503104;A4AFDX;ETF;Nein;WisdomTree EURO STOXX 50 5x Daily Leveraged
XS2771611840;A4AFDZ;ETF;Nein;WisdomTree Qs100 5x Daily Short
XS2771642134;A4AFDW;ETF;Nein;WisdomTree Qs100 5x Daily Leveraged
XS2771642308;A4AFD0;ETF;Nein;WisdomTree S&P 500 5x Daily Short
XS2771643025;A4AFDY;ETF;Nein;WisdomTree S&P 500 5x Daily Leveraged
XS2819843223;A4AGVY;ETC;Nein;WisdomTree Natural Gas 3x Daily Short - USD ETP/ETC
XS2819843736;A4AGVZ;ETF;Nein;WisdomTree S&P 500 VIX Short-Term Futures 2.25x Daily Leveraged ETP
XS2819843900;A4AGV1;ETC;Nein;WisdomTree Natural Gas 3x Daily Leveraged - USD ACC ETP/ETC
XS2819844387;A4AGV3;ETC;Nein;WisdomTree WTI Crude Oil 3x Daily Short - USD ACC ETP/ETC
XS2872232850;A4AH28;ETF;Nein;WisdomTree STOXX Europe Aerospace & Defence 3x Daily Leveraged ETF
XS2872233403;A4AH3A;ETC;Nein;WisdomTree European Natural Gas ETC
XS2892963286;A4A52G;ETC;Ja;The Royal Mint Responsibly Sourced Physical Gold EUR Hedged ETC Securities
XS2937253651;A4A5U0;ETC;Ja;HANETF 2x Long Bitcoin ETP/ETC
XS2937253735;A4A5V0;ETC;Ja;HANETF 2x Long Ethereum ETP/ETC
XS2937253818;A4A5UR;ETC;Ja;Sprott Physical Uranium ETC
XS2940466316;A4A59K;ETC;Ja;iShares Bitcoin ETP - USD DIS ETP/ETC
XS2948761114;A4A5VZ;ETC;Ja;HANETF 2x Short Bitcoin ETP/ETC
XS3003323741;A4A5UY;ETF;Nein;WisdomTree STOXX Europe Aerospace & Defence 3x Daily Short ETF
XS3022291473;A4A5X2;ETC;Nein;WisdomTree Enhanced Commodity Carry ETP/ETC
ZAE000000220;863727;AKTIE;Ja;AECI LTD RC 1
ZAE000004875;864784;AKTIE;Ja;NEDBANK GROUP LTD. RC 1
ZAE000005153;865971;AKTIE;Ja;OMNIA HLDGS LTD O.N.
ZAE000006284;860275;AKTIE;Ja;SAPPI LTD RC 1
ZAE000006896;865164;AKTIE;Ja;SASOL LTD
ZAE000012084;853202;AKTIE;Ja;SHOPRITE HLD LTD RC 1,134
ZAE000013181;856547;AKTIE;Ja;VALTERRA PLATINUM RC-,10
ZAE000015228;851267;AKTIE;Ja;HARMONY GOLD MNG RC-,50
ZAE000018123;856777;AKTIE;Ja;GOLD FIELDS LTD RC-,50
ZAE000022331;338558;AKTIE;Ja;DISCOVERY LTD. RC -,001
ZAE000025284;865770;AKTIE;Ja;OCEANA GRP RC-,001
ZAE000026639;854646;AKTIE;Ja;BARLOWORLD RC-,05
ZAE000028296;914428;AKTIE;Ja;TRUWORTHS INTL RC-,00015
ZAE000042164;897024;AKTIE;Ja;MTN GROUP LTD. RC-,0001
ZAE000044897;213719;AKTIE;Ja;TELKOM SA SOC RC 10
ZAE000049433;784554;AKTIE;Ja;AVI LTD RC-,05
ZAE000054045;A0CAQD;AKTIE;Ja;AFRICAN RAINB.MINL.RC-,05
ZAE000058723;A0DNR0;AKTIE;Ja;DRDGOLD LTD
ZAE000063863;A0D9CN;AKTIE;Ja;WOOLWORTHS H. NEW O.N.
ZAE000066304;A0EACV;AKTIE;Ja;FIRSTRAND LTD RC-,01
ZAE000066692;A0ET80;AKTIE;Ja;ASPEN PHARMACARE H. NEW
ZAE000070660;A0HGK5;AKTIE;Ja;SANLAM LTD. RC-,01
ZAE000071080;A0F69Z;AKTIE;Ja;TIGER BRANDS RC-,10
ZAE000081949;A0KEQC;AKTIE;Ja;INVESTEC LTD RC-,0002
ZAE000083648;A0KFSB;AKTIE;Ja;IMPALA PLATINUM O.N.
ZAE000084992;A0LETJ;AKTIE;Ja;EXXARO RES LTD RC 0,01
ZAE000085346;A0LC6R;AKTIE;Ja;KUMBA IRON ORE LTD RC -01
ZAE000109088;A0M6T4;AKTIE;Ja;BLUE LABEL TELE.RC-000001
ZAE000109815;A0NEF6;AKTIE;Ja;STD BK GRP RC -,10
ZAE000117321;A0MV5A;AKTIE;Ja;BIDVEST GROUP LTD. RC-,05
ZAE000132577;A0RM1C;AKTIE;Ja;VODACOM GROUP LTD.
ZAE000134854;A0RPRJ;AKTIE;Ja;CLICKS GROUP LTD RC-,01
ZAE000134961;A0RNR0;AKTIE;Ja;ARCELORMITTAL STH AFRICA
ZAE000145892;A1CZC2;AKTIE;Ja;LIFE HEALTHCARE GR.HLDGS
ZAE000171963;A1KBHN;AKTIE;Ja;KAP LTD. RC -,20
ZAE000179420;A1W3J7;AKTIE;Ja;GROWTHPOINT PPTYS
ZAE000190252;A12ABB;AKTIE;Ja;REDEFINE PROP.
ZAE000200457;A141J4;AKTIE;Ja;MR. PRICE GROUP RC -,025
ZAE000202610;A2QLAY;AKTIE;Ja;RENERGEN LTD
ZAE000255360;A2JMUN;AKTIE;Ja;OLD MUTUAL LTD.
ZAE000255915;A2JE9V;AKTIE;Ja;ABSA GROUP LTD. RC 2
ZAE000259479;A2JPBS;AKTIE;Ja;PEPKOR LTD.
ZAE000259701;A2PWVQ;AKTIE;Ja;SIBANYE STILLWATER LTD.
ZAE000265971;A2PD0F;AKTIE;Ja;MULTICHOICE GRP RC-,02
ZAE000273116;A2PNRB;AKTIE;Ja;TSOGO SUN LTD. RC -,02
ZAE000296554;A3CL8X;AKTIE;Ja;THUNGELA RESOURCES
ZAE000298253;A3CS7L;AKTIE;Ja;NORTHAM PLATINUM HOLDINGS
ZAE000302618;A3C9WA;AKTIE;Ja;AVENG LTD. RC 25
ZAE000315768;A3D2P5;AKTIE;Ja;ZEDA LTD RC-,05
ZAE000325783;A3EJLA;AKTIE;Ja;NASPERS LTD. N RC 100
